"Min,Max,Modal Price from Maharashtra,Beed[Wheat],Beed from 01-Jan-2010To25-Oct-2020 (Total-1403) (Total-1403)",,,,,,,,,
Sl no.,District Name,Market Name,Commodity,Variety,Grade,Min Price (Rs./Quintal),Max Price (Rs./Quintal),Modal Price (Rs./Quintal),Price Date
1,Beed,Beed,Wheat,Other,FAQ,1370,1531,1420,14-Oct-20
2,Beed,Beed,Wheat,Other,FAQ,1300,1400,1350,13-Oct-20
3,Beed,Beed,Wheat,Other,FAQ,1300,1550,1400,10-Oct-20
4,Beed,Beed,Wheat,Other,FAQ,1500,1811,1501,9-Oct-20
5,Beed,Beed,Wheat,Other,FAQ,1400,1900,1475,8-Oct-20
6,Beed,Beed,Wheat,Other,FAQ,1590,2101,1600,7-Oct-20
7,Beed,Beed,Wheat,Other,FAQ,1450,1675,1475,6-Oct-20
8,Beed,Beed,Wheat,Other,FAQ,1400,1700,1461,5-Oct-20
9,Beed,Beed,Wheat,Other,FAQ,1330,1500,1400,3-Oct-20
10,Beed,Beed,Wheat,Other,FAQ,1400,1530,1441,29-Sep-20
11,Beed,Beed,Wheat,Other,FAQ,1405,1700,1530,28-Sep-20
12,Beed,Beed,Wheat,Other,FAQ,1350,1960,1700,26-Sep-20
13,Beed,Beed,Wheat,Other,FAQ,1351,1416,1410,25-Sep-20
14,Beed,Beed,Wheat,Other,FAQ,1250,1820,1400,24-Sep-20
15,Beed,Beed,Wheat,Other,FAQ,1325,1901,1901,23-Sep-20
16,Beed,Beed,Wheat,Other,FAQ,1302,1720,1401,22-Sep-20
17,Beed,Beed,Wheat,Other,FAQ,1400,1970,1595,21-Sep-20
18,Beed,Beed,Wheat,Other,FAQ,1600,1600,1600,19-Sep-20
19,Beed,Beed,Wheat,Other,FAQ,1410,1427,1427,18-Sep-20
20,Beed,Beed,Wheat,Other,FAQ,1000,1660,1350,16-Sep-20
21,Beed,Beed,Wheat,Other,FAQ,1450,1900,1600,15-Sep-20
22,Beed,Beed,Wheat,Other,FAQ,1400,1700,1550,14-Sep-20
23,Beed,Beed,Wheat,Other,FAQ,1400,1680,1501,12-Sep-20
24,Beed,Beed,Wheat,Other,FAQ,1450,2200,1900,11-Sep-20
25,Beed,Beed,Wheat,Other,FAQ,1400,1411,1400,10-Sep-20
26,Beed,Beed,Wheat,Other,FAQ,1400,1501,1475,9-Sep-20
27,Beed,Beed,Wheat,Other,FAQ,1400,1475,1441,8-Sep-20
28,Beed,Beed,Wheat,Other,FAQ,1400,2111,1521,7-Sep-20
29,Beed,Beed,Wheat,Other,FAQ,1450,1800,1500,5-Sep-20
30,Beed,Beed,Wheat,Other,FAQ,1450,1691,1500,4-Sep-20
31,Beed,Beed,Wheat,Other,FAQ,1500,1950,1700,3-Sep-20
32,Beed,Beed,Wheat,Other,FAQ,1500,1800,1600,2-Sep-20
33,Beed,Beed,Wheat,Other,FAQ,1550,1781,1551,31-Aug-20
34,Beed,Beed,Wheat,Other,FAQ,1551,1897,1600,29-Aug-20
35,Beed,Beed,Wheat,Other,FAQ,1591,1919,1616,28-Aug-20
36,Beed,Beed,Wheat,Other,FAQ,1570,1850,1616,26-Aug-20
37,Beed,Beed,Wheat,Other,FAQ,1550,1900,1800,25-Aug-20
38,Beed,Beed,Wheat,Other,FAQ,1675,1741,1700,24-Aug-20
39,Beed,Beed,Wheat,Other,FAQ,1621,1621,1621,7-Aug-20
40,Beed,Beed,Wheat,Other,FAQ,1600,1755,1650,6-Aug-20
41,Beed,Beed,Wheat,Other,FAQ,1500,1731,1681,5-Aug-20
42,Beed,Beed,Wheat,Other,FAQ,1600,1750,1650,4-Aug-20
43,Beed,Beed,Wheat,Other,FAQ,1650,1711,1700,31-Jul-20
44,Beed,Beed,Wheat,Other,FAQ,1681,1750,1700,30-Jul-20
45,Beed,Beed,Wheat,Other,FAQ,1611,1960,1727,29-Jul-20
46,Beed,Beed,Wheat,Other,FAQ,1600,2070,1740,28-Jul-20
47,Beed,Beed,Wheat,Other,FAQ,1600,1800,1700,27-Jul-20
48,Beed,Beed,Wheat,Other,FAQ,1600,1901,1685,24-Jul-20
49,Beed,Beed,Wheat,Other,FAQ,1640,2050,1750,23-Jul-20
50,Beed,Beed,Wheat,Other,FAQ,1670,1980,1700,22-Jul-20
51,Beed,Beed,Wheat,Other,FAQ,1675,1750,1699,21-Jul-20
52,Beed,Beed,Wheat,Other,FAQ,1650,2150,2050,18-Jul-20
53,Beed,Beed,Wheat,Other,FAQ,1671,1871,1861,17-Jul-20
54,Beed,Beed,Wheat,Other,FAQ,1601,1775,1662,16-Jul-20
55,Beed,Beed,Wheat,Other,FAQ,1691,1698,1698,15-Jul-20
56,Beed,Beed,Wheat,Other,FAQ,1650,1772,1704,14-Jul-20
57,Beed,Beed,Wheat,Other,FAQ,1696,2031,2000,13-Jul-20
58,Beed,Beed,Wheat,Other,FAQ,1681,1716,1690,11-Jul-20
59,Beed,Beed,Wheat,Other,FAQ,1700,2141,1901,10-Jul-20
60,Beed,Beed,Wheat,Other,FAQ,1711,1971,1750,13-Jun-20
61,Beed,Beed,Wheat,Other,FAQ,1701,1740,1731,12-Jun-20
62,Beed,Beed,Wheat,Other,FAQ,1895,1909,1909,11-Jun-20
63,Beed,Beed,Wheat,Other,FAQ,1600,1950,1771,10-Jun-20
64,Beed,Beed,Wheat,Other,FAQ,1625,2050,1790,9-Jun-20
65,Beed,Beed,Wheat,Other,FAQ,1700,2000,1900,8-Jun-20
66,Beed,Beed,Wheat,Other,FAQ,1700,2528,2000,6-Jun-20
67,Beed,Beed,Wheat,Other,FAQ,1621,4600,2325,4-Jun-20
68,Beed,Beed,Wheat,Other,FAQ,1650,2571,2150,3-Jun-20
69,Beed,Beed,Wheat,Other,FAQ,1599,2000,1700,2-Jun-20
70,Beed,Beed,Wheat,Other,FAQ,1700,1711,1711,1-Jun-20
71,Beed,Beed,Wheat,Other,FAQ,1701,1901,1721,30-May-20
72,Beed,Beed,Wheat,Other,FAQ,1690,1750,1711,27-May-20
73,Beed,Beed,Wheat,Other,FAQ,1700,2040,2000,26-May-20
74,Beed,Beed,Wheat,Other,FAQ,1600,2300,1650,23-May-20
75,Beed,Beed,Wheat,Other,FAQ,1625,2400,2200,21-May-20
76,Beed,Beed,Wheat,Other,FAQ,2015,2400,2300,19-May-20
77,Beed,Beed,Wheat,Other,FAQ,1700,2221,1932,15-May-20
78,Beed,Beed,Wheat,Other,FAQ,2200,2200,2200,7-Apr-20
79,Beed,Beed,Wheat,Other,FAQ,2250,2250,2250,4-Apr-20
80,Beed,Beed,Wheat,Other,FAQ,2050,2050,2050,1-Apr-20
81,Beed,Beed,Wheat,Other,FAQ,1500,1800,1800,21-Mar-20
82,Beed,Beed,Wheat,Other,FAQ,1744,2140,2051,20-Mar-20
83,Beed,Beed,Wheat,Other,FAQ,1610,2600,1970,19-Mar-20
84,Beed,Beed,Wheat,Other,FAQ,1635,2441,1870,18-Mar-20
85,Beed,Beed,Wheat,Other,FAQ,1601,3961,1650,17-Mar-20
86,Beed,Beed,Wheat,Other,FAQ,1611,1680,1667,16-Mar-20
87,Beed,Beed,Wheat,Other,FAQ,1600,2000,1800,14-Mar-20
88,Beed,Beed,Wheat,Other,FAQ,1580,2192,2140,13-Mar-20
89,Beed,Beed,Wheat,Other,FAQ,1781,1781,1781,12-Mar-20
90,Beed,Beed,Wheat,Other,FAQ,1700,2080,1997,11-Mar-20
91,Beed,Beed,Wheat,Other,FAQ,1810,2171,2110,7-Mar-20
92,Beed,Beed,Wheat,Other,FAQ,1830,2270,2092,6-Mar-20
93,Beed,Beed,Wheat,Other,FAQ,1791,4010,2002,5-Mar-20
94,Beed,Beed,Wheat,Other,FAQ,2201,2221,2201,4-Mar-20
95,Beed,Beed,Wheat,Other,FAQ,1800,2290,2290,3-Mar-20
96,Beed,Beed,Wheat,Other,FAQ,1800,2500,2250,2-Mar-20
97,Beed,Beed,Wheat,Other,FAQ,1800,1871,1800,29-Feb-20
98,Beed,Beed,Wheat,Other,FAQ,1851,2700,2300,28-Feb-20
99,Beed,Beed,Wheat,Other,FAQ,1821,1940,1930,27-Feb-20
100,Beed,Beed,Wheat,Other,FAQ,1821,2271,2270,26-Feb-20
101,Beed,Beed,Wheat,Other,FAQ,1801,3251,2347,24-Feb-20
102,Beed,Beed,Wheat,Other,FAQ,2081,2300,2100,20-Feb-20
103,Beed,Beed,Wheat,Other,FAQ,1950,2000,1999,18-Feb-20
104,Beed,Beed,Wheat,Other,FAQ,2310,2640,2640,17-Feb-20
105,Beed,Beed,Wheat,Other,FAQ,2300,2300,2300,15-Feb-20
106,Beed,Beed,Wheat,Other,FAQ,1950,2410,2410,13-Feb-20
107,Beed,Beed,Wheat,Other,FAQ,1930,1930,1930,12-Feb-20
108,Beed,Beed,Wheat,Other,FAQ,1950,2577,2000,11-Feb-20
109,Beed,Beed,Wheat,Other,FAQ,2000,2000,2000,8-Feb-20
110,Beed,Beed,Wheat,Other,FAQ,2000,2000,2000,7-Feb-20
111,Beed,Beed,Wheat,Other,FAQ,1949,2499,2300,6-Feb-20
112,Beed,Beed,Wheat,Other,FAQ,2300,2300,2300,5-Feb-20
113,Beed,Beed,Wheat,Other,FAQ,1991,2013,2000,4-Feb-20
114,Beed,Beed,Wheat,Other,FAQ,2020,2450,2450,3-Feb-20
115,Beed,Beed,Wheat,Other,FAQ,2000,2600,2301,1-Feb-20
116,Beed,Beed,Wheat,Other,FAQ,1981,2050,2000,31-Jan-20
117,Beed,Beed,Wheat,Other,FAQ,2015,2751,2400,30-Jan-20
118,Beed,Beed,Wheat,Other,FAQ,1981,2100,2080,28-Jan-20
119,Beed,Beed,Wheat,Other,FAQ,1951,2600,2051,27-Jan-20
120,Beed,Beed,Wheat,Other,FAQ,2075,2075,2075,25-Jan-20
121,Beed,Beed,Wheat,Other,FAQ,1901,2310,2021,23-Jan-20
122,Beed,Beed,Wheat,Other,FAQ,2691,2691,2691,22-Jan-20
123,Beed,Beed,Wheat,Other,FAQ,1999,2975,2502,20-Jan-20
124,Beed,Beed,Wheat,Other,FAQ,1999,2975,2502,18-Jan-20
125,Beed,Beed,Wheat,Other,FAQ,2900,2900,2900,17-Jan-20
126,Beed,Beed,Wheat,Other,FAQ,2020,2020,2020,16-Jan-20
127,Beed,Beed,Wheat,Other,FAQ,2099,2570,2100,14-Jan-20
128,Beed,Beed,Wheat,Other,FAQ,2510,2510,2510,11-Jan-20
129,Beed,Beed,Wheat,Other,FAQ,2000,2450,2450,9-Jan-20
130,Beed,Beed,Wheat,Other,FAQ,2000,2611,2040,2-Jan-20
131,Beed,Beed,Wheat,Other,FAQ,2000,2050,2050,31-Dec-19
132,Beed,Beed,Wheat,Other,FAQ,2401,2401,2401,31-Oct-19
133,Beed,Beed,Wheat,Other,FAQ,1911,2500,2000,30-Oct-19
134,Beed,Beed,Wheat,Other,FAQ,1940,2360,1980,28-Oct-19
135,Beed,Beed,Wheat,Other,FAQ,2160,2160,2160,23-Oct-19
136,Beed,Beed,Wheat,Other,FAQ,2010,2010,2010,22-Oct-19
137,Beed,Beed,Wheat,Other,FAQ,1925,2335,2335,19-Oct-19
138,Beed,Beed,Wheat,Other,FAQ,2200,2200,2200,18-Oct-19
139,Beed,Beed,Wheat,Other,FAQ,1926,2000,2000,17-Oct-19
140,Beed,Beed,Wheat,Other,FAQ,1770,1770,1770,16-Oct-19
141,Beed,Beed,Wheat,Other,FAQ,2261,2405,2300,15-Oct-19
142,Beed,Beed,Wheat,Other,FAQ,2080,2275,2275,14-Oct-19
143,Beed,Beed,Wheat,Other,FAQ,1935,1935,1935,12-Oct-19
144,Beed,Beed,Wheat,Other,FAQ,2060,2060,2060,11-Oct-19
145,Beed,Beed,Wheat,Other,FAQ,1975,1975,1975,10-Oct-19
146,Beed,Beed,Wheat,Other,FAQ,1900,1900,1900,9-Oct-19
147,Beed,Beed,Wheat,Other,FAQ,1841,1940,1911,5-Oct-19
148,Beed,Beed,Wheat,Other,FAQ,1930,2000,1940,3-Oct-19
149,Beed,Beed,Wheat,Other,FAQ,1920,1999,1923,1-Oct-19
150,Beed,Beed,Wheat,Other,FAQ,1911,1911,1911,30-Sep-19
151,Beed,Beed,Wheat,Other,FAQ,1911,1970,1935,27-Sep-19
152,Beed,Beed,Wheat,Other,FAQ,1901,1951,1950,26-Sep-19
153,Beed,Beed,Wheat,Other,FAQ,1926,2300,2076,25-Sep-19
154,Beed,Beed,Wheat,Other,FAQ,1992,2481,2160,24-Sep-19
155,Beed,Beed,Wheat,Other,FAQ,2000,2000,2000,23-Sep-19
156,Beed,Beed,Wheat,Other,FAQ,1911,2422,2210,20-Sep-19
157,Beed,Beed,Wheat,Other,FAQ,1991,1991,1991,19-Sep-19
158,Beed,Beed,Wheat,Other,FAQ,1901,2257,2011,18-Sep-19
159,Beed,Beed,Wheat,Other,FAQ,2000,2050,2020,16-Sep-19
160,Beed,Beed,Wheat,Other,FAQ,2021,2040,2040,14-Sep-19
161,Beed,Beed,Wheat,Other,FAQ,2050,2321,2200,13-Sep-19
162,Beed,Beed,Wheat,Other,FAQ,2040,2338,2263,11-Sep-19
163,Beed,Beed,Wheat,Other,FAQ,2011,2471,2382,9-Sep-19
164,Beed,Beed,Wheat,Other,FAQ,2200,2321,2271,5-Sep-19
165,Beed,Beed,Wheat,Other,FAQ,2061,2500,2299,4-Sep-19
166,Beed,Beed,Wheat,Other,FAQ,2352,2352,2352,31-Aug-19
167,Beed,Beed,Wheat,Other,FAQ,2010,2030,2030,29-Aug-19
168,Beed,Beed,Wheat,Other,FAQ,2031,2031,2031,26-Aug-19
169,Beed,Beed,Wheat,Other,FAQ,2050,2400,2291,23-Aug-19
170,Beed,Beed,Wheat,Other,FAQ,1996,2020,2020,21-Aug-19
171,Beed,Beed,Wheat,Other,FAQ,2000,2081,2041,20-Aug-19
172,Beed,Beed,Wheat,Other,FAQ,1990,2080,2000,17-Aug-19
173,Beed,Beed,Wheat,Other,FAQ,2200,2200,2200,10-Aug-19
174,Beed,Beed,Wheat,Other,FAQ,1775,2000,1999,9-Aug-19
175,Beed,Beed,Wheat,Other,FAQ,1800,2600,2335,2-Aug-19
176,Beed,Beed,Wheat,Other,FAQ,2295,2295,2295,26-Jul-19
177,Beed,Beed,Wheat,Other,FAQ,1850,1870,1870,24-Jul-19
178,Beed,Beed,Wheat,Other,FAQ,1841,1851,1851,23-Jul-19
179,Beed,Beed,Wheat,Other,FAQ,2190,2190,2190,22-Jul-19
180,Beed,Beed,Wheat,Other,FAQ,1800,1800,1800,20-Jul-19
181,Beed,Beed,Wheat,Other,FAQ,2401,2401,2401,19-Jul-19
182,Beed,Beed,Wheat,Other,FAQ,2400,2400,2400,18-Jul-19
183,Beed,Beed,Wheat,Other,FAQ,1799,1799,1799,15-Jul-19
184,Beed,Beed,Wheat,Other,FAQ,1791,1850,1850,13-Jul-19
185,Beed,Beed,Wheat,Other,FAQ,1819,1819,1819,10-Jul-19
186,Beed,Beed,Wheat,Other,FAQ,1811,2275,2250,9-Jul-19
187,Beed,Beed,Wheat,Other,FAQ,2140,2200,2200,8-Jul-19
188,Beed,Beed,Wheat,Other,FAQ,1775,1775,1775,6-Jul-19
189,Beed,Beed,Wheat,Other,FAQ,1800,2420,2261,5-Jul-19
190,Beed,Beed,Wheat,Other,FAQ,1800,2350,2302,4-Jul-19
191,Beed,Beed,Wheat,Other,FAQ,1802,2485,2081,3-Jul-19
192,Beed,Beed,Wheat,Other,FAQ,1800,1851,1851,1-Jul-19
193,Beed,Beed,Wheat,Other,FAQ,2064,2211,2100,25-Jun-19
194,Beed,Beed,Wheat,Other,FAQ,1690,1791,1791,24-Jun-19
195,Beed,Beed,Wheat,Other,FAQ,1700,1800,1799,21-Jun-19
196,Beed,Beed,Wheat,Other,FAQ,1800,2360,2197,20-Jun-19
197,Beed,Beed,Wheat,Other,FAQ,2385,2385,2385,19-Jun-19
198,Beed,Beed,Wheat,Other,FAQ,1700,2900,1737,13-Jun-19
199,Beed,Beed,Wheat,Other,FAQ,1640,2182,2182,11-Jun-19
200,Beed,Beed,Wheat,Other,FAQ,1825,2551,2551,10-Jun-19
201,Beed,Beed,Wheat,Other,FAQ,1797,2631,2631,8-Jun-19
202,Beed,Beed,Wheat,Other,FAQ,1680,2320,2320,7-Jun-19
203,Beed,Beed,Wheat,Other,FAQ,1751,2661,2400,6-Jun-19
204,Beed,Beed,Wheat,Other,FAQ,2302,2302,2302,1-Jun-19
205,Beed,Beed,Wheat,Other,FAQ,1500,1500,1500,30-May-19
206,Beed,Beed,Wheat,Other,FAQ,1861,1861,1861,29-May-19
207,Beed,Beed,Wheat,Other,FAQ,1929,2146,2146,28-May-19
208,Beed,Beed,Wheat,Other,FAQ,1800,1800,1800,27-May-19
209,Beed,Beed,Wheat,Other,FAQ,1901,2099,2000,24-May-19
210,Beed,Beed,Wheat,Other,FAQ,2001,2399,2275,13-May-19
211,Beed,Beed,Wheat,Other,FAQ,1750,2490,1775,10-May-19
212,Beed,Beed,Wheat,Other,FAQ,1800,2301,1910,8-May-19
213,Beed,Beed,Wheat,Other,FAQ,2400,2400,2400,6-May-19
214,Beed,Beed,Wheat,Other,FAQ,1760,1894,1894,2-May-19
215,Beed,Beed,Wheat,Other,FAQ,2200,2800,2425,30-Apr-19
216,Beed,Beed,Wheat,Other,FAQ,1851,2501,2400,29-Apr-19
217,Beed,Beed,Wheat,Other,FAQ,6191,6200,6200,24-Apr-19
218,Beed,Beed,Wheat,Other,FAQ,1790,1954,1890,23-Apr-19
219,Beed,Beed,Wheat,Other,FAQ,1840,2446,2016,22-Apr-19
220,Beed,Beed,Wheat,Other,FAQ,1900,2524,2300,20-Apr-19
221,Beed,Beed,Wheat,Other,FAQ,1802,2665,2414,15-Apr-19
222,Beed,Beed,Wheat,Other,FAQ,2161,2530,2261,12-Apr-19
223,Beed,Beed,Wheat,Other,FAQ,2292,2292,2292,11-Apr-19
224,Beed,Beed,Wheat,Other,FAQ,2040,2287,2160,10-Apr-19
225,Beed,Beed,Wheat,Other,FAQ,1658,2200,2000,8-Apr-19
226,Beed,Beed,Wheat,Other,FAQ,1900,2370,2100,6-Apr-19
227,Beed,Beed,Wheat,Other,FAQ,2421,2756,2600,29-Mar-19
228,Beed,Beed,Wheat,Other,FAQ,2000,2741,2500,27-Mar-19
229,Beed,Beed,Wheat,Other,FAQ,1843,2010,1970,23-Mar-19
230,Beed,Beed,Wheat,Other,FAQ,2726,2775,2741,22-Mar-19
231,Beed,Beed,Wheat,Other,FAQ,1791,2485,2200,16-Mar-19
232,Beed,Beed,Wheat,Other,FAQ,2169,2169,2169,15-Mar-19
233,Beed,Beed,Wheat,Other,FAQ,2100,2100,2100,14-Mar-19
234,Beed,Beed,Wheat,Other,FAQ,1870,2540,2300,13-Mar-19
235,Beed,Beed,Wheat,Other,FAQ,2401,2401,2401,12-Mar-19
236,Beed,Beed,Wheat,Other,FAQ,1900,1900,1900,11-Mar-19
237,Beed,Beed,Wheat,Other,FAQ,1940,2041,2000,8-Mar-19
238,Beed,Beed,Wheat,Other,FAQ,1899,2301,2200,7-Mar-19
239,Beed,Beed,Wheat,Other,FAQ,1902,2700,2400,27-Feb-19
240,Beed,Beed,Wheat,Other,FAQ,2401,2401,2401,26-Feb-19
241,Beed,Beed,Wheat,Other,FAQ,1951,1951,1951,25-Feb-19
242,Beed,Beed,Wheat,Other,FAQ,2601,2601,2601,22-Feb-19
243,Beed,Beed,Wheat,Other,FAQ,2006,2006,2006,14-Feb-19
244,Beed,Beed,Wheat,Other,FAQ,1950,1950,1950,12-Feb-19
245,Beed,Beed,Wheat,Other,FAQ,2695,2695,2695,7-Feb-19
246,Beed,Beed,Wheat,Other,FAQ,2000,2000,2000,5-Feb-19
247,Beed,Beed,Wheat,Other,FAQ,2000,2440,2400,31-Jan-19
248,Beed,Beed,Wheat,Other,FAQ,2368,2368,2368,30-Jan-19
249,Beed,Beed,Wheat,Other,FAQ,2055,2700,2056,29-Jan-19
250,Beed,Beed,Wheat,Other,FAQ,2570,2570,2570,28-Jan-19
251,Beed,Beed,Wheat,Other,FAQ,2100,2100,2100,25-Jan-19
252,Beed,Beed,Wheat,Other,FAQ,2031,2031,2031,24-Jan-19
253,Beed,Beed,Wheat,Other,FAQ,2161,2161,2161,23-Jan-19
254,Beed,Beed,Wheat,Other,FAQ,2030,2030,2030,19-Jan-19
255,Beed,Beed,Wheat,Other,FAQ,2200,2200,2200,12-Jan-19
256,Beed,Beed,Wheat,Other,FAQ,2066,4000,2600,10-Jan-19
257,Beed,Beed,Wheat,Other,FAQ,2600,2700,2650,9-Jan-19
258,Beed,Beed,Wheat,Other,FAQ,2700,2700,2700,8-Jan-19
259,Beed,Beed,Wheat,Other,FAQ,4000,4000,4000,4-Jan-19
260,Beed,Beed,Wheat,Other,FAQ,2470,2470,2470,3-Jan-19
261,Beed,Beed,Wheat,Other,FAQ,1600,2222,1923,28-Dec-18
262,Beed,Beed,Wheat,Other,FAQ,2800,2800,2800,22-Dec-18
263,Beed,Beed,Wheat,Other,FAQ,1950,2075,2075,21-Dec-18
264,Beed,Beed,Wheat,Other,FAQ,2000,2000,2000,20-Dec-18
265,Beed,Beed,Wheat,Other,FAQ,1951,2010,2000,19-Dec-18
266,Beed,Beed,Wheat,Other,FAQ,1937,1937,1937,15-Dec-18
267,Beed,Beed,Wheat,Other,FAQ,1800,2700,1956,14-Dec-18
268,Beed,Beed,Wheat,Other,FAQ,1951,1951,1951,11-Dec-18
269,Beed,Beed,Wheat,Other,FAQ,1930,1930,1930,8-Dec-18
270,Beed,Beed,Wheat,Other,FAQ,1800,2600,2000,4-Dec-18
271,Beed,Beed,Wheat,Other,FAQ,1500,2868,1860,3-Dec-18
272,Beed,Beed,Wheat,Other,FAQ,2300,2300,2300,29-Nov-18
273,Beed,Beed,Wheat,Other,FAQ,2800,3400,3290,28-Nov-18
274,Beed,Beed,Wheat,Other,FAQ,2835,2835,2835,23-Nov-18
275,Beed,Beed,Wheat,Other,FAQ,1905,3085,2350,22-Nov-18
276,Beed,Beed,Wheat,Other,FAQ,1900,2101,1902,19-Nov-18
277,Beed,Beed,Wheat,Other,FAQ,2211,3385,2211,16-Nov-18
278,Beed,Beed,Wheat,Other,FAQ,2430,2430,2430,15-Nov-18
279,Beed,Beed,Wheat,Other,FAQ,2000,2416,2400,14-Nov-18
280,Beed,Beed,Wheat,Other,FAQ,2200,2800,2535,13-Nov-18
281,Beed,Beed,Wheat,Other,FAQ,1900,2100,2070,12-Nov-18
282,Beed,Beed,Wheat,Other,FAQ,2056,2300,2280,8-Nov-18
283,Beed,Beed,Wheat,Other,FAQ,2270,2391,2335,2-Nov-18
284,Beed,Beed,Wheat,Other,FAQ,2051,2511,2385,1-Nov-18
285,Beed,Beed,Wheat,Other,FAQ,2480,2480,2480,29-Oct-18
286,Beed,Beed,Wheat,Other,FAQ,1995,2351,2351,27-Oct-18
287,Beed,Beed,Wheat,Other,FAQ,2361,3031,2772,26-Oct-18
288,Beed,Beed,Wheat,Other,FAQ,1550,1550,1550,24-Oct-18
289,Beed,Beed,Wheat,Other,FAQ,2300,2451,2300,23-Oct-18
290,Beed,Beed,Wheat,Other,FAQ,2301,2301,2301,19-Oct-18
291,Beed,Beed,Wheat,Other,FAQ,2100,2677,2400,17-Oct-18
292,Beed,Beed,Wheat,Other,FAQ,2000,2025,2000,16-Oct-18
293,Beed,Beed,Wheat,Other,FAQ,2100,2425,2250,13-Oct-18
294,Beed,Beed,Wheat,Other,FAQ,1753,2426,2242,12-Oct-18
295,Beed,Beed,Wheat,Other,FAQ,1751,2294,1900,10-Oct-18
296,Beed,Beed,Wheat,Other,FAQ,1800,2700,2300,8-Oct-18
297,Beed,Beed,Wheat,Other,FAQ,1970,2225,2000,6-Oct-18
298,Beed,Beed,Wheat,Other,FAQ,1799,2271,1900,5-Oct-18
299,Beed,Beed,Wheat,Other,FAQ,1890,2186,1922,4-Oct-18
300,Beed,Beed,Wheat,Other,FAQ,1600,2550,2000,3-Oct-18
301,Beed,Beed,Wheat,Other,FAQ,1801,2356,2200,1-Oct-18
302,Beed,Beed,Wheat,Other,FAQ,1871,2400,2264,29-Sep-18
303,Beed,Beed,Wheat,Other,FAQ,2001,2401,2250,27-Sep-18
304,Beed,Beed,Wheat,Other,FAQ,1926,2504,2200,26-Sep-18
305,Beed,Beed,Wheat,Other,FAQ,1731,2250,2000,24-Sep-18
306,Beed,Beed,Wheat,Other,FAQ,1950,2504,2250,22-Sep-18
307,Beed,Beed,Wheat,Other,FAQ,2000,2239,2031,19-Sep-18
308,Beed,Beed,Wheat,Other,FAQ,1900,3110,2170,18-Sep-18
309,Beed,Beed,Wheat,Other,FAQ,1780,2250,2009,15-Sep-18
310,Beed,Beed,Wheat,Other,FAQ,1400,2601,1850,11-Sep-18
311,Beed,Beed,Wheat,Other,FAQ,1961,2656,2200,7-Sep-18
312,Beed,Beed,Wheat,Other,FAQ,1901,2468,2100,6-Sep-18
313,Beed,Beed,Wheat,Other,FAQ,1835,2031,2000,25-Aug-18
314,Beed,Beed,Wheat,Other,FAQ,1700,2451,2205,24-Aug-18
315,Beed,Beed,Wheat,Other,FAQ,1830,2330,1900,23-Aug-18
316,Beed,Beed,Wheat,Other,FAQ,1700,2250,2050,21-Aug-18
317,Beed,Beed,Wheat,Other,FAQ,1845,2300,1960,20-Aug-18
318,Beed,Beed,Wheat,Other,FAQ,1900,2336,1950,18-Aug-18
319,Beed,Beed,Wheat,Other,FAQ,2230,2291,2230,17-Aug-18
320,Beed,Beed,Wheat,Other,FAQ,1866,2261,2200,14-Aug-18
321,Beed,Beed,Wheat,Other,FAQ,1950,2331,2200,13-Aug-18
322,Beed,Beed,Wheat,Other,FAQ,1925,1988,1956,8-Aug-18
323,Beed,Beed,Wheat,Other,FAQ,1800,2226,1950,7-Aug-18
324,Beed,Beed,Wheat,Other,FAQ,1700,2440,2050,6-Aug-18
325,Beed,Beed,Wheat,Other,FAQ,1900,2192,2000,4-Aug-18
326,Beed,Beed,Wheat,Other,FAQ,1900,2250,2000,3-Aug-18
327,Beed,Beed,Wheat,Other,FAQ,1831,1880,1831,2-Aug-18
328,Beed,Beed,Wheat,Other,FAQ,1900,2252,2100,1-Aug-18
329,Beed,Beed,Wheat,Other,FAQ,1800,2300,1900,30-Jul-18
330,Beed,Beed,Wheat,Other,FAQ,1871,2126,1900,28-Jul-18
331,Beed,Beed,Wheat,Other,FAQ,1760,2339,1900,27-Jul-18
332,Beed,Beed,Wheat,Other,FAQ,1900,2200,1999,26-Jul-18
333,Beed,Beed,Wheat,Other,FAQ,1900,2000,1900,25-Jul-18
334,Beed,Beed,Wheat,Other,FAQ,1700,2025,1750,21-Jul-18
335,Beed,Beed,Wheat,Other,FAQ,1700,2025,1750,20-Jul-18
336,Beed,Beed,Wheat,Other,FAQ,1900,1950,1900,19-Jul-18
337,Beed,Beed,Wheat,Other,FAQ,1900,2356,2000,18-Jul-18
338,Beed,Beed,Wheat,Other,FAQ,1700,2091,1900,17-Jul-18
339,Beed,Beed,Wheat,Other,FAQ,1720,2136,1800,16-Jul-18
340,Beed,Beed,Wheat,Other,FAQ,1700,2317,2000,14-Jul-18
341,Beed,Beed,Wheat,Other,FAQ,1581,1910,1790,12-Jul-18
342,Beed,Beed,Wheat,Other,FAQ,1800,1800,1800,11-Jul-18
343,Beed,Beed,Wheat,Other,FAQ,1700,2016,1900,10-Jul-18
344,Beed,Beed,Wheat,Other,FAQ,1650,2300,1900,9-Jul-18
345,Beed,Beed,Wheat,Other,FAQ,1650,2128,1800,5-Jul-18
346,Beed,Beed,Wheat,Other,FAQ,1710,2000,1800,4-Jul-18
347,Beed,Beed,Wheat,Other,FAQ,1600,2200,1800,3-Jul-18
348,Beed,Beed,Wheat,Other,FAQ,1650,2136,1800,2-Jul-18
349,Beed,Beed,Wheat,Other,FAQ,1600,2095,1850,30-Jun-18
350,Beed,Beed,Wheat,Other,FAQ,1600,1791,1665,28-Jun-18
351,Beed,Beed,Wheat,Other,FAQ,1881,2201,2100,26-Jun-18
352,Beed,Beed,Wheat,Other,FAQ,1650,2300,1700,23-Jun-18
353,Beed,Beed,Wheat,Other,FAQ,1617,1620,1617,22-Jun-18
354,Beed,Beed,Wheat,Other,FAQ,1670,1911,1681,21-Jun-18
355,Beed,Beed,Wheat,Other,FAQ,1600,2091,1620,20-Jun-18
356,Beed,Beed,Wheat,Other,FAQ,1650,1850,1650,19-Jun-18
357,Beed,Beed,Wheat,Other,FAQ,1600,1690,1670,18-Jun-18
358,Beed,Beed,Wheat,Other,FAQ,1500,2296,1800,14-Jun-18
359,Beed,Beed,Wheat,Other,FAQ,1621,2121,1800,12-Jun-18
360,Beed,Beed,Wheat,Other,FAQ,1700,2100,1780,11-Jun-18
361,Beed,Beed,Wheat,Other,FAQ,1600,2190,2000,9-Jun-18
362,Beed,Beed,Wheat,Other,FAQ,1666,2202,1700,8-Jun-18
363,Beed,Beed,Wheat,Other,FAQ,1551,1900,1850,6-Jun-18
364,Beed,Beed,Wheat,Other,FAQ,1550,1937,1700,5-Jun-18
365,Beed,Beed,Wheat,Other,FAQ,1651,2200,1800,4-Jun-18
366,Beed,Beed,Wheat,Other,FAQ,1770,2220,1900,2-Jun-18
367,Beed,Beed,Wheat,Other,FAQ,1692,2172,1700,1-Jun-18
368,Beed,Beed,Wheat,Other,FAQ,1700,2350,1750,31-May-18
369,Beed,Beed,Wheat,Other,FAQ,2000,2311,2300,30-May-18
370,Beed,Beed,Wheat,Other,FAQ,1560,2425,2200,29-May-18
371,Beed,Beed,Wheat,Other,FAQ,1699,2236,2000,28-May-18
372,Beed,Beed,Wheat,Other,FAQ,1900,2300,2020,26-May-18
373,Beed,Beed,Wheat,Other,FAQ,1712,2400,2020,25-May-18
374,Beed,Beed,Wheat,Other,FAQ,1691,2290,1817,23-May-18
375,Beed,Beed,Wheat,Other,FAQ,1700,2200,2000,22-May-18
376,Beed,Beed,Wheat,Other,FAQ,1821,2451,2029,21-May-18
377,Beed,Beed,Wheat,Other,FAQ,1600,2400,2271,19-May-18
378,Beed,Beed,Wheat,Other,FAQ,1600,2561,1880,18-May-18
379,Beed,Beed,Wheat,Other,FAQ,1641,2420,1900,17-May-18
380,Beed,Beed,Wheat,Other,FAQ,1600,2565,1867,16-May-18
381,Beed,Beed,Wheat,Other,FAQ,1650,2200,2051,14-May-18
382,Beed,Beed,Wheat,Other,FAQ,1691,2389,1800,12-May-18
383,Beed,Beed,Wheat,Other,FAQ,1600,2250,1891,10-May-18
384,Beed,Beed,Wheat,Other,FAQ,1571,2162,1700,8-May-18
385,Beed,Beed,Wheat,Other,FAQ,1460,2058,1790,7-May-18
386,Beed,Beed,Wheat,Other,FAQ,1650,2300,1900,5-May-18
387,Beed,Beed,Wheat,Other,FAQ,1650,2237,1804,4-May-18
388,Beed,Beed,Wheat,Other,FAQ,1650,2225,1742,3-May-18
389,Beed,Beed,Wheat,Other,FAQ,1650,2350,2151,2-May-18
390,Beed,Beed,Wheat,Other,FAQ,1561,2166,1820,27-Apr-18
391,Beed,Beed,Wheat,Other,FAQ,1511,2151,1800,25-Apr-18
392,Beed,Beed,Wheat,Other,FAQ,1530,2271,1800,24-Apr-18
393,Beed,Beed,Wheat,Other,FAQ,1530,1801,1750,23-Apr-18
394,Beed,Beed,Wheat,Other,FAQ,1541,2054,1800,21-Apr-18
395,Beed,Beed,Wheat,Other,FAQ,1370,2080,1800,20-Apr-18
396,Beed,Beed,Wheat,Other,FAQ,1475,2200,1800,19-Apr-18
397,Beed,Beed,Wheat,Other,FAQ,1531,2170,1800,17-Apr-18
398,Beed,Beed,Wheat,Other,FAQ,1311,1853,1800,12-Apr-18
399,Beed,Beed,Wheat,Other,FAQ,1470,1900,1800,11-Apr-18
400,Beed,Beed,Wheat,Other,FAQ,1500,1900,1800,10-Apr-18
401,Beed,Beed,Wheat,Other,FAQ,1451,2015,1800,9-Apr-18
402,Beed,Beed,Wheat,Other,FAQ,1400,1880,1800,7-Apr-18
403,Beed,Beed,Wheat,Other,FAQ,1500,2050,1800,6-Apr-18
404,Beed,Beed,Wheat,Other,FAQ,1520,2056,1800,5-Apr-18
405,Beed,Beed,Wheat,Other,FAQ,1441,2126,1800,4-Apr-18
406,Beed,Beed,Wheat,Other,FAQ,1400,1950,1800,3-Apr-18
407,Beed,Beed,Wheat,Other,FAQ,1515,1887,1750,30-Mar-18
408,Beed,Beed,Wheat,Other,FAQ,1412,2050,1800,24-Mar-18
409,Beed,Beed,Wheat,Other,FAQ,1500,2011,1800,23-Mar-18
410,Beed,Beed,Wheat,Other,FAQ,1551,2150,1800,22-Mar-18
411,Beed,Beed,Wheat,Other,FAQ,1500,1871,1800,21-Mar-18
412,Beed,Beed,Wheat,Other,FAQ,1490,2110,1800,20-Mar-18
413,Beed,Beed,Wheat,Other,FAQ,1650,2016,1800,16-Mar-18
414,Beed,Beed,Wheat,Other,FAQ,1551,2001,1800,15-Mar-18
415,Beed,Beed,Wheat,Other,FAQ,1551,2036,1700,14-Mar-18
416,Beed,Beed,Wheat,Other,FAQ,1431,2000,1700,13-Mar-18
417,Beed,Beed,Wheat,Other,FAQ,1511,2042,1750,10-Mar-18
418,Beed,Beed,Wheat,Other,FAQ,1681,2101,1800,9-Mar-18
419,Beed,Beed,Wheat,Other,FAQ,1600,2001,1800,8-Mar-18
420,Beed,Beed,Wheat,Other,FAQ,1500,3000,1800,7-Mar-18
421,Beed,Beed,Wheat,Other,FAQ,1530,2081,1700,6-Mar-18
422,Beed,Beed,Wheat,Other,FAQ,1500,2160,1700,5-Mar-18
423,Beed,Beed,Wheat,Other,FAQ,1512,1945,1700,3-Mar-18
424,Beed,Beed,Wheat,Other,FAQ,1600,2853,1700,28-Feb-18
425,Beed,Beed,Wheat,Other,FAQ,1410,2158,1770,26-Feb-18
426,Beed,Beed,Wheat,Other,FAQ,1651,1900,1750,23-Feb-18
427,Beed,Beed,Wheat,Other,FAQ,1540,1890,1700,22-Feb-18
428,Beed,Beed,Wheat,Other,FAQ,1500,1900,1700,21-Feb-18
429,Beed,Beed,Wheat,Other,FAQ,1421,1911,1700,20-Feb-18
430,Beed,Beed,Wheat,Other,FAQ,1456,1801,1650,17-Feb-18
431,Beed,Beed,Wheat,Other,FAQ,1560,2056,1700,16-Feb-18
432,Beed,Beed,Wheat,Other,FAQ,1541,1972,1650,12-Feb-18
433,Beed,Beed,Wheat,Other,FAQ,1425,1751,1600,10-Feb-18
434,Beed,Beed,Wheat,Other,FAQ,1451,1761,1600,9-Feb-18
435,Beed,Beed,Wheat,Other,FAQ,1600,1711,1650,8-Feb-18
436,Beed,Beed,Wheat,Other,FAQ,1661,1789,1700,7-Feb-18
437,Beed,Beed,Wheat,Other,FAQ,1651,2151,1700,5-Feb-18
438,Beed,Beed,Wheat,Other,FAQ,1530,1800,1650,15-Jan-18
439,Beed,Beed,Wheat,Other,FAQ,1520,1791,1600,13-Jan-18
440,Beed,Beed,Wheat,Other,FAQ,1650,1772,1700,12-Jan-18
441,Beed,Beed,Wheat,Other,FAQ,1400,1750,1650,11-Jan-18
442,Beed,Beed,Wheat,Other,FAQ,1500,1800,1650,10-Jan-18
443,Beed,Beed,Wheat,Other,FAQ,1100,1850,1650,9-Jan-18
444,Beed,Beed,Wheat,Other,FAQ,1400,1781,1650,8-Jan-18
445,Beed,Beed,Wheat,Other,FAQ,1451,1800,1600,6-Jan-18
446,Beed,Beed,Wheat,Other,FAQ,1350,1700,1600,5-Jan-18
447,Beed,Beed,Wheat,Other,FAQ,1650,1868,1660,1-Jan-18
448,Beed,Beed,Wheat,Other,FAQ,1500,1551,1500,30-Dec-17
449,Beed,Beed,Wheat,Other,FAQ,1690,1795,1700,28-Dec-17
450,Beed,Beed,Wheat,Other,FAQ,1600,1850,1660,27-Dec-17
451,Beed,Beed,Wheat,Other,FAQ,1570,1660,1595,26-Dec-17
452,Beed,Beed,Wheat,Other,FAQ,1531,1797,1600,25-Dec-17
453,Beed,Beed,Wheat,Other,FAQ,1500,1785,1565,23-Dec-17
454,Beed,Beed,Wheat,Other,FAQ,1321,1705,1401,22-Dec-17
455,Beed,Beed,Wheat,Other,FAQ,1461,1761,1670,21-Dec-17
456,Beed,Beed,Wheat,Other,FAQ,1531,1765,1618,20-Dec-17
457,Beed,Beed,Wheat,Other,FAQ,1400,1716,1562,19-Dec-17
458,Beed,Beed,Wheat,Other,FAQ,1300,1734,1600,15-Dec-17
459,Beed,Beed,Wheat,Other,FAQ,1500,1841,1650,13-Dec-17
460,Beed,Beed,Wheat,Other,FAQ,1400,1750,1650,12-Dec-17
461,Beed,Beed,Wheat,Other,FAQ,1561,1850,1600,11-Dec-17
462,Beed,Beed,Wheat,Other,FAQ,1450,1735,1650,9-Dec-17
463,Beed,Beed,Wheat,Other,FAQ,1500,1750,1600,8-Dec-17
464,Beed,Beed,Wheat,Other,FAQ,1441,1750,1650,7-Dec-17
465,Beed,Beed,Wheat,Other,FAQ,1450,1800,1650,5-Dec-17
466,Beed,Beed,Wheat,Other,FAQ,1400,1650,1500,4-Dec-17
467,Beed,Beed,Wheat,Other,FAQ,1400,1700,1650,2-Dec-17
468,Beed,Beed,Wheat,Other,FAQ,1500,1648,1600,29-Nov-17
469,Beed,Beed,Wheat,Other,FAQ,1400,1750,1650,28-Nov-17
470,Beed,Beed,Wheat,Other,FAQ,1500,1850,1650,27-Nov-17
471,Beed,Beed,Wheat,Other,FAQ,1600,1891,1700,23-Nov-17
472,Beed,Beed,Wheat,Other,FAQ,1550,2000,1700,22-Nov-17
473,Beed,Beed,Wheat,Other,FAQ,1450,1700,1601,20-Nov-17
474,Beed,Beed,Wheat,Other,FAQ,1041,1730,1650,17-Nov-17
475,Beed,Beed,Wheat,Other,FAQ,1600,1725,1650,16-Nov-17
476,Beed,Beed,Wheat,Other,FAQ,1600,1670,1640,15-Nov-17
477,Beed,Beed,Wheat,Other,FAQ,1470,1769,1650,14-Nov-17
478,Beed,Beed,Wheat,Other,FAQ,1600,1762,1650,13-Nov-17
479,Beed,Beed,Wheat,Other,FAQ,1335,1831,1700,11-Nov-17
480,Beed,Beed,Wheat,Other,FAQ,1686,1802,1700,10-Nov-17
481,Beed,Beed,Wheat,Other,FAQ,1451,1737,1650,8-Nov-17
482,Beed,Beed,Wheat,Other,FAQ,1011,1476,1300,7-Nov-17
483,Beed,Beed,Wheat,Other,FAQ,1450,2000,1600,4-Nov-17
484,Beed,Beed,Wheat,Other,FAQ,1421,2242,1600,3-Nov-17
485,Beed,Beed,Wheat,Other,FAQ,1375,1670,1550,2-Nov-17
486,Beed,Beed,Wheat,Other,FAQ,1441,1750,1600,1-Nov-17
487,Beed,Beed,Wheat,Other,FAQ,1525,1750,1600,31-Oct-17
488,Beed,Beed,Wheat,Other,FAQ,1411,2000,1550,30-Oct-17
489,Beed,Beed,Wheat,Other,FAQ,1475,1671,1550,28-Oct-17
490,Beed,Beed,Wheat,Other,FAQ,1101,1710,1530,24-Oct-17
491,Beed,Beed,Wheat,Other,FAQ,1461,1670,1550,23-Oct-17
492,Beed,Beed,Wheat,Other,FAQ,1550,1701,1600,20-Oct-17
493,Beed,Beed,Wheat,Other,FAQ,1500,1576,1535,18-Oct-17
494,Beed,Beed,Wheat,Other,FAQ,1451,1665,1550,17-Oct-17
495,Beed,Beed,Wheat,Other,FAQ,1481,1700,1560,16-Oct-17
496,Beed,Beed,Wheat,Other,FAQ,1540,1700,1600,14-Oct-17
497,Beed,Beed,Wheat,Other,FAQ,1500,1765,1600,12-Oct-17
498,Beed,Beed,Wheat,Other,FAQ,1561,1862,1650,11-Oct-17
499,Beed,Beed,Wheat,Other,FAQ,1399,1801,1621,9-Oct-17
500,Beed,Beed,Wheat,Other,FAQ,1500,1710,1600,5-Oct-17
501,Beed,Beed,Wheat,Other,FAQ,1540,1760,1600,4-Oct-17
502,Beed,Beed,Wheat,Other,FAQ,1551,1654,1600,3-Oct-17
503,Beed,Beed,Wheat,Other,FAQ,1500,1718,1600,29-Sep-17
504,Beed,Beed,Wheat,Other,FAQ,1450,1630,1555,28-Sep-17
505,Beed,Beed,Wheat,Other,FAQ,1550,1741,1600,27-Sep-17
506,Beed,Beed,Wheat,Other,FAQ,1550,1700,1600,26-Sep-17
507,Beed,Beed,Wheat,Other,FAQ,1481,1751,1600,25-Sep-17
508,Beed,Beed,Wheat,Other,FAQ,1500,1630,1590,23-Sep-17
509,Beed,Beed,Wheat,Other,FAQ,1620,1830,1700,22-Sep-17
510,Beed,Beed,Wheat,Other,FAQ,1630,1800,1700,19-Sep-17
511,Beed,Beed,Wheat,Other,FAQ,1660,1800,1750,15-Sep-17
512,Beed,Beed,Wheat,Other,FAQ,1551,1671,1600,14-Sep-17
513,Beed,Beed,Wheat,Other,FAQ,1616,1790,1700,13-Sep-17
514,Beed,Beed,Wheat,Other,FAQ,1640,1970,1800,9-Sep-17
515,Beed,Beed,Wheat,Other,FAQ,1600,1800,1700,8-Sep-17
516,Beed,Beed,Wheat,Other,FAQ,1660,1751,1751,4-Sep-17
517,Beed,Beed,Wheat,Other,FAQ,1650,1735,1735,1-Sep-17
518,Beed,Beed,Wheat,Other,FAQ,1650,1900,1750,31-Aug-17
519,Beed,Beed,Wheat,Other,FAQ,1615,1829,1700,29-Aug-17
520,Beed,Beed,Wheat,Other,FAQ,1680,1906,1800,28-Aug-17
521,Beed,Beed,Wheat,Other,FAQ,1650,1750,1700,23-Aug-17
522,Beed,Beed,Wheat,Other,FAQ,4400,4400,4400,22-Aug-17
523,Beed,Beed,Wheat,Other,FAQ,1661,2250,1725,19-Aug-17
524,Beed,Beed,Wheat,Other,FAQ,1660,1773,1700,18-Aug-17
525,Beed,Beed,Wheat,Other,FAQ,1670,1750,1700,17-Aug-17
526,Beed,Beed,Wheat,Other,FAQ,1661,1836,1700,16-Aug-17
527,Beed,Beed,Wheat,Other,FAQ,1600,1798,1700,12-Aug-17
528,Beed,Beed,Wheat,Other,FAQ,1612,1826,1700,11-Aug-17
529,Beed,Beed,Wheat,Other,FAQ,1500,1778,1700,10-Aug-17
530,Beed,Beed,Wheat,Other,FAQ,1486,1580,1500,9-Aug-17
531,Beed,Beed,Wheat,Other,FAQ,1600,1886,1700,8-Aug-17
532,Beed,Beed,Wheat,Other,FAQ,1557,1643,1600,5-Aug-17
533,Beed,Beed,Wheat,Other,FAQ,1600,1890,1720,4-Aug-17
534,Beed,Beed,Wheat,Other,FAQ,1660,1900,1800,3-Aug-17
535,Beed,Beed,Wheat,Other,FAQ,1551,1765,1700,2-Aug-17
536,Beed,Beed,Wheat,Other,FAQ,1689,2111,1740,1-Aug-17
537,Beed,Beed,Wheat,Other,FAQ,1685,1810,1768,31-Jul-17
538,Beed,Beed,Wheat,Other,FAQ,1611,1811,1710,29-Jul-17
539,Beed,Beed,Wheat,Other,FAQ,1600,1812,1760,28-Jul-17
540,Beed,Beed,Wheat,Other,FAQ,1600,1996,1701,26-Jul-17
541,Beed,Beed,Wheat,Other,FAQ,1470,1551,1551,25-Jul-17
542,Beed,Beed,Wheat,Other,FAQ,1590,1721,1700,24-Jul-17
543,Beed,Beed,Wheat,Other,FAQ,1641,1900,1733,22-Jul-17
544,Beed,Beed,Wheat,Other,FAQ,1600,1771,1700,21-Jul-17
545,Beed,Beed,Wheat,Other,FAQ,1501,1671,1626,20-Jul-17
546,Beed,Beed,Wheat,Other,FAQ,1501,1693,1616,19-Jul-17
547,Beed,Beed,Wheat,Other,FAQ,1700,2300,1871,17-Jul-17
548,Beed,Beed,Wheat,Other,FAQ,1583,1820,1660,15-Jul-17
549,Beed,Beed,Wheat,Other,FAQ,1700,1853,1800,14-Jul-17
550,Beed,Beed,Wheat,Other,FAQ,1567,1700,1700,12-Jul-17
551,Beed,Beed,Wheat,Other,FAQ,1617,1780,1700,11-Jul-17
552,Beed,Beed,Wheat,Other,FAQ,1526,1860,1700,10-Jul-17
553,Beed,Beed,Wheat,Other,FAQ,1546,1737,1586,8-Jul-17
554,Beed,Beed,Wheat,Other,FAQ,1276,2001,1665,7-Jul-17
555,Beed,Beed,Wheat,Other,FAQ,1650,1900,1700,6-Jul-17
556,Beed,Beed,Wheat,Other,FAQ,1700,2100,1800,5-Jul-17
557,Beed,Beed,Wheat,Other,FAQ,1671,2150,1700,29-Jun-17
558,Beed,Beed,Wheat,Other,FAQ,1718,1940,1800,28-Jun-17
559,Beed,Beed,Wheat,Other,FAQ,1580,1801,1600,27-Jun-17
560,Beed,Beed,Wheat,Other,FAQ,1700,2015,1801,23-Jun-17
561,Beed,Beed,Wheat,Other,FAQ,1501,1933,1933,22-Jun-17
562,Beed,Beed,Wheat,Other,FAQ,1499,1691,1550,21-Jun-17
563,Beed,Beed,Wheat,Other,FAQ,1511,2010,1650,20-Jun-17
564,Beed,Beed,Wheat,Other,FAQ,1500,1851,1650,17-Jun-17
565,Beed,Beed,Wheat,Other,FAQ,1522,2095,1600,16-Jun-17
566,Beed,Beed,Wheat,Other,FAQ,1511,1870,1550,15-Jun-17
567,Beed,Beed,Wheat,Other,FAQ,1521,1900,1550,14-Jun-17
568,Beed,Beed,Wheat,Other,FAQ,1600,2041,1700,12-Jun-17
569,Beed,Beed,Wheat,Other,FAQ,1500,1971,1550,10-Jun-17
570,Beed,Beed,Wheat,Other,FAQ,1521,2100,1600,9-Jun-17
571,Beed,Beed,Wheat,Other,FAQ,1500,1771,1600,7-Jun-17
572,Beed,Beed,Wheat,Other,FAQ,1650,1902,1700,6-Jun-17
573,Beed,Beed,Wheat,Other,FAQ,1500,1972,1600,2-Jun-17
574,Beed,Beed,Wheat,Other,FAQ,1540,1855,1560,31-May-17
575,Beed,Beed,Wheat,Other,FAQ,1453,2018,1900,30-May-17
576,Beed,Beed,Wheat,Other,FAQ,1580,1871,1801,26-May-17
577,Beed,Beed,Wheat,Other,FAQ,1501,1600,1580,24-May-17
578,Beed,Beed,Wheat,Other,FAQ,1600,1951,1870,23-May-17
579,Beed,Beed,Wheat,Other,FAQ,1650,2100,1802,19-May-17
580,Beed,Beed,Wheat,Other,FAQ,1591,2000,1750,18-May-17
581,Beed,Beed,Wheat,Other,FAQ,1609,1921,1800,17-May-17
582,Beed,Beed,Wheat,Other,FAQ,1700,2015,1900,16-May-17
583,Beed,Beed,Wheat,Other,FAQ,1651,2001,1761,15-May-17
584,Beed,Beed,Wheat,Other,FAQ,1650,2007,1900,13-May-17
585,Beed,Beed,Wheat,Other,FAQ,1700,2122,2076,12-May-17
586,Beed,Beed,Wheat,Other,FAQ,1600,2100,1830,11-May-17
587,Beed,Beed,Wheat,Other,FAQ,1641,2000,1800,9-May-17
588,Beed,Beed,Wheat,Other,FAQ,1620,2151,1861,8-May-17
589,Beed,Beed,Wheat,Other,FAQ,1851,1960,1960,5-May-17
590,Beed,Beed,Wheat,Other,FAQ,1600,2036,1900,4-May-17
591,Beed,Beed,Wheat,Other,FAQ,1600,2027,1800,3-May-17
592,Beed,Beed,Wheat,Other,FAQ,1600,2225,2031,2-May-17
593,Beed,Beed,Wheat,Other,FAQ,1650,2125,2000,29-Apr-17
594,Beed,Beed,Wheat,Other,FAQ,1680,2324,2074,27-Apr-17
595,Beed,Beed,Wheat,Other,FAQ,1600,2176,1893,25-Apr-17
596,Beed,Beed,Wheat,Other,FAQ,1600,2203,1940,24-Apr-17
597,Beed,Beed,Wheat,Other,FAQ,1790,1880,1880,22-Apr-17
598,Beed,Beed,Wheat,Other,FAQ,1836,1961,1961,21-Apr-17
599,Beed,Beed,Wheat,Other,FAQ,1630,2131,1900,20-Apr-17
600,Beed,Beed,Wheat,Other,FAQ,1670,2100,2040,19-Apr-17
601,Beed,Beed,Wheat,Other,FAQ,1600,2140,1800,18-Apr-17
602,Beed,Beed,Wheat,Other,FAQ,1700,2231,2000,17-Apr-17
603,Beed,Beed,Wheat,Other,FAQ,1696,2202,2000,15-Apr-17
604,Beed,Beed,Wheat,Other,FAQ,1650,1923,1865,13-Apr-17
605,Beed,Beed,Wheat,Other,FAQ,1600,2200,1800,12-Apr-17
606,Beed,Beed,Wheat,Other,FAQ,1650,2001,1795,11-Apr-17
607,Beed,Beed,Wheat,Other,FAQ,1700,2265,2100,10-Apr-17
608,Beed,Beed,Wheat,Other,FAQ,1625,2131,1850,8-Apr-17
609,Beed,Beed,Wheat,Other,FAQ,1600,2021,1900,7-Apr-17
610,Beed,Beed,Wheat,Other,FAQ,1600,2251,1990,6-Apr-17
611,Beed,Beed,Wheat,Other,FAQ,1600,2101,1700,5-Apr-17
612,Beed,Beed,Wheat,Other,FAQ,1600,2040,1900,3-Apr-17
613,Beed,Beed,Wheat,Other,FAQ,1650,1925,1751,1-Apr-17
614,Beed,Beed,Wheat,Other,FAQ,1701,2125,1971,30-Mar-17
615,Beed,Beed,Wheat,Other,FAQ,1631,2281,1725,29-Mar-17
616,Beed,Beed,Wheat,Other,FAQ,1600,2010,2010,24-Mar-17
617,Beed,Beed,Wheat,Other,FAQ,1695,2009,1858,22-Mar-17
618,Beed,Beed,Wheat,Other,FAQ,1800,2000,1896,21-Mar-17
619,Beed,Beed,Wheat,Other,FAQ,1670,1915,1805,20-Mar-17
620,Beed,Beed,Wheat,Other,FAQ,1601,1900,1701,17-Mar-17
621,Beed,Beed,Wheat,Other,FAQ,1600,1974,1706,16-Mar-17
622,Beed,Beed,Wheat,Other,FAQ,1550,1981,1630,15-Mar-17
623,Beed,Beed,Wheat,Other,FAQ,1600,2031,1800,14-Mar-17
624,Beed,Beed,Wheat,Other,FAQ,1645,1852,1747,10-Mar-17
625,Beed,Beed,Wheat,Other,FAQ,1720,2000,2000,9-Mar-17
626,Beed,Beed,Wheat,Other,FAQ,1635,2000,1830,8-Mar-17
627,Beed,Beed,Wheat,Other,FAQ,1629,2001,1880,7-Mar-17
628,Beed,Beed,Wheat,Other,FAQ,1670,2050,1850,6-Mar-17
629,Beed,Beed,Wheat,Other,FAQ,1700,2001,1831,4-Mar-17
630,Beed,Beed,Wheat,Other,FAQ,1600,1950,1750,3-Mar-17
631,Beed,Beed,Wheat,Other,FAQ,1601,1925,1750,2-Mar-17
632,Beed,Beed,Wheat,Other,FAQ,1620,1911,1800,1-Mar-17
633,Beed,Beed,Wheat,Other,FAQ,1740,1961,1841,28-Feb-17
634,Beed,Beed,Wheat,Other,FAQ,1650,2034,1800,27-Feb-17
635,Beed,Beed,Wheat,Other,FAQ,1720,1951,1866,22-Feb-17
636,Beed,Beed,Wheat,Other,FAQ,1716,2151,1932,21-Feb-17
637,Beed,Beed,Wheat,Other,FAQ,1801,2252,2102,18-Feb-17
638,Beed,Beed,Wheat,Other,FAQ,1750,1750,1750,17-Feb-17
639,Beed,Beed,Wheat,Other,FAQ,2200,2262,2262,15-Feb-17
640,Beed,Beed,Wheat,Other,FAQ,2262,2262,2262,14-Feb-17
641,Beed,Beed,Wheat,Other,FAQ,2282,2282,2282,13-Feb-17
642,Beed,Beed,Wheat,Other,FAQ,1952,2301,2301,11-Feb-17
643,Beed,Beed,Wheat,Other,FAQ,2200,2472,2318,3-Feb-17
644,Beed,Beed,Wheat,Other,FAQ,1927,2510,2510,28-Jan-17
645,Beed,Beed,Wheat,Other,FAQ,1550,2450,2450,25-Jan-17
646,Beed,Beed,Wheat,Other,FAQ,2151,2151,2151,17-Jan-17
647,Beed,Beed,Wheat,Other,FAQ,2100,2100,2100,16-Jan-17
648,Beed,Beed,Wheat,Other,FAQ,2650,2650,2650,13-Jan-17
649,Beed,Beed,Wheat,Other,FAQ,2100,2100,2100,10-Jan-17
650,Beed,Beed,Wheat,Other,FAQ,2000,2000,2000,9-Jan-17
651,Beed,Beed,Wheat,Other,FAQ,2100,2331,2323,7-Jan-17
652,Beed,Beed,Wheat,Other,FAQ,1613,1613,1613,6-Jan-17
653,Beed,Beed,Wheat,Other,FAQ,2020,2670,2500,4-Jan-17
654,Beed,Beed,Wheat,Other,FAQ,1800,2000,2000,3-Jan-17
655,Beed,Beed,Wheat,Other,FAQ,1700,2510,2010,2-Jan-17
656,Beed,Beed,Wheat,Other,FAQ,1751,2250,2250,30-Dec-16
657,Beed,Beed,Wheat,Other,FAQ,1744,2850,2031,27-Dec-16
658,Beed,Beed,Wheat,Other,FAQ,1780,2272,2000,22-Dec-16
659,Beed,Beed,Wheat,Other,FAQ,1868,1868,1868,19-Dec-16
660,Beed,Beed,Wheat,Other,FAQ,2801,2801,2801,17-Dec-16
661,Beed,Beed,Wheat,Other,FAQ,2500,2500,2500,14-Dec-16
662,Beed,Beed,Wheat,Other,FAQ,2000,2000,2000,10-Dec-16
663,Beed,Beed,Wheat,Other,FAQ,2380,2380,2380,9-Dec-16
664,Beed,Beed,Wheat,Other,FAQ,2200,2200,2200,8-Dec-16
665,Beed,Beed,Wheat,Other,FAQ,2460,2460,2460,7-Dec-16
666,Beed,Beed,Wheat,Other,FAQ,2000,2140,2140,5-Dec-16
667,Beed,Beed,Wheat,Other,FAQ,2271,2271,2271,3-Dec-16
668,Beed,Beed,Wheat,Other,FAQ,1750,1901,1901,2-Dec-16
669,Beed,Beed,Wheat,Other,FAQ,1750,2401,2300,1-Dec-16
670,Beed,Beed,Wheat,Other,FAQ,1621,2155,1875,30-Nov-16
671,Beed,Beed,Wheat,Other,FAQ,2700,2700,2700,19-Nov-16
672,Beed,Beed,Wheat,Other,FAQ,2200,2400,2300,18-Nov-16
673,Beed,Beed,Wheat,Other,FAQ,1890,2460,2100,1-Nov-16
674,Beed,Beed,Wheat,Other,FAQ,2075,2075,2075,27-Oct-16
675,Beed,Beed,Wheat,Other,FAQ,1851,2500,2000,26-Oct-16
676,Beed,Beed,Wheat,Other,FAQ,1700,2700,1951,22-Oct-16
677,Beed,Beed,Wheat,Other,FAQ,1700,2477,2000,20-Oct-16
678,Beed,Beed,Wheat,Other,FAQ,1782,2120,2120,18-Oct-16
679,Beed,Beed,Wheat,Other,FAQ,1521,2701,2200,17-Oct-16
680,Beed,Beed,Wheat,Other,FAQ,1700,1700,1700,14-Oct-16
681,Beed,Beed,Wheat,Other,FAQ,2451,2451,2451,13-Oct-16
682,Beed,Beed,Wheat,Other,FAQ,1661,1661,1661,7-Oct-16
683,Beed,Beed,Wheat,Other,FAQ,2243,2243,2243,6-Oct-16
684,Beed,Beed,Wheat,Other,FAQ,1926,2400,2050,5-Oct-16
685,Beed,Beed,Wheat,Other,FAQ,2200,2500,2500,4-Oct-16
686,Beed,Beed,Wheat,Other,FAQ,1641,2283,1815,29-Sep-16
687,Beed,Beed,Wheat,Other,FAQ,2235,2235,2235,28-Sep-16
688,Beed,Beed,Wheat,Other,FAQ,1400,2100,1571,27-Sep-16
689,Beed,Beed,Wheat,Other,FAQ,1601,1850,1800,26-Sep-16
690,Beed,Beed,Wheat,Other,FAQ,1535,2284,2000,22-Sep-16
691,Beed,Beed,Wheat,Other,FAQ,1501,1501,1501,20-Sep-16
692,Beed,Beed,Wheat,Other,FAQ,2500,2500,2500,19-Sep-16
693,Beed,Beed,Wheat,Other,FAQ,1500,2400,1900,14-Sep-16
694,Beed,Beed,Wheat,Other,FAQ,1521,1925,1900,12-Sep-16
695,Beed,Beed,Wheat,Other,FAQ,1600,2161,2000,10-Sep-16
696,Beed,Beed,Wheat,Other,FAQ,1651,1800,1800,8-Sep-16
697,Beed,Beed,Wheat,Other,FAQ,1700,1800,1800,3-Sep-16
698,Beed,Beed,Wheat,Other,FAQ,1500,3041,2000,2-Sep-16
699,Beed,Beed,Wheat,Other,FAQ,1557,1581,1560,29-Aug-16
700,Beed,Beed,Wheat,Other,FAQ,2835,2835,2835,27-Aug-16
701,Beed,Beed,Wheat,Other,FAQ,2001,2001,2001,25-Aug-16
702,Beed,Beed,Wheat,Other,FAQ,1931,1931,1931,24-Aug-16
703,Beed,Beed,Wheat,Other,FAQ,2301,2550,2301,20-Aug-16
704,Beed,Beed,Wheat,Other,FAQ,1700,1971,1900,17-Aug-16
705,Beed,Beed,Wheat,Other,FAQ,1507,1900,1660,16-Aug-16
706,Beed,Beed,Wheat,Other,FAQ,1700,1761,1750,10-Aug-16
707,Beed,Beed,Wheat,Other,FAQ,1550,2298,1557,8-Aug-16
708,Beed,Beed,Wheat,Other,FAQ,1741,2371,2200,6-Aug-16
709,Beed,Beed,Wheat,Other,FAQ,1708,1708,1708,5-Aug-16
710,Beed,Beed,Wheat,Other,FAQ,1600,1600,1600,4-Aug-16
711,Beed,Beed,Wheat,Other,FAQ,1708,2187,2100,3-Aug-16
712,Beed,Beed,Wheat,Other,FAQ,2119,2119,2119,30-Jul-16
713,Beed,Beed,Wheat,Other,FAQ,2100,2100,2100,29-Jul-16
714,Beed,Beed,Wheat,Other,FAQ,1550,2357,2000,8-Jul-16
715,Beed,Beed,Wheat,Other,FAQ,1910,1910,1910,5-Jul-16
716,Beed,Beed,Wheat,Other,FAQ,1910,2000,1950,2-Jul-16
717,Beed,Beed,Wheat,Other,FAQ,1557,1557,1557,1-Jul-16
718,Beed,Beed,Wheat,Other,FAQ,1525,1560,1550,28-Jun-16
719,Beed,Beed,Wheat,Other,FAQ,1480,1581,1550,27-Jun-16
720,Beed,Beed,Wheat,Other,FAQ,2331,2331,2331,24-Jun-16
721,Beed,Beed,Wheat,Other,FAQ,2040,2040,2040,23-Jun-16
722,Beed,Beed,Wheat,Other,FAQ,1500,2251,2000,22-Jun-16
723,Beed,Beed,Wheat,Other,FAQ,1716,1995,1900,21-Jun-16
724,Beed,Beed,Wheat,Other,FAQ,1571,2017,2000,17-Jun-16
725,Beed,Beed,Wheat,Other,FAQ,2200,2200,2200,15-Jun-16
726,Beed,Beed,Wheat,Other,FAQ,1536,2201,2000,14-Jun-16
727,Beed,Beed,Wheat,Other,FAQ,1400,1718,1700,11-Jun-16
728,Beed,Beed,Wheat,Other,FAQ,1795,1951,1900,10-Jun-16
729,Beed,Beed,Wheat,Other,FAQ,1800,2350,1991,9-Jun-16
730,Beed,Beed,Wheat,Other,FAQ,1430,1521,1500,7-Jun-16
731,Beed,Beed,Wheat,Other,FAQ,1575,1575,1575,6-Jun-16
732,Beed,Beed,Wheat,Other,FAQ,2210,2210,2210,4-Jun-16
733,Beed,Beed,Wheat,Other,FAQ,1801,2325,2000,3-Jun-16
734,Beed,Beed,Wheat,Other,FAQ,1584,1584,1584,2-Jun-16
735,Beed,Beed,Wheat,Other,FAQ,1600,2470,2000,31-May-16
736,Beed,Beed,Wheat,Other,FAQ,1931,1931,1931,28-May-16
737,Beed,Beed,Wheat,Other,FAQ,2441,2441,2441,27-May-16
738,Beed,Beed,Wheat,Other,FAQ,1751,1751,1751,26-May-16
739,Beed,Beed,Wheat,Other,FAQ,1600,1701,1700,25-May-16
740,Beed,Beed,Wheat,Other,FAQ,1500,1826,1800,23-May-16
741,Beed,Beed,Wheat,Other,FAQ,1641,2500,2200,20-May-16
742,Beed,Beed,Wheat,Other,FAQ,1631,1631,1631,16-May-16
743,Beed,Beed,Wheat,Other,FAQ,2050,2751,2200,14-May-16
744,Beed,Beed,Wheat,Other,FAQ,1473,2261,1500,13-May-16
745,Beed,Beed,Wheat,Other,FAQ,1630,2561,2241,12-May-16
746,Beed,Beed,Wheat,Other,FAQ,1601,2600,2300,11-May-16
747,Beed,Beed,Wheat,Other,FAQ,1600,1931,1900,10-May-16
748,Beed,Beed,Wheat,Other,FAQ,1500,2912,1690,7-May-16
749,Beed,Beed,Wheat,Other,FAQ,1680,1726,1700,5-May-16
750,Beed,Beed,Wheat,Other,FAQ,1480,2400,2000,28-Apr-16
751,Beed,Beed,Wheat,Other,FAQ,1616,1891,1700,27-Apr-16
752,Beed,Beed,Wheat,Other,FAQ,1500,2450,2200,26-Apr-16
753,Beed,Beed,Wheat,Other,FAQ,1801,1801,1801,23-Apr-16
754,Beed,Beed,Wheat,Other,FAQ,1548,1601,1585,22-Apr-16
755,Beed,Beed,Wheat,Other,FAQ,1800,2499,2000,21-Apr-16
756,Beed,Beed,Wheat,Other,FAQ,1521,5700,2000,20-Apr-16
757,Beed,Beed,Wheat,Other,FAQ,1566,2599,2100,18-Apr-16
758,Beed,Beed,Wheat,Other,FAQ,1500,1700,1600,16-Apr-16
759,Beed,Beed,Wheat,Other,FAQ,1800,2400,2000,12-Apr-16
760,Beed,Beed,Wheat,Other,FAQ,1581,1613,1581,11-Apr-16
761,Beed,Beed,Wheat,Other,FAQ,1818,2608,1818,8-Apr-16
762,Beed,Beed,Wheat,Other,FAQ,1591,2751,2065,6-Apr-16
763,Beed,Beed,Wheat,Other,FAQ,1566,2845,1566,5-Apr-16
764,Beed,Beed,Wheat,Other,FAQ,1500,1660,1540,4-Apr-16
765,Beed,Beed,Wheat,Other,FAQ,2301,2800,2301,2-Apr-16
766,Beed,Beed,Wheat,Other,FAQ,1450,2100,1450,1-Apr-16
767,Beed,Beed,Wheat,Other,FAQ,2500,2500,2500,31-Mar-16
768,Beed,Beed,Wheat,Other,FAQ,1500,2091,1751,30-Mar-16
769,Beed,Beed,Wheat,Other,FAQ,1490,2710,1671,29-Mar-16
770,Beed,Beed,Wheat,Other,FAQ,1851,1851,1851,28-Mar-16
771,Beed,Beed,Wheat,Other,FAQ,1620,1620,1620,26-Mar-16
772,Beed,Beed,Wheat,Other,FAQ,1580,1981,1830,25-Mar-16
773,Beed,Beed,Wheat,Other,FAQ,1900,2182,1950,22-Mar-16
774,Beed,Beed,Wheat,Other,FAQ,1886,2302,2000,21-Mar-16
775,Beed,Beed,Wheat,Other,FAQ,1841,2452,2100,18-Mar-16
776,Beed,Beed,Wheat,Other,FAQ,1900,2321,2061,17-Mar-16
777,Beed,Beed,Wheat,Other,FAQ,2451,2451,2451,16-Mar-16
778,Beed,Beed,Wheat,Other,FAQ,1740,2690,2690,15-Mar-16
779,Beed,Beed,Wheat,Other,FAQ,1600,1800,1731,14-Mar-16
780,Beed,Beed,Wheat,Other,FAQ,2441,2441,2441,11-Mar-16
781,Beed,Beed,Wheat,Other,FAQ,1901,1901,1901,10-Mar-16
782,Beed,Beed,Wheat,Other,FAQ,1745,2831,1789,9-Mar-16
783,Beed,Beed,Wheat,Other,FAQ,2100,2100,2100,5-Mar-16
784,Beed,Beed,Wheat,Other,FAQ,2616,2840,2840,3-Mar-16
785,Beed,Beed,Wheat,Other,FAQ,1860,1860,1860,2-Mar-16
786,Beed,Beed,Wheat,Other,FAQ,1850,2400,2400,20-Feb-16
787,Beed,Beed,Wheat,Other,FAQ,1716,1716,1716,16-Feb-16
788,Beed,Beed,Wheat,Other,FAQ,1657,2152,2152,13-Feb-16
789,Beed,Beed,Wheat,Other,FAQ,1586,1936,1936,10-Feb-16
790,Beed,Beed,Wheat,Other,FAQ,1600,1621,1621,6-Feb-16
791,Beed,Beed,Wheat,Other,FAQ,1801,1980,1980,2-Feb-16
792,Beed,Beed,Wheat,Other,FAQ,1611,2100,2100,21-Jan-16
793,Beed,Beed,Wheat,Other,FAQ,1566,2126,1680,19-Jan-16
794,Beed,Beed,Wheat,Other,FAQ,1699,1699,1699,18-Jan-16
795,Beed,Beed,Wheat,Other,FAQ,1660,2700,1790,13-Jan-16
796,Beed,Beed,Wheat,Other,FAQ,1800,1800,1800,11-Jan-16
797,Beed,Beed,Wheat,Other,FAQ,1741,1741,1741,5-Jan-16
798,Beed,Beed,Wheat,Other,FAQ,1551,1551,1551,30-Dec-15
799,Beed,Beed,Wheat,Other,FAQ,2210,2210,2210,23-Dec-15
800,Beed,Beed,Wheat,Other,FAQ,1581,1581,1581,7-Dec-15
801,Beed,Beed,Wheat,Other,FAQ,1851,1851,1851,1-Dec-15
802,Beed,Beed,Wheat,Other,FAQ,1601,1850,1850,30-Nov-15
803,Beed,Beed,Wheat,Other,FAQ,1851,1851,1851,28-Nov-15
804,Beed,Beed,Wheat,Other,FAQ,1711,1711,1711,27-Nov-15
805,Beed,Beed,Wheat,Other,FAQ,1600,1971,1971,26-Nov-15
806,Beed,Beed,Wheat,Other,FAQ,1601,2061,1930,24-Nov-15
807,Beed,Beed,Wheat,Other,FAQ,2231,2231,2231,19-Nov-15
808,Beed,Beed,Wheat,Other,FAQ,1741,1741,1741,16-Nov-15
809,Beed,Beed,Wheat,Other,FAQ,1916,1916,1916,14-Nov-15
810,Beed,Beed,Wheat,Other,FAQ,1941,2600,2100,12-Nov-15
811,Beed,Beed,Wheat,Other,FAQ,1575,1668,1668,7-Nov-15
812,Beed,Beed,Wheat,Other,FAQ,1570,2151,1700,6-Nov-15
813,Beed,Beed,Wheat,Other,FAQ,1640,2701,2250,5-Nov-15
814,Beed,Beed,Wheat,Other,FAQ,2091,2091,2091,2-Nov-15
815,Beed,Beed,Wheat,Other,FAQ,1670,2200,2020,29-Oct-15
816,Beed,Beed,Wheat,Other,FAQ,1591,2300,1700,28-Oct-15
817,Beed,Beed,Wheat,Other,FAQ,1591,2300,1700,27-Oct-15
818,Beed,Beed,Wheat,Other,FAQ,1550,2000,2000,26-Oct-15
819,Beed,Beed,Wheat,Other,FAQ,1581,1600,1600,21-Oct-15
820,Beed,Beed,Wheat,Other,FAQ,1550,1881,1881,20-Oct-15
821,Beed,Beed,Wheat,Other,FAQ,1615,2248,1842,17-Oct-15
822,Beed,Beed,Wheat,Other,FAQ,1891,2601,2400,16-Oct-15
823,Beed,Beed,Wheat,Other,FAQ,1613,1740,1660,15-Oct-15
824,Beed,Beed,Wheat,Other,FAQ,1598,2019,1800,13-Oct-15
825,Beed,Beed,Wheat,Other,FAQ,1631,1697,1631,9-Oct-15
826,Beed,Beed,Wheat,Other,FAQ,1600,1600,1600,8-Oct-15
827,Beed,Beed,Wheat,Other,FAQ,1700,2111,1930,7-Oct-15
828,Beed,Beed,Wheat,Other,FAQ,1700,1750,1750,3-Oct-15
829,Beed,Beed,Wheat,Other,FAQ,1600,1921,1800,26-Sep-15
830,Beed,Beed,Wheat,Other,FAQ,1550,1550,1550,24-Sep-15
831,Beed,Beed,Wheat,Other,FAQ,1801,1900,1900,21-Sep-15
832,Beed,Beed,Wheat,Other,FAQ,1725,1725,1725,15-Sep-15
833,Beed,Beed,Wheat,Other,FAQ,1871,2075,2075,9-Sep-15
834,Beed,Beed,Wheat,Other,FAQ,1550,2701,2701,8-Sep-15
835,Beed,Beed,Wheat,Other,FAQ,1651,2300,2300,4-Sep-15
836,Beed,Beed,Wheat,Other,FAQ,1590,1686,1660,3-Sep-15
837,Beed,Beed,Wheat,Other,FAQ,1600,1980,1751,1-Sep-15
838,Beed,Beed,Wheat,Other,FAQ,1925,2402,2060,28-Aug-15
839,Beed,Beed,Wheat,Other,FAQ,1638,2211,2200,26-Aug-15
840,Beed,Beed,Wheat,Other,FAQ,1776,2022,2022,22-Aug-15
841,Beed,Beed,Wheat,Other,FAQ,1550,1870,1616,18-Aug-15
842,Beed,Beed,Wheat,Other,FAQ,1550,1800,1600,13-Aug-15
843,Beed,Beed,Wheat,Other,FAQ,1550,1700,1620,11-Aug-15
844,Beed,Beed,Wheat,Other,FAQ,1570,1801,1774,7-Aug-15
845,Beed,Beed,Wheat,Other,FAQ,1615,2071,1771,30-Jul-15
846,Beed,Beed,Wheat,Other,FAQ,1560,2651,1650,20-Jul-15
847,Beed,Beed,Wheat,Other,FAQ,1550,2055,1600,17-Jul-15
848,Beed,Beed,Wheat,Other,FAQ,1600,1800,1800,14-Jul-15
849,Beed,Beed,Wheat,Other,FAQ,1550,1600,1600,13-Jul-15
850,Beed,Beed,Wheat,Other,FAQ,1550,2300,1600,8-Jul-15
851,Beed,Beed,Wheat,Other,FAQ,1550,1900,1761,7-Jul-15
852,Beed,Beed,Wheat,Other,FAQ,2099,2350,2150,6-Jul-15
853,Beed,Beed,Wheat,Other,FAQ,1599,2141,1675,4-Jul-15
854,Beed,Beed,Wheat,Other,FAQ,1600,1600,1600,2-Jul-15
855,Beed,Beed,Wheat,Other,FAQ,1600,1850,1850,30-Jun-15
856,Beed,Beed,Wheat,Other,FAQ,1815,2675,2000,29-Jun-15
857,Beed,Beed,Wheat,Other,FAQ,1550,1701,1600,25-Jun-15
858,Beed,Beed,Wheat,Other,FAQ,1600,2085,1700,24-Jun-15
859,Beed,Beed,Wheat,Other,FAQ,1661,2115,1700,23-Jun-15
860,Beed,Beed,Wheat,Other,FAQ,1800,2096,1900,22-Jun-15
861,Beed,Beed,Wheat,Other,FAQ,1800,2096,2000,20-Jun-15
862,Beed,Beed,Wheat,Other,FAQ,1570,2350,2100,19-Jun-15
863,Beed,Beed,Wheat,Other,FAQ,1801,2530,2225,18-Jun-15
864,Beed,Beed,Wheat,Other,FAQ,1800,2040,1882,15-Jun-15
865,Beed,Beed,Wheat,Other,FAQ,1600,1926,1720,13-Jun-15
866,Beed,Beed,Wheat,Other,FAQ,2790,2790,2790,12-Jun-15
867,Beed,Beed,Wheat,Other,FAQ,1600,2000,1800,11-Jun-15
868,Beed,Beed,Wheat,Other,FAQ,1600,2326,2300,10-Jun-15
869,Beed,Beed,Wheat,Other,FAQ,1600,2822,2400,9-Jun-15
870,Beed,Beed,Wheat,Other,FAQ,2116,2590,2200,6-Jun-15
871,Beed,Beed,Wheat,Other,FAQ,1900,2300,2000,4-Jun-15
872,Beed,Beed,Wheat,Other,FAQ,1551,2500,2400,3-Jun-15
873,Beed,Beed,Wheat,Other,FAQ,1700,2065,1800,1-Jun-15
874,Beed,Beed,Wheat,Other,FAQ,1550,1600,1600,29-May-15
875,Beed,Beed,Wheat,Other,FAQ,1600,2000,1780,28-May-15
876,Beed,Beed,Wheat,Other,FAQ,1600,2701,1750,26-May-15
877,Beed,Beed,Wheat,Other,FAQ,1701,2161,1800,25-May-15
878,Beed,Beed,Wheat,Other,FAQ,1700,2501,1800,23-May-15
879,Beed,Beed,Wheat,Other,FAQ,1560,1700,1670,22-May-15
880,Beed,Beed,Wheat,Other,FAQ,1522,1900,1600,21-May-15
881,Beed,Beed,Wheat,Other,FAQ,2200,2551,2440,19-May-15
882,Beed,Beed,Wheat,Other,FAQ,1676,1899,1700,16-May-15
883,Beed,Beed,Wheat,Other,FAQ,1565,1600,1600,14-May-15
884,Beed,Beed,Wheat,Other,FAQ,1642,2010,1926,13-May-15
885,Beed,Beed,Wheat,Other,FAQ,1550,2210,1800,12-May-15
886,Beed,Beed,Wheat,Other,FAQ,1550,2000,1550,11-May-15
887,Beed,Beed,Wheat,Other,FAQ,1600,2441,1800,9-May-15
888,Beed,Beed,Wheat,Other,FAQ,1600,2060,1700,6-May-15
889,Beed,Beed,Wheat,Other,FAQ,2015,2115,2015,5-May-15
890,Beed,Beed,Wheat,Other,FAQ,1800,2250,2100,2-May-15
891,Beed,Beed,Wheat,Other,FAQ,1750,2251,1800,30-Apr-15
892,Beed,Beed,Wheat,Other,FAQ,1600,2570,2100,29-Apr-15
893,Beed,Beed,Wheat,Other,FAQ,1800,1800,1800,28-Apr-15
894,Beed,Beed,Wheat,Other,FAQ,1700,2996,1885,27-Apr-15
895,Beed,Beed,Wheat,Other,FAQ,1700,2600,2200,25-Apr-15
896,Beed,Beed,Wheat,Other,FAQ,2051,2051,2051,24-Apr-15
897,Beed,Beed,Wheat,Other,FAQ,1700,2950,2300,23-Apr-15
898,Beed,Beed,Wheat,Other,FAQ,1650,2700,2200,22-Apr-15
899,Beed,Beed,Wheat,Other,FAQ,1600,2900,2200,20-Apr-15
900,Beed,Beed,Wheat,Other,FAQ,1600,2460,1970,17-Apr-15
901,Beed,Beed,Wheat,Other,FAQ,1680,2340,1950,16-Apr-15
902,Beed,Beed,Wheat,Other,FAQ,1600,2475,1990,15-Apr-15
903,Beed,Beed,Wheat,Other,FAQ,1695,2750,2291,13-Apr-15
904,Beed,Beed,Wheat,Other,FAQ,1650,2550,2000,11-Apr-15
905,Beed,Beed,Wheat,Other,FAQ,1450,1450,1450,10-Apr-15
906,Beed,Beed,Wheat,Other,FAQ,1600,2675,2100,9-Apr-15
907,Beed,Beed,Wheat,Other,FAQ,1650,2750,2371,8-Apr-15
908,Beed,Beed,Wheat,Other,FAQ,1650,2486,2050,7-Apr-15
909,Beed,Beed,Wheat,Other,FAQ,1700,2431,1950,6-Apr-15
910,Beed,Beed,Wheat,Other,FAQ,2100,2100,2100,1-Apr-15
911,Beed,Beed,Wheat,Other,FAQ,1600,2230,2000,31-Mar-15
912,Beed,Beed,Wheat,Other,FAQ,1600,2400,1800,30-Mar-15
913,Beed,Beed,Wheat,Other,FAQ,2176,2176,2176,27-Mar-15
914,Beed,Beed,Wheat,Other,FAQ,2096,2571,2096,26-Mar-15
915,Beed,Beed,Wheat,Other,FAQ,1650,2100,1780,25-Mar-15
916,Beed,Beed,Wheat,Other,FAQ,2351,2351,2351,24-Mar-15
917,Beed,Beed,Wheat,Other,FAQ,1650,2181,1900,23-Mar-15
918,Beed,Beed,Wheat,Other,FAQ,1581,1581,1581,21-Mar-15
919,Beed,Beed,Wheat,Other,FAQ,1846,1846,1846,19-Mar-15
920,Beed,Beed,Wheat,Other,FAQ,2181,2181,2181,18-Mar-15
921,Beed,Beed,Wheat,Other,FAQ,2000,2000,2000,17-Mar-15
922,Beed,Beed,Wheat,Other,FAQ,1600,2320,1750,14-Mar-15
923,Beed,Beed,Wheat,Other,FAQ,1670,1670,1670,12-Mar-15
924,Beed,Beed,Wheat,Other,FAQ,1900,1900,1900,11-Mar-15
925,Beed,Beed,Wheat,Other,FAQ,1891,1891,1891,10-Mar-15
926,Beed,Beed,Wheat,Other,FAQ,1550,2300,1700,9-Mar-15
927,Beed,Beed,Wheat,Other,FAQ,1560,1560,1560,7-Mar-15
928,Beed,Beed,Wheat,Other,FAQ,1700,2201,1900,4-Mar-15
929,Beed,Beed,Wheat,Other,FAQ,1650,2400,2000,3-Mar-15
930,Beed,Beed,Wheat,Other,FAQ,1925,1925,1925,2-Mar-15
931,Beed,Beed,Wheat,Other,FAQ,1951,1951,1951,8-Jan-15
932,Beed,Beed,Wheat,Other,FAQ,1623,1623,1623,7-Jan-15
933,Beed,Beed,Wheat,Other,FAQ,1837,1837,1837,6-Jan-15
934,Beed,Beed,Wheat,Other,FAQ,1596,1596,1596,3-Jan-15
935,Beed,Beed,Wheat,Other,FAQ,1561,1561,1561,2-Jan-15
936,Beed,Beed,Wheat,Other,FAQ,1856,1856,1856,1-Jan-15
937,Beed,Beed,Wheat,Other,FAQ,1614,2090,1892,30-Dec-14
938,Beed,Beed,Wheat,Other,FAQ,1871,1871,1871,9-Dec-14
939,Beed,Beed,Wheat,Other,FAQ,1500,2052,1650,8-Dec-14
940,Beed,Beed,Wheat,Other,FAQ,1651,1651,1651,4-Dec-14
941,Beed,Beed,Wheat,Other,FAQ,1675,1675,1675,3-Dec-14
942,Beed,Beed,Wheat,Other,FAQ,1625,1625,1625,2-Dec-14
943,Beed,Beed,Wheat,Other,FAQ,1621,1621,1621,1-Dec-14
944,Beed,Beed,Wheat,Other,FAQ,1660,1660,1660,29-Nov-14
945,Beed,Beed,Wheat,Other,FAQ,1825,1825,1825,28-Nov-14
946,Beed,Beed,Wheat,Other,FAQ,1600,2100,1836,26-Nov-14
947,Beed,Beed,Wheat,Other,FAQ,1715,1715,1715,25-Nov-14
948,Beed,Beed,Wheat,Other,FAQ,2000,2000,2000,24-Nov-14
949,Beed,Beed,Wheat,Other,FAQ,1921,1921,1921,21-Nov-14
950,Beed,Beed,Wheat,Other,FAQ,1900,1900,1900,20-Nov-14
951,Beed,Beed,Wheat,Other,FAQ,1650,1650,1650,19-Nov-14
952,Beed,Beed,Wheat,Other,FAQ,1630,1630,1630,18-Nov-14
953,Beed,Beed,Wheat,Other,FAQ,2000,2000,2000,17-Nov-14
954,Beed,Beed,Wheat,Other,FAQ,1681,1681,1681,6-Nov-14
955,Beed,Beed,Wheat,Other,FAQ,1700,1700,1700,5-Nov-14
956,Beed,Beed,Wheat,Other,FAQ,1650,1650,1650,31-Oct-14
957,Beed,Beed,Wheat,Other,FAQ,1616,2050,1700,30-Oct-14
958,Beed,Beed,Wheat,Other,FAQ,1700,1700,1700,29-Oct-14
959,Beed,Beed,Wheat,Other,FAQ,1555,1950,1670,28-Oct-14
960,Beed,Beed,Wheat,Other,FAQ,1600,2100,1650,27-Oct-14
961,Beed,Beed,Wheat,Other,FAQ,1600,1700,1611,25-Oct-14
962,Beed,Beed,Wheat,Other,FAQ,1250,1601,1591,30-Sep-14
963,Beed,Beed,Wheat,Other,FAQ,1250,1699,1650,29-Sep-14
964,Beed,Beed,Wheat,Other,FAQ,1500,1670,1600,27-Sep-14
965,Beed,Beed,Wheat,Other,FAQ,1591,2040,1900,26-Sep-14
966,Beed,Beed,Wheat,Other,FAQ,1420,2525,1621,23-Sep-14
967,Beed,Beed,Wheat,Other,FAQ,1600,1610,1601,22-Sep-14
968,Beed,Beed,Wheat,Other,FAQ,1480,1776,1692,20-Sep-14
969,Beed,Beed,Wheat,Other,FAQ,1300,1707,1502,19-Sep-14
970,Beed,Beed,Wheat,Other,FAQ,1460,1614,1570,18-Sep-14
971,Beed,Beed,Wheat,Other,FAQ,1481,1801,1601,16-Sep-14
972,Beed,Beed,Wheat,Other,FAQ,1656,2601,2400,23-Aug-14
973,Beed,Beed,Wheat,Other,FAQ,1300,1700,1520,21-Aug-14
974,Beed,Beed,Wheat,Other,FAQ,1451,1701,1701,25-Jun-14
975,Beed,Beed,Wheat,Other,FAQ,1401,2410,1701,24-Jun-14
976,Beed,Beed,Wheat,Other,FAQ,1350,1600,1400,20-Jun-14
977,Beed,Beed,Wheat,Other,FAQ,1500,1800,1600,19-Jun-14
978,Beed,Beed,Wheat,Other,FAQ,1400,1901,1600,16-Jun-14
979,Beed,Beed,Wheat,Other,FAQ,1400,1690,1500,31-May-14
980,Beed,Beed,Wheat,Other,FAQ,1400,1500,1450,30-May-14
981,Beed,Beed,Wheat,Other,FAQ,1485,1985,1548,13-May-14
982,Beed,Beed,Wheat,Other,FAQ,1450,2350,1854,12-May-14
983,Beed,Beed,Wheat,Other,FAQ,1400,1650,1500,10-May-14
984,Beed,Beed,Wheat,Other,FAQ,1450,2250,1880,8-May-14
985,Beed,Beed,Wheat,Other,FAQ,1450,1800,1550,7-May-14
986,Beed,Beed,Wheat,Other,FAQ,1356,1751,1545,10-Apr-14
987,Beed,Beed,Wheat,Other,FAQ,1450,2150,1750,9-Apr-14
988,Beed,Beed,Wheat,Other,FAQ,1450,2351,1800,8-Apr-14
989,Beed,Beed,Wheat,Other,FAQ,1360,2175,1871,7-Apr-14
990,Beed,Beed,Wheat,Other,FAQ,1360,1823,1554,5-Apr-14
991,Beed,Beed,Wheat,Other,FAQ,1391,1664,1664,29-Nov-13
992,Beed,Beed,Wheat,Other,FAQ,1320,2350,1320,26-Aug-13
993,Beed,Beed,Wheat,Other,FAQ,1781,2150,2150,24-Aug-13
994,Beed,Beed,Wheat,Other,FAQ,2276,2276,2276,24-Jun-13
995,Beed,Beed,Wheat,Other,FAQ,1951,1951,1951,22-Jun-13
996,Beed,Beed,Wheat,Other,FAQ,1800,1800,1800,21-Jun-13
997,Beed,Beed,Wheat,Other,FAQ,1601,2232,1651,20-Jun-13
998,Beed,Beed,Wheat,Other,FAQ,2400,2400,2400,27-Apr-13
999,Beed,Beed,Wheat,Other,FAQ,2291,2291,2291,24-Apr-13
1000,Beed,Beed,Wheat,Other,FAQ,1800,2001,1851,23-Apr-13
1001,Beed,Beed,Wheat,Other,FAQ,1650,2486,1880,20-Apr-13
1002,Beed,Beed,Wheat,Other,FAQ,1800,2025,1900,16-Apr-13
1003,Beed,Beed,Wheat,Other,FAQ,1453,1453,1453,15-Apr-13
1004,Beed,Beed,Wheat,Other,FAQ,1641,1922,1763,13-Apr-13
1005,Beed,Beed,Wheat,Other,FAQ,1856,2366,2180,12-Apr-13
1006,Beed,Beed,Wheat,Other,FAQ,2155,2155,2155,9-Apr-13
1007,Beed,Beed,Wheat,Other,FAQ,1701,2220,2001,8-Apr-13
1008,Beed,Beed,Wheat,Other,FAQ,1800,2250,2200,2-Apr-13
1009,Beed,Beed,Wheat,Other,FAQ,1471,2000,1615,29-Mar-13
1010,Beed,Beed,Wheat,Other,FAQ,1901,2440,2289,28-Mar-13
1011,Beed,Beed,Wheat,Other,FAQ,1891,2260,2020,25-Mar-13
1012,Beed,Beed,Wheat,Other,FAQ,2050,2151,2050,23-Mar-13
1013,Beed,Beed,Wheat,Other,FAQ,2000,2400,2350,22-Mar-13
1014,Beed,Beed,Wheat,Other,FAQ,2166,2315,2166,21-Mar-13
1015,Beed,Beed,Wheat,Other,FAQ,2000,2336,2150,20-Mar-13
1016,Beed,Beed,Wheat,Other,FAQ,1400,1902,1800,19-Mar-13
1017,Beed,Beed,Wheat,Other,FAQ,2253,2261,2256,9-Mar-13
1018,Beed,Beed,Wheat,Other,FAQ,1470,1983,1983,8-Mar-13
1019,Beed,Beed,Wheat,Other,FAQ,1449,2120,2120,5-Mar-13
1020,Beed,Beed,Wheat,Other,FAQ,1450,1450,1450,4-Mar-13
1021,Beed,Beed,Wheat,Other,FAQ,1200,2168,1500,2-Mar-13
1022,Beed,Beed,Wheat,Other,FAQ,1800,2200,1800,1-Mar-13
1023,Beed,Beed,Wheat,Other,FAQ,1771,1771,1771,28-Feb-13
1024,Beed,Beed,Wheat,Other,FAQ,1900,1901,1900,16-Feb-13
1025,Beed,Beed,Wheat,Other,FAQ,1951,1951,1951,15-Feb-13
1026,Beed,Beed,Wheat,Other,FAQ,1771,2245,1800,13-Feb-13
1027,Beed,Beed,Wheat,Other,FAQ,1601,1871,1601,12-Feb-13
1028,Beed,Beed,Wheat,Other,FAQ,1431,1491,1431,8-Feb-13
1029,Beed,Beed,Wheat,Other,FAQ,1700,1720,1700,6-Feb-13
1030,Beed,Beed,Wheat,Other,FAQ,1841,1841,1841,5-Feb-13
1031,Beed,Beed,Wheat,Other,FAQ,1802,1802,1802,31-Jan-13
1032,Beed,Beed,Wheat,Other,FAQ,1442,2202,2202,23-Jan-13
1033,Beed,Beed,Wheat,Other,FAQ,1292,2200,1400,22-Jan-13
1034,Beed,Beed,Wheat,Other,FAQ,1950,1950,1950,19-Jan-13
1035,Beed,Beed,Wheat,Other,FAQ,1437,2000,1700,18-Jan-13
1036,Beed,Beed,Wheat,Other,FAQ,1308,2200,1725,15-Jan-13
1037,Beed,Beed,Wheat,Other,FAQ,1400,2025,2000,12-Jan-13
1038,Beed,Beed,Wheat,Other,FAQ,2101,2141,2141,9-Jan-13
1039,Beed,Beed,Wheat,Other,FAQ,1500,1600,1600,7-Jan-13
1040,Beed,Beed,Wheat,Other,FAQ,1500,2317,1800,5-Jan-13
1041,Beed,Beed,Wheat,Other,FAQ,1511,2051,2000,1-Jan-13
1042,Beed,Beed,Wheat,Other,FAQ,1425,2200,1700,27-Dec-12
1043,Beed,Beed,Wheat,Other,FAQ,1700,1747,1720,25-Dec-12
1044,Beed,Beed,Wheat,Other,FAQ,1400,2000,1900,24-Dec-12
1045,Beed,Beed,Wheat,Other,FAQ,1779,1995,1900,22-Dec-12
1046,Beed,Beed,Wheat,Other,FAQ,1400,1860,1800,21-Dec-12
1047,Beed,Beed,Wheat,Other,FAQ,1450,1820,1820,20-Dec-12
1048,Beed,Beed,Wheat,Other,FAQ,1490,2271,2000,19-Dec-12
1049,Beed,Beed,Wheat,Other,FAQ,2201,2201,2201,17-Dec-12
1050,Beed,Beed,Wheat,Other,FAQ,1815,1995,1995,15-Dec-12
1051,Beed,Beed,Wheat,Other,FAQ,2245,2245,2245,12-Dec-12
1052,Beed,Beed,Wheat,Other,FAQ,1690,2252,2000,10-Dec-12
1053,Beed,Beed,Wheat,Other,FAQ,1570,1700,1600,8-Dec-12
1054,Beed,Beed,Wheat,Other,FAQ,1500,2294,2200,7-Dec-12
1055,Beed,Beed,Wheat,Other,FAQ,1200,2160,2160,3-Dec-12
1056,Beed,Beed,Wheat,Other,FAQ,1496,1496,1496,1-Dec-12
1057,Beed,Beed,Wheat,Other,FAQ,1830,1927,1830,30-Nov-12
1058,Beed,Beed,Wheat,Other,FAQ,1300,1450,1450,29-Nov-12
1059,Beed,Beed,Wheat,Other,FAQ,1551,1551,1551,28-Nov-12
1060,Beed,Beed,Wheat,Other,FAQ,1746,2236,1850,27-Nov-12
1061,Beed,Beed,Wheat,Other,FAQ,1900,1900,1900,23-Nov-12
1062,Beed,Beed,Wheat,Other,FAQ,1580,2150,2047,22-Nov-12
1063,Beed,Beed,Wheat,Other,FAQ,1400,2101,1800,3-Nov-12
1064,Beed,Beed,Wheat,Other,FAQ,1301,2088,1800,2-Nov-12
1065,Beed,Beed,Wheat,Other,FAQ,1551,2060,2060,1-Nov-12
1066,Beed,Beed,Wheat,Other,FAQ,1700,1825,1825,30-Oct-12
1067,Beed,Beed,Wheat,Other,FAQ,1460,2201,1850,29-Oct-12
1068,Beed,Beed,Wheat,Other,FAQ,1500,2133,1850,19-Oct-12
1069,Beed,Beed,Wheat,Other,FAQ,1891,2335,1891,18-Oct-12
1070,Beed,Beed,Wheat,Other,FAQ,1400,2063,1800,17-Oct-12
1071,Beed,Beed,Wheat,Other,FAQ,1900,1900,1900,13-Oct-12
1072,Beed,Beed,Wheat,Other,FAQ,1611,2112,1800,12-Oct-12
1073,Beed,Beed,Wheat,Other,FAQ,1400,2122,2100,11-Oct-12
1074,Beed,Beed,Wheat,Other,FAQ,1635,2010,1800,10-Oct-12
1075,Beed,Beed,Wheat,Other,FAQ,1400,2123,1791,9-Oct-12
1076,Beed,Beed,Wheat,Other,FAQ,1675,2285,1675,8-Oct-12
1077,Beed,Beed,Wheat,Other,FAQ,2215,2215,2215,6-Oct-12
1078,Beed,Beed,Wheat,Other,FAQ,1400,2001,1700,5-Oct-12
1079,Beed,Beed,Wheat,Other,FAQ,1400,2110,1800,4-Oct-12
1080,Beed,Beed,Wheat,Other,FAQ,1400,1832,1600,3-Oct-12
1081,Beed,Beed,Wheat,Other,FAQ,1931,2020,1955,28-Sep-12
1082,Beed,Beed,Wheat,Other,FAQ,1200,2226,1800,27-Sep-12
1083,Beed,Beed,Wheat,Other,FAQ,1350,1770,1571,26-Sep-12
1084,Beed,Beed,Wheat,Other,FAQ,1800,2253,1861,25-Sep-12
1085,Beed,Beed,Wheat,Other,FAQ,1300,2200,1800,24-Sep-12
1086,Beed,Beed,Wheat,Other,FAQ,1700,2100,1700,21-Sep-12
1087,Beed,Beed,Wheat,Other,FAQ,1601,2243,2080,18-Sep-12
1088,Beed,Beed,Wheat,Other,FAQ,1551,1551,1551,15-Sep-12
1089,Beed,Beed,Wheat,Other,FAQ,2151,2151,2151,14-Sep-12
1090,Beed,Beed,Wheat,Other,FAQ,1400,1965,1900,13-Sep-12
1091,Beed,Beed,Wheat,Other,FAQ,1400,2163,1900,11-Sep-12
1092,Beed,Beed,Wheat,Other,FAQ,1400,2163,1900,10-Sep-12
1093,Beed,Beed,Wheat,Other,FAQ,1285,2178,2178,8-Sep-12
1094,Beed,Beed,Wheat,Other,FAQ,1375,1843,1843,7-Sep-12
1095,Beed,Beed,Wheat,Other,FAQ,1960,2146,1960,6-Sep-12
1096,Beed,Beed,Wheat,Other,FAQ,1720,1930,1720,5-Sep-12
1097,Beed,Beed,Wheat,Other,FAQ,1490,1830,1690,4-Sep-12
1098,Beed,Beed,Wheat,Other,FAQ,1370,1801,1660,3-Sep-12
1099,Beed,Beed,Wheat,Other,FAQ,1475,2200,1900,1-Sep-12
1100,Beed,Beed,Wheat,Other,FAQ,1391,2201,1800,30-Aug-12
1101,Beed,Beed,Wheat,Other,FAQ,1465,2030,1615,29-Aug-12
1102,Beed,Beed,Wheat,Other,FAQ,1640,2050,1800,25-Aug-12
1103,Beed,Beed,Wheat,Other,FAQ,1301,2126,1700,24-Aug-12
1104,Beed,Beed,Wheat,Other,FAQ,1401,2180,1565,23-Aug-12
1105,Beed,Beed,Wheat,Other,FAQ,1876,1942,1900,22-Aug-12
1106,Beed,Beed,Wheat,Other,FAQ,1602,1602,1602,21-Aug-12
1107,Beed,Beed,Wheat,Other,FAQ,1602,1602,1602,18-Aug-12
1108,Beed,Beed,Wheat,Other,FAQ,1951,2051,1980,16-Aug-12
1109,Beed,Beed,Wheat,Other,FAQ,1331,1971,1850,14-Aug-12
1110,Beed,Beed,Wheat,Other,FAQ,1900,2050,1950,13-Aug-12
1111,Beed,Beed,Wheat,Other,FAQ,1391,1941,1700,11-Aug-12
1112,Beed,Beed,Wheat,Other,FAQ,1500,2016,1500,9-Aug-12
1113,Beed,Beed,Wheat,Other,FAQ,1472,1740,1600,8-Aug-12
1114,Beed,Beed,Wheat,Other,FAQ,1464,1951,1785,7-Aug-12
1115,Beed,Beed,Wheat,Other,FAQ,1200,1200,1200,6-Aug-12
1116,Beed,Beed,Wheat,Other,FAQ,1648,1850,1790,30-Jul-12
1117,Beed,Beed,Wheat,Other,FAQ,1700,1700,1700,28-Jul-12
1118,Beed,Beed,Wheat,Other,FAQ,1481,1800,1650,27-Jul-12
1119,Beed,Beed,Wheat,Other,FAQ,1652,1838,1700,26-Jul-12
1120,Beed,Beed,Wheat,Other,FAQ,1290,1585,1550,25-Jul-12
1121,Beed,Beed,Wheat,Other,FAQ,1300,1900,1600,24-Jul-12
1122,Beed,Beed,Wheat,Other,FAQ,1300,1813,1600,21-Jul-12
1123,Beed,Beed,Wheat,Other,FAQ,1480,1806,1780,20-Jul-12
1124,Beed,Beed,Wheat,Other,FAQ,1770,1770,1770,16-Jul-12
1125,Beed,Beed,Wheat,Other,FAQ,1380,1717,1717,14-Jul-12
1126,Beed,Beed,Wheat,Other,FAQ,1410,1603,1500,13-Jul-12
1127,Beed,Beed,Wheat,Other,FAQ,1400,1501,1501,12-Jul-12
1128,Beed,Beed,Wheat,Other,FAQ,1460,1776,1760,11-Jul-12
1129,Beed,Beed,Wheat,Other,FAQ,1325,1630,1421,10-Jul-12
1130,Beed,Beed,Wheat,Other,FAQ,1460,1827,1460,9-Jul-12
1131,Beed,Beed,Wheat,Other,FAQ,1300,1580,1550,7-Jul-12
1132,Beed,Beed,Wheat,Other,FAQ,1299,1771,1650,6-Jul-12
1133,Beed,Beed,Wheat,Other,FAQ,1290,1810,1700,5-Jul-12
1134,Beed,Beed,Wheat,Other,FAQ,1693,1693,1693,4-Jul-12
1135,Beed,Beed,Wheat,Other,FAQ,1611,1677,1677,3-Jul-12
1136,Beed,Beed,Wheat,Other,FAQ,1400,1725,1600,2-Jul-12
1137,Beed,Beed,Wheat,Other,FAQ,1402,1820,1600,29-Jun-12
1138,Beed,Beed,Wheat,Other,FAQ,1602,1750,1602,28-Jun-12
1139,Beed,Beed,Wheat,Other,FAQ,1500,1750,1750,27-Jun-12
1140,Beed,Beed,Wheat,Other,FAQ,1695,1750,1730,26-Jun-12
1141,Beed,Beed,Wheat,Other,FAQ,1700,1819,1720,25-Jun-12
1142,Beed,Beed,Wheat,Other,FAQ,1721,1749,1749,23-Jun-12
1143,Beed,Beed,Wheat,Other,FAQ,1550,1800,1635,22-Jun-12
1144,Beed,Beed,Wheat,Other,FAQ,1500,1750,1700,21-Jun-12
1145,Beed,Beed,Wheat,Other,FAQ,1360,1852,1700,20-Jun-12
1146,Beed,Beed,Wheat,Other,FAQ,1390,1750,1650,8-Jun-12
1147,Beed,Beed,Wheat,Other,FAQ,1321,1785,1700,7-Jun-12
1148,Beed,Beed,Wheat,Other,FAQ,1625,1837,1750,6-Jun-12
1149,Beed,Beed,Wheat,Other,FAQ,1310,1794,1650,5-Jun-12
1150,Beed,Beed,Wheat,Other,FAQ,1190,1811,1700,31-May-12
1151,Beed,Beed,Wheat,Other,FAQ,1290,1773,1600,29-May-12
1152,Beed,Beed,Wheat,Other,FAQ,1113,1410,1400,28-May-12
1153,Beed,Beed,Wheat,Other,FAQ,1300,1740,1650,26-May-12
1154,Beed,Beed,Wheat,Other,FAQ,1581,1728,1700,25-May-12
1155,Beed,Beed,Wheat,Other,FAQ,1300,1730,1600,24-May-12
1156,Beed,Beed,Wheat,Other,FAQ,1260,1745,1650,23-May-12
1157,Beed,Beed,Wheat,Other,FAQ,1296,1792,1670,22-May-12
1158,Beed,Beed,Wheat,Other,FAQ,1100,1715,1480,21-May-12
1159,Beed,Beed,Wheat,Other,FAQ,1140,1738,1600,18-May-12
1160,Beed,Beed,Wheat,Other,FAQ,1190,1725,1600,16-May-12
1161,Beed,Beed,Wheat,Other,FAQ,1290,1730,1650,15-May-12
1162,Beed,Beed,Wheat,Other,FAQ,1180,1769,1650,12-May-12
1163,Beed,Beed,Wheat,Other,FAQ,1200,1689,1550,11-May-12
1164,Beed,Beed,Wheat,Maharashtra 2189,FAQ,1205,1665,1400,6-Mar-12
1165,Beed,Beed,Wheat,Maharashtra 2189,FAQ,1160,1571,1400,5-Mar-12
1166,Beed,Beed,Wheat,Maharashtra 2189,FAQ,1151,1595,1450,3-Mar-12
1167,Beed,Beed,Wheat,Maharashtra 2189,FAQ,1150,1396,1300,2-Mar-12
1168,Beed,Beed,Wheat,Maharashtra 2189,FAQ,1291,1510,1450,1-Mar-12
1169,Beed,Beed,Wheat,Maharashtra 2189,FAQ,1140,1543,1430,28-Feb-12
1170,Beed,Beed,Wheat,Maharashtra 2189,FAQ,1080,1252,1200,27-Feb-12
1171,Beed,Beed,Wheat,Maharashtra 2189,FAQ,1141,1400,1331,24-Feb-12
1172,Beed,Beed,Wheat,Maharashtra 2189,FAQ,1101,1501,1400,23-Feb-12
1173,Beed,Beed,Wheat,Maharashtra 2189,FAQ,1151,1527,1300,16-Feb-12
1174,Beed,Beed,Wheat,Maharashtra 2189,FAQ,1151,1250,1200,15-Feb-12
1175,Beed,Beed,Wheat,Maharashtra 2189,FAQ,1120,1373,1300,14-Feb-12
1176,Beed,Beed,Wheat,Maharashtra 2189,FAQ,1200,1360,1360,13-Feb-12
1177,Beed,Beed,Wheat,Other,FAQ,1185,1552,1250,11-Feb-12
1178,Beed,Beed,Wheat,Maharashtra 2189,FAQ,1101,1470,1350,10-Feb-12
1179,Beed,Beed,Wheat,Maharashtra 2189,FAQ,1130,1500,1420,8-Feb-12
1180,Beed,Beed,Wheat,Maharashtra 2189,FAQ,1180,1670,1300,4-Feb-12
1181,Beed,Beed,Wheat,Maharashtra 2189,FAQ,1500,1500,1500,1-Feb-12
1182,Beed,Beed,Wheat,Maharashtra 2189,FAQ,1100,1451,1300,27-Jan-12
1183,Beed,Beed,Wheat,Maharashtra 2189,FAQ,1150,1473,1350,25-Jan-12
1184,Beed,Beed,Wheat,Maharashtra 2189,FAQ,1118,1440,1300,20-Jan-12
1185,Beed,Beed,Wheat,Maharashtra 2189,FAQ,1300,1300,1300,19-Jan-12
1186,Beed,Beed,Wheat,Maharashtra 2189,FAQ,1150,1501,1425,18-Jan-12
1187,Beed,Beed,Wheat,Maharashtra 2189,FAQ,1175,1432,1365,17-Jan-12
1188,Beed,Beed,Wheat,Other,FAQ,1195,1489,1300,16-Jan-12
1189,Beed,Beed,Wheat,Other,FAQ,1212,1418,1300,14-Jan-12
1190,Beed,Beed,Wheat,Other,FAQ,1170,1400,1200,13-Jan-12
1191,Beed,Beed,Wheat,Other,FAQ,1140,1325,1275,12-Jan-12
1192,Beed,Beed,Wheat,Other,FAQ,1140,1200,1200,11-Jan-12
1193,Beed,Beed,Wheat,Other,FAQ,1190,1470,1300,10-Jan-12
1194,Beed,Beed,Wheat,Other,FAQ,1401,1401,1401,7-Jan-12
1195,Beed,Beed,Wheat,Other,FAQ,1100,1467,1260,6-Jan-12
1196,Beed,Beed,Wheat,Other,FAQ,1180,1511,1425,5-Jan-12
1197,Beed,Beed,Wheat,Other,FAQ,1189,1300,1240,4-Jan-12
1198,Beed,Beed,Wheat,Other,FAQ,1140,1400,1375,3-Jan-12
1199,Beed,Beed,Wheat,Other,FAQ,1091,1199,1199,2-Jan-12
1200,Beed,Beed,Wheat,Other,FAQ,1120,1481,1250,29-Dec-11
1201,Beed,Beed,Wheat,Other,FAQ,1150,1523,1150,27-Dec-11
1202,Beed,Beed,Wheat,Other,FAQ,1112,1382,1135,23-Dec-11
1203,Beed,Beed,Wheat,Other,FAQ,1100,1380,1380,20-Dec-11
1204,Beed,Beed,Wheat,Other,FAQ,1100,1380,1380,19-Dec-11
1205,Beed,Beed,Wheat,Other,FAQ,1229,1550,1400,16-Dec-11
1206,Beed,Beed,Wheat,Other,FAQ,1130,1540,1200,13-Dec-11
1207,Beed,Beed,Wheat,Other,FAQ,1100,1317,1250,26-Sep-11
1208,Beed,Beed,Wheat,Other,FAQ,1100,1221,1200,24-Sep-11
1209,Beed,Beed,Wheat,Other,FAQ,1100,1440,1300,20-Sep-11
1210,Beed,Beed,Wheat,Other,FAQ,1090,1311,1290,16-Sep-11
1211,Beed,Beed,Wheat,Other,FAQ,1100,1300,1200,14-Sep-11
1212,Beed,Beed,Wheat,Other,FAQ,1100,1360,1200,10-Sep-11
1213,Beed,Beed,Wheat,Other,FAQ,1090,1350,1200,9-Sep-11
1214,Beed,Beed,Wheat,Other,FAQ,1100,1463,1300,8-Sep-11
1215,Beed,Beed,Wheat,Other,FAQ,1100,1200,1200,7-Sep-11
1216,Beed,Beed,Wheat,Other,FAQ,1190,1300,1300,25-Aug-11
1217,Beed,Beed,Wheat,Other,FAQ,1100,1372,1250,24-Aug-11
1218,Beed,Beed,Wheat,Other,FAQ,1099,1491,1300,23-Aug-11
1219,Beed,Beed,Wheat,Other,FAQ,1100,1400,1350,16-Aug-11
1220,Beed,Beed,Wheat,Other,FAQ,1151,1461,1300,3-Aug-11
1221,Beed,Beed,Wheat,Other,FAQ,1120,1416,1300,2-Aug-11
1222,Beed,Beed,Wheat,Other,FAQ,1199,1432,1300,1-Aug-11
1223,Beed,Beed,Wheat,Other,FAQ,1200,1430,1300,27-Jul-11
1224,Beed,Beed,Wheat,Other,FAQ,1100,1401,1300,26-Jul-11
1225,Beed,Beed,Wheat,Other,FAQ,1285,1285,1285,23-Jul-11
1226,Beed,Beed,Wheat,Other,FAQ,1100,1621,1400,22-Jul-11
1227,Beed,Beed,Wheat,Other,FAQ,1195,1300,1300,21-Jul-11
1228,Beed,Beed,Wheat,Other,FAQ,1100,1626,1400,20-Jul-11
1229,Beed,Beed,Wheat,Other,FAQ,1100,1601,1400,19-Jul-11
1230,Beed,Beed,Wheat,Other,FAQ,1100,1561,1453,18-Jul-11
1231,Beed,Beed,Wheat,Other,FAQ,1136,1575,1400,15-Jul-11
1232,Beed,Beed,Wheat,Other,FAQ,1161,1336,1336,8-Jul-11
1233,Beed,Beed,Wheat,Other,FAQ,1180,1332,1332,7-Jul-11
1234,Beed,Beed,Wheat,Other,FAQ,1340,1370,1370,6-Jul-11
1235,Beed,Beed,Wheat,Other,FAQ,1121,1350,1250,5-Jul-11
1236,Beed,Beed,Wheat,Other,FAQ,1100,1462,1400,2-Jul-11
1237,Beed,Beed,Wheat,Other,FAQ,1100,1500,1300,29-Jun-11
1238,Beed,Beed,Wheat,Other,FAQ,1155,1433,1386,25-Jun-11
1239,Beed,Beed,Wheat,Other,FAQ,1100,1500,1400,14-Jun-11
1240,Beed,Beed,Wheat,Other,FAQ,1100,1540,1400,9-Jun-11
1241,Beed,Beed,Wheat,Other,FAQ,1120,1557,1400,8-Jun-11
1242,Beed,Beed,Wheat,Other,FAQ,1100,1567,1400,8-Mar-11
1243,Beed,Beed,Wheat,Maharashtra 2189,FAQ,1150,1819,1600,5-Mar-11
1244,Beed,Beed,Wheat,Maharashtra 2189,FAQ,1123,1149,1140,1-Mar-11
1245,Beed,Beed,Wheat,Maharashtra 2189,FAQ,1258,1326,1300,28-Feb-11
1246,Beed,Beed,Wheat,Maharashtra 2189,FAQ,1160,1160,1160,26-Feb-11
1247,Beed,Beed,Wheat,Maharashtra 2189,FAQ,1199,1530,1400,25-Feb-11
1248,Beed,Beed,Wheat,Maharashtra 2189,FAQ,1100,1600,1500,21-Feb-11
1249,Beed,Beed,Wheat,Maharashtra 2189,FAQ,1100,1825,1300,18-Feb-11
1250,Beed,Beed,Wheat,Maharashtra 2189,FAQ,1200,1506,1400,14-Feb-11
1251,Beed,Beed,Wheat,Maharashtra 2189,FAQ,1400,2000,1700,12-Feb-11
1252,Beed,Beed,Wheat,Maharashtra 2189,FAQ,1120,1451,1400,8-Feb-11
1253,Beed,Beed,Wheat,Maharashtra 2189,FAQ,1155,1581,1400,7-Feb-11
1254,Beed,Beed,Wheat,Maharashtra 2189,FAQ,1240,1679,1600,4-Feb-11
1255,Beed,Beed,Wheat,Maharashtra 2189,FAQ,1211,1781,1500,3-Feb-11
1256,Beed,Beed,Wheat,Maharashtra 2189,FAQ,1100,1727,1500,1-Feb-11
1257,Beed,Beed,Wheat,Maharashtra 2189,FAQ,1100,1731,1500,29-Jan-11
1258,Beed,Beed,Wheat,Maharashtra 2189,FAQ,1601,1830,1650,27-Jan-11
1259,Beed,Beed,Wheat,Other,FAQ,1090,1550,1400,25-Jan-11
1260,Beed,Beed,Wheat,Other,FAQ,1325,1753,1450,20-Jan-11
1261,Beed,Beed,Wheat,Other,FAQ,1100,1720,1600,19-Jan-11
1262,Beed,Beed,Wheat,Other,FAQ,1250,1441,1400,18-Jan-11
1263,Beed,Beed,Wheat,Other,FAQ,1185,1868,1500,17-Jan-11
1264,Beed,Beed,Wheat,Other,FAQ,1451,1772,1500,14-Jan-11
1265,Beed,Beed,Wheat,Other,FAQ,1200,1825,1500,13-Jan-11
1266,Beed,Beed,Wheat,Other,FAQ,1200,1860,1500,12-Jan-11
1267,Beed,Beed,Wheat,Other,FAQ,1190,1825,1500,11-Jan-11
1268,Beed,Beed,Wheat,Other,FAQ,1461,1786,1600,7-Jan-11
1269,Beed,Beed,Wheat,Other,FAQ,1190,1663,1450,6-Jan-11
1270,Beed,Beed,Wheat,Other,FAQ,1171,1355,1300,3-Jan-11
1271,Beed,Beed,Wheat,Other,FAQ,1210,1751,1500,31-Dec-10
1272,Beed,Beed,Wheat,Other,FAQ,1180,1722,1450,30-Dec-10
1273,Beed,Beed,Wheat,Other,FAQ,1160,1750,1600,29-Dec-10
1274,Beed,Beed,Wheat,Other,FAQ,1190,1660,1500,27-Dec-10
1275,Beed,Beed,Wheat,Other,FAQ,1190,1850,1500,25-Dec-10
1276,Beed,Beed,Wheat,Other,FAQ,1300,1571,1450,22-Dec-10
1277,Beed,Beed,Wheat,Other,FAQ,1190,1761,1500,21-Dec-10
1278,Beed,Beed,Wheat,Other,FAQ,1180,1765,1180,20-Dec-10
1279,Beed,Beed,Wheat,Other,FAQ,1210,1725,1500,14-Dec-10
1280,Beed,Beed,Wheat,Other,FAQ,1100,1650,1500,13-Dec-10
1281,Beed,Beed,Wheat,Other,FAQ,1210,1850,1600,10-Dec-10
1282,Beed,Beed,Wheat,Other,FAQ,1140,1831,1500,9-Dec-10
1283,Beed,Beed,Wheat,Other,FAQ,1100,1808,1500,8-Dec-10
1284,Beed,Beed,Wheat,Other,FAQ,1140,1636,1400,7-Dec-10
1285,Beed,Beed,Wheat,Other,FAQ,1090,1587,1587,4-Dec-10
1286,Beed,Beed,Wheat,Other,FAQ,1090,1587,1587,3-Dec-10
1287,Beed,Beed,Wheat,Other,FAQ,1180,1700,1500,2-Dec-10
1288,Beed,Beed,Wheat,Other,FAQ,1210,1680,1500,24-Nov-10
1289,Beed,Beed,Wheat,Other,FAQ,1171,1610,1400,22-Nov-10
1290,Beed,Beed,Wheat,Other,FAQ,1150,1530,1400,20-Nov-10
1291,Beed,Beed,Wheat,Other,FAQ,1176,1680,1450,19-Nov-10
1292,Beed,Beed,Wheat,Other,FAQ,1150,1800,1600,18-Nov-10
1293,Beed,Beed,Wheat,Other,FAQ,1315,1371,1350,16-Nov-10
1294,Beed,Beed,Wheat,Other,FAQ,1180,1716,1500,13-Nov-10
1295,Beed,Beed,Wheat,Other,FAQ,1251,1800,1500,12-Nov-10
1296,Beed,Beed,Wheat,Other,FAQ,1263,1363,1300,11-Nov-10
1297,Beed,Beed,Wheat,Other,FAQ,1215,1650,1400,10-Nov-10
1298,Beed,Beed,Wheat,Other,FAQ,1200,1646,1450,9-Nov-10
1299,Beed,Beed,Wheat,Other,FAQ,1400,1584,1400,8-Nov-10
1300,Beed,Beed,Wheat,Other,FAQ,1301,1472,1450,7-Nov-10
1301,Beed,Beed,Wheat,Other,FAQ,1180,1586,1400,2-Nov-10
1302,Beed,Beed,Wheat,Other,FAQ,1210,1731,1500,1-Nov-10
1303,Beed,Beed,Wheat,Other,FAQ,1100,1600,1400,30-Oct-10
1304,Beed,Beed,Wheat,Other,FAQ,1180,1651,1400,29-Oct-10
1305,Beed,Beed,Wheat,Other,FAQ,1191,1545,1400,28-Oct-10
1306,Beed,Beed,Wheat,Other,FAQ,1250,1577,1450,27-Oct-10
1307,Beed,Beed,Wheat,Other,FAQ,1100,1402,1300,26-Oct-10
1308,Beed,Beed,Wheat,Other,FAQ,1160,1500,1400,25-Oct-10
1309,Beed,Beed,Wheat,Other,FAQ,1200,1501,1300,23-Oct-10
1310,Beed,Beed,Wheat,Other,FAQ,1250,1548,1400,22-Oct-10
1311,Beed,Beed,Wheat,Other,FAQ,1151,1510,1470,21-Oct-10
1312,Beed,Beed,Wheat,Other,FAQ,1189,1601,1400,20-Oct-10
1313,Beed,Beed,Wheat,Other,FAQ,1160,1600,1400,19-Oct-10
1314,Beed,Beed,Wheat,Other,FAQ,1189,1500,1400,18-Oct-10
1315,Beed,Beed,Wheat,Other,FAQ,1150,1500,1390,16-Oct-10
1316,Beed,Beed,Wheat,Other,FAQ,1100,1339,1290,15-Oct-10
1317,Beed,Beed,Wheat,Other,FAQ,1150,1300,1200,14-Oct-10
1318,Beed,Beed,Wheat,Other,FAQ,1170,1500,1400,13-Oct-10
1319,Beed,Beed,Wheat,Other,FAQ,1170,1500,1400,12-Oct-10
1320,Beed,Beed,Wheat,Other,FAQ,1172,1501,1400,11-Oct-10
1321,Beed,Beed,Wheat,Other,FAQ,1200,1645,1400,9-Oct-10
1322,Beed,Beed,Wheat,Other,FAQ,1200,1780,1500,8-Oct-10
1323,Beed,Beed,Wheat,Other,FAQ,1100,1391,1300,6-Oct-10
1324,Beed,Beed,Wheat,Other,FAQ,1100,1672,1400,5-Oct-10
1325,Beed,Beed,Wheat,Other,FAQ,1100,1751,1550,4-Oct-10
1326,Beed,Beed,Wheat,Other,FAQ,1100,1720,1490,1-Oct-10
1327,Beed,Beed,Wheat,Other,FAQ,1400,1572,1550,30-Sep-10
1328,Beed,Beed,Wheat,Other,FAQ,1180,1646,1400,29-Sep-10
1329,Beed,Beed,Wheat,Other,FAQ,1100,1730,1450,28-Sep-10
1330,Beed,Beed,Wheat,Other,FAQ,1201,1796,1400,27-Sep-10
1331,Beed,Beed,Wheat,Other,FAQ,1180,1470,1300,25-Sep-10
1332,Beed,Beed,Wheat,Other,FAQ,1200,1601,1400,24-Sep-10
1333,Beed,Beed,Wheat,Other,FAQ,1200,1680,1400,23-Sep-10
1334,Beed,Beed,Wheat,Other,FAQ,1200,1500,1300,22-Sep-10
1335,Beed,Beed,Wheat,Other,FAQ,1200,1510,1300,21-Sep-10
1336,Beed,Beed,Wheat,Other,FAQ,1300,1640,1500,20-Sep-10
1337,Beed,Beed,Wheat,Other,FAQ,1100,1470,1300,18-Sep-10
1338,Beed,Beed,Wheat,Other,FAQ,1150,1540,1300,16-Sep-10
1339,Beed,Beed,Wheat,Other,FAQ,1200,1701,1350,14-Sep-10
1340,Beed,Beed,Wheat,Other,FAQ,1127,1621,1350,13-Sep-10
1341,Beed,Beed,Wheat,Other,FAQ,1102,1621,1270,9-Sep-10
1342,Beed,Beed,Wheat,Other,FAQ,1250,1450,1300,8-Sep-10
1343,Beed,Beed,Wheat,Other,FAQ,1201,1486,1300,7-Sep-10
1344,Beed,Beed,Wheat,Other,FAQ,1205,1501,1300,6-Sep-10
1345,Beed,Beed,Wheat,Other,FAQ,1150,1630,1400,4-Sep-10
1346,Beed,Beed,Wheat,Other,FAQ,1286,1525,1300,3-Sep-10
1347,Beed,Beed,Wheat,Other,FAQ,1310,1500,1400,2-Sep-10
1348,Beed,Beed,Wheat,Other,FAQ,1200,1465,1300,1-Sep-10
1349,Beed,Beed,Wheat,Other,FAQ,1151,1471,1300,31-Aug-10
1350,Beed,Beed,Wheat,Other,FAQ,1230,1550,1300,28-Aug-10
1351,Beed,Beed,Wheat,Other,FAQ,1231,1620,1450,27-Aug-10
1352,Beed,Beed,Wheat,Other,FAQ,1200,1650,1400,26-Aug-10
1353,Beed,Beed,Wheat,Other,FAQ,1150,1601,1400,25-Aug-10
1354,Beed,Beed,Wheat,Other,FAQ,1176,1500,1375,23-Aug-10
1355,Beed,Beed,Wheat,Other,FAQ,1100,1428,1428,21-Aug-10
1356,Beed,Beed,Wheat,Other,FAQ,1100,1740,1400,20-Aug-10
1357,Beed,Beed,Wheat,Other,FAQ,1200,1600,1530,19-Aug-10
1358,Beed,Beed,Wheat,Other,FAQ,1150,1760,1400,18-Aug-10
1359,Beed,Beed,Wheat,Other,FAQ,1100,1803,1350,17-Aug-10
1360,Beed,Beed,Wheat,Other,FAQ,1100,1641,1400,16-Aug-10
1361,Beed,Beed,Wheat,Other,FAQ,1300,1600,1525,14-Aug-10
1362,Beed,Beed,Wheat,Other,FAQ,1250,1650,1500,13-Aug-10
1363,Beed,Beed,Wheat,Other,FAQ,1246,1531,1400,12-Aug-10
1364,Beed,Beed,Wheat,Other,FAQ,1200,1760,1500,11-Aug-10
1365,Beed,Beed,Wheat,Other,FAQ,1180,1701,1500,9-Aug-10
1366,Beed,Beed,Wheat,Other,FAQ,1200,1823,1500,7-Aug-10
1367,Beed,Beed,Wheat,Other,FAQ,1181,1661,1400,6-Aug-10
1368,Beed,Beed,Wheat,Other,FAQ,1167,1432,1300,5-Aug-10
1369,Beed,Beed,Wheat,Other,FAQ,1180,1463,1400,3-Aug-10
1370,Beed,Beed,Wheat,Other,FAQ,1340,1827,1600,2-Aug-10
1371,Beed,Beed,Wheat,Other,FAQ,1200,1650,1400,31-Jul-10
1372,Beed,Beed,Wheat,Other,FAQ,1100,1700,1400,30-Jul-10
1373,Beed,Beed,Wheat,Other,FAQ,1369,1500,1400,29-Jul-10
1374,Beed,Beed,Wheat,Other,FAQ,1202,1580,1400,28-Jul-10
1375,Beed,Beed,Wheat,Other,FAQ,1185,1790,1600,27-Jul-10
1376,Beed,Beed,Wheat,Other,FAQ,1210,1600,1500,26-Jul-10
1377,Beed,Beed,Wheat,Other,FAQ,1200,1702,1500,24-Jul-10
1378,Beed,Beed,Wheat,Other,FAQ,1210,1650,1400,23-Jul-10
1379,Beed,Beed,Wheat,Other,FAQ,1300,1600,1400,22-Jul-10
1380,Beed,Beed,Wheat,Other,FAQ,1225,1720,1300,17-Jul-10
1381,Beed,Beed,Wheat,Other,FAQ,1126,1645,1400,16-Jul-10
1382,Beed,Beed,Wheat,Other,FAQ,1350,1601,1400,14-Jul-10
1383,Beed,Beed,Wheat,Other,FAQ,1180,1680,1400,12-Jul-10
1384,Beed,Beed,Wheat,Other,FAQ,1150,1720,1500,10-Jul-10
1385,Beed,Beed,Wheat,Other,FAQ,1200,1650,1450,9-Jul-10
1386,Beed,Beed,Wheat,Other,FAQ,1150,1800,1500,8-Jul-10
1387,Beed,Beed,Wheat,Maharashtra 2189,FAQ,1251,1775,1500,7-Jul-10
1388,Beed,Beed,Wheat,Maharashtra 2189,FAQ,1151,1517,1400,6-Jul-10
1389,Beed,Beed,Wheat,Other,FAQ,1300,1571,1571,5-Jul-10
1390,Beed,Beed,Wheat,Maharashtra 2189,FAQ,1410,1810,1500,3-Jul-10
1391,Beed,Beed,Wheat,Maharashtra 2189,FAQ,1365,1401,1400,29-Jun-10
1392,Beed,Beed,Wheat,Maharashtra 2189,FAQ,1210,1841,1500,26-Jun-10
1393,Beed,Beed,Wheat,Maharashtra 2189,FAQ,1580,1580,1580,24-Jun-10
1394,Beed,Beed,Wheat,Maharashtra 2189,FAQ,1565,1590,1580,23-Jun-10
1395,Beed,Beed,Wheat,Maharashtra 2189,FAQ,1290,1740,1500,22-Jun-10
1396,Beed,Beed,Wheat,Maharashtra 2189,FAQ,1291,1571,1400,21-Jun-10
1397,Beed,Beed,Wheat,Maharashtra 2189,FAQ,1160,1536,1400,19-Jun-10
1398,Beed,Beed,Wheat,Maharashtra 2189,FAQ,1165,1517,1400,18-Jun-10
1399,Beed,Beed,Wheat,Maharashtra 2189,FAQ,1515,1515,1515,17-Jun-10
1400,Beed,Beed,Wheat,Other,FAQ,1301,1876,1700,2-Feb-10
1401,Beed,Beed,Wheat,Other,FAQ,1300,1690,1600,1-Feb-10
1402,Beed,Beed,Wheat,Other,FAQ,1301,1830,1700,27-Jan-10
1403,Beed,Beed,Wheat,Other,FAQ,1323,1761,1600,25-Jan-10
