"Min,Max,Modal Price from Maharashtra,Jalana[Wheat],Partur from 01-Jan-2010To25-Oct-2020 (Total-1286) (Total-1286)",,,,,,,,,
Sl no.,District Name,Market Name,Commodity,Variety,Grade,Min Price (Rs./Quintal),Max Price (Rs./Quintal),Modal Price (Rs./Quintal),Price Date
1,Jalana,Partur,Wheat,Maharashtra 2189,FAQ,1425,1880,1580,15-Oct-20
2,Jalana,Partur,Wheat,Maharashtra 2189,FAQ,1251,1460,1350,13-Oct-20
3,Jalana,Partur,Wheat,Maharashtra 2189,FAQ,1320,1360,1350,12-Oct-20
4,Jalana,Partur,Wheat,Maharashtra 2189,FAQ,1325,1800,1400,10-Oct-20
5,Jalana,Partur,Wheat,Maharashtra 2189,FAQ,1701,1775,1775,9-Oct-20
6,Jalana,Partur,Wheat,Maharashtra 2189,FAQ,1100,1300,1200,7-Oct-20
7,Jalana,Partur,Wheat,Maharashtra 2189,FAQ,1350,2100,1400,6-Oct-20
8,Jalana,Partur,Wheat,Maharashtra 2189,FAQ,1425,2100,1800,5-Oct-20
9,Jalana,Partur,Wheat,Maharashtra 2189,FAQ,1325,1550,1410,3-Oct-20
10,Jalana,Partur,Wheat,Maharashtra 2189,FAQ,1400,1415,1400,30-Sep-20
11,Jalana,Partur,Wheat,Maharashtra 2189,FAQ,1320,1435,1421,29-Sep-20
12,Jalana,Partur,Wheat,Maharashtra 2189,FAQ,1400,1701,1500,28-Sep-20
13,Jalana,Partur,Wheat,Maharashtra 2189,FAQ,1345,1476,1440,26-Sep-20
14,Jalana,Partur,Wheat,Maharashtra 2189,FAQ,1300,1550,1400,24-Sep-20
15,Jalana,Partur,Wheat,Maharashtra 2189,FAQ,1295,1701,1380,23-Sep-20
16,Jalana,Partur,Wheat,Maharashtra 2189,FAQ,1320,1500,1380,21-Sep-20
17,Jalana,Partur,Wheat,Maharashtra 2189,FAQ,1250,1380,1320,19-Sep-20
18,Jalana,Partur,Wheat,Maharashtra 2189,FAQ,1351,1750,1425,18-Sep-20
19,Jalana,Partur,Wheat,Maharashtra 2189,FAQ,1375,1875,1421,15-Sep-20
20,Jalana,Partur,Wheat,Maharashtra 2189,FAQ,1325,2000,1420,14-Sep-20
21,Jalana,Partur,Wheat,Maharashtra 2189,FAQ,1300,1420,1400,12-Sep-20
22,Jalana,Partur,Wheat,Maharashtra 2189,FAQ,1400,1440,1420,10-Sep-20
23,Jalana,Partur,Wheat,Maharashtra 2189,FAQ,1351,1900,1455,9-Sep-20
24,Jalana,Partur,Wheat,Maharashtra 2189,FAQ,1390,1721,1426,8-Sep-20
25,Jalana,Partur,Wheat,Maharashtra 2189,FAQ,1301,2050,1426,7-Sep-20
26,Jalana,Partur,Wheat,Maharashtra 2189,FAQ,1480,1975,1700,4-Sep-20
27,Jalana,Partur,Wheat,Maharashtra 2189,FAQ,1425,1560,1500,3-Sep-20
28,Jalana,Partur,Wheat,Maharashtra 2189,FAQ,1475,2055,1826,2-Sep-20
29,Jalana,Partur,Wheat,Maharashtra 2189,FAQ,1201,1400,1400,1-Sep-20
30,Jalana,Partur,Wheat,Maharashtra 2189,FAQ,1405,2025,1700,31-Aug-20
31,Jalana,Partur,Wheat,Maharashtra 2189,FAQ,1411,1600,1600,29-Aug-20
32,Jalana,Partur,Wheat,Maharashtra 2189,FAQ,1480,2050,1500,28-Aug-20
33,Jalana,Partur,Wheat,Maharashtra 2189,FAQ,1500,1600,1571,27-Aug-20
34,Jalana,Partur,Wheat,Maharashtra 2189,FAQ,1585,1971,1825,25-Aug-20
35,Jalana,Partur,Wheat,Maharashtra 2189,FAQ,1575,1850,1620,24-Aug-20
36,Jalana,Partur,Wheat,Maharashtra 2189,FAQ,1900,2050,2000,20-Aug-20
37,Jalana,Partur,Wheat,Maharashtra 2189,FAQ,1650,1800,1800,14-Aug-20
38,Jalana,Partur,Wheat,Maharashtra 2189,FAQ,1700,2200,2200,28-Jul-20
39,Jalana,Partur,Wheat,Maharashtra 2189,FAQ,1500,1750,1600,27-Jul-20
40,Jalana,Partur,Wheat,Maharashtra 2189,FAQ,1800,1900,1900,24-Jul-20
41,Jalana,Partur,Wheat,Maharashtra 2189,FAQ,1725,1900,1900,23-Jul-20
42,Jalana,Partur,Wheat,Maharashtra 2189,FAQ,1570,1725,1600,21-Jul-20
43,Jalana,Partur,Wheat,Maharashtra 2189,FAQ,1600,2100,1750,18-Jul-20
44,Jalana,Partur,Wheat,Maharashtra 2189,FAQ,1850,1950,1950,7-Jul-20
45,Jalana,Partur,Wheat,Maharashtra 2189,FAQ,1800,1950,1900,4-Jul-20
46,Jalana,Partur,Wheat,Maharashtra 2189,FAQ,1645,1750,1750,3-Jul-20
47,Jalana,Partur,Wheat,Maharashtra 2189,FAQ,1700,2000,1850,30-Jun-20
48,Jalana,Partur,Wheat,Maharashtra 2189,FAQ,1900,2050,2000,27-Jun-20
49,Jalana,Partur,Wheat,Maharashtra 2189,FAQ,1800,2000,1950,26-Jun-20
50,Jalana,Partur,Wheat,Maharashtra 2189,FAQ,1950,2050,2000,25-Jun-20
51,Jalana,Partur,Wheat,Maharashtra 2189,FAQ,1950,2100,2000,18-Jun-20
52,Jalana,Partur,Wheat,Maharashtra 2189,FAQ,1800,2450,2000,16-Jun-20
53,Jalana,Partur,Wheat,Maharashtra 2189,FAQ,1650,1775,1750,13-Jun-20
54,Jalana,Partur,Wheat,Maharashtra 2189,FAQ,1600,1775,1775,9-Jun-20
55,Jalana,Partur,Wheat,Maharashtra 2189,FAQ,1500,1700,1625,8-Jun-20
56,Jalana,Partur,Wheat,Maharashtra 2189,FAQ,1725,1750,1750,6-Jun-20
57,Jalana,Partur,Wheat,Maharashtra 2189,FAQ,1600,1700,1700,5-Jun-20
58,Jalana,Partur,Wheat,Maharashtra 2189,FAQ,1650,1750,1750,3-Jun-20
59,Jalana,Partur,Wheat,Maharashtra 2189,FAQ,1650,1850,1700,1-Jun-20
60,Jalana,Partur,Wheat,Maharashtra 2189,FAQ,1950,2100,2100,28-May-20
61,Jalana,Partur,Wheat,Maharashtra 2189,FAQ,1800,1950,1950,27-May-20
62,Jalana,Partur,Wheat,Maharashtra 2189,FAQ,1625,1850,1725,26-May-20
63,Jalana,Partur,Wheat,Maharashtra 2189,FAQ,1500,1600,1550,23-May-20
64,Jalana,Partur,Wheat,Maharashtra 2189,FAQ,1800,1900,1850,20-May-20
65,Jalana,Partur,Wheat,Maharashtra 2189,FAQ,1550,1650,1600,16-May-20
66,Jalana,Partur,Wheat,Maharashtra 2189,FAQ,1650,1800,1700,11-May-20
67,Jalana,Partur,Wheat,Maharashtra 2189,FAQ,1700,1725,1725,9-May-20
68,Jalana,Partur,Wheat,Maharashtra 2189,FAQ,1751,1925,1900,20-Mar-20
69,Jalana,Partur,Wheat,Maharashtra 2189,FAQ,1750,1991,1950,19-Mar-20
70,Jalana,Partur,Wheat,Maharashtra 2189,FAQ,1650,1900,1890,18-Mar-20
71,Jalana,Partur,Wheat,Maharashtra 2189,FAQ,1700,1900,1800,17-Mar-20
72,Jalana,Partur,Wheat,Maharashtra 2189,FAQ,1600,1665,1665,16-Mar-20
73,Jalana,Partur,Wheat,Maharashtra 2189,FAQ,1551,2020,1681,14-Mar-20
74,Jalana,Partur,Wheat,Maharashtra 2189,FAQ,1665,1900,1700,11-Mar-20
75,Jalana,Partur,Wheat,Maharashtra 2189,FAQ,1800,1960,1900,7-Mar-20
76,Jalana,Partur,Wheat,Maharashtra 2189,FAQ,1696,1880,1850,6-Mar-20
77,Jalana,Partur,Wheat,Maharashtra 2189,FAQ,1760,2000,1876,4-Mar-20
78,Jalana,Partur,Wheat,Maharashtra 2189,FAQ,1750,1950,1800,3-Mar-20
79,Jalana,Partur,Wheat,Maharashtra 2189,FAQ,1700,1975,1851,2-Mar-20
80,Jalana,Partur,Wheat,Maharashtra 2189,FAQ,1885,2251,1900,29-Feb-20
81,Jalana,Partur,Wheat,Maharashtra 2189,FAQ,1701,2200,1852,28-Feb-20
82,Jalana,Partur,Wheat,Maharashtra 2189,FAQ,1900,2300,2201,26-Feb-20
83,Jalana,Partur,Wheat,Maharashtra 2189,FAQ,1975,2276,2100,25-Feb-20
84,Jalana,Partur,Wheat,Maharashtra 2189,FAQ,1825,2275,2000,22-Feb-20
85,Jalana,Partur,Wheat,Maharashtra 2189,FAQ,2000,2305,2300,21-Feb-20
86,Jalana,Partur,Wheat,Maharashtra 2189,FAQ,2000,2305,2300,20-Feb-20
87,Jalana,Partur,Wheat,Maharashtra 2189,FAQ,1900,2225,2000,10-Feb-20
88,Jalana,Partur,Wheat,Maharashtra 2189,FAQ,1850,2100,2100,3-Feb-20
89,Jalana,Partur,Wheat,Maharashtra 2189,FAQ,1956,2575,2200,1-Feb-20
90,Jalana,Partur,Wheat,Maharashtra 2189,FAQ,2325,2650,2625,28-Jan-20
91,Jalana,Partur,Wheat,Maharashtra 2189,FAQ,1700,2100,1800,25-Jan-20
92,Jalana,Partur,Wheat,Maharashtra 2189,FAQ,1800,2000,1950,22-Jan-20
93,Jalana,Partur,Wheat,Maharashtra 2189,FAQ,1701,2381,1950,18-Jan-20
94,Jalana,Partur,Wheat,Maharashtra 2189,FAQ,1800,2628,2190,17-Jan-20
95,Jalana,Partur,Wheat,Maharashtra 2189,FAQ,1825,1950,1900,16-Jan-20
96,Jalana,Partur,Wheat,Maharashtra 2189,FAQ,2465,2700,2600,13-Jan-20
97,Jalana,Partur,Wheat,Maharashtra 2189,FAQ,2251,2625,2552,9-Jan-20
98,Jalana,Partur,Wheat,Maharashtra 2189,FAQ,2171,2426,2290,7-Jan-20
99,Jalana,Partur,Wheat,Maharashtra 2189,FAQ,1800,2450,2380,6-Jan-20
100,Jalana,Partur,Wheat,Maharashtra 2189,FAQ,1850,2400,2001,4-Jan-20
101,Jalana,Partur,Wheat,Maharashtra 2189,FAQ,1981,2470,2470,2-Jan-20
102,Jalana,Partur,Wheat,Maharashtra 2189,FAQ,1801,2511,2250,1-Jan-20
103,Jalana,Partur,Wheat,Maharashtra 2189,FAQ,1826,2701,2701,31-Dec-19
104,Jalana,Partur,Wheat,Maharashtra 2189,FAQ,2001,2600,2151,28-Dec-19
105,Jalana,Partur,Wheat,Maharashtra 2189,FAQ,1975,2500,2400,23-Dec-19
106,Jalana,Partur,Wheat,Maharashtra 2189,FAQ,1700,2400,2281,21-Dec-19
107,Jalana,Partur,Wheat,Maharashtra 2189,FAQ,1750,2335,2151,18-Dec-19
108,Jalana,Partur,Wheat,Maharashtra 2189,FAQ,1700,1900,1851,17-Dec-19
109,Jalana,Partur,Wheat,Maharashtra 2189,FAQ,1525,2451,2401,16-Dec-19
110,Jalana,Partur,Wheat,Maharashtra 2189,FAQ,1900,2355,2000,13-Dec-19
111,Jalana,Partur,Wheat,Maharashtra 2189,FAQ,1550,2100,1826,7-Dec-19
112,Jalana,Partur,Wheat,Maharashtra 2189,FAQ,2101,2687,2310,6-Dec-19
113,Jalana,Partur,Wheat,Maharashtra 2189,FAQ,1951,2281,2001,5-Dec-19
114,Jalana,Partur,Wheat,Maharashtra 2189,FAQ,1780,2561,2400,3-Dec-19
115,Jalana,Partur,Wheat,Maharashtra 2189,FAQ,2075,3630,2501,2-Dec-19
116,Jalana,Partur,Wheat,Maharashtra 2189,FAQ,2065,2556,2430,29-Nov-19
117,Jalana,Partur,Wheat,Maharashtra 2189,FAQ,1800,2600,2428,28-Nov-19
118,Jalana,Partur,Wheat,Maharashtra 2189,FAQ,2175,2500,2400,23-Nov-19
119,Jalana,Partur,Wheat,Maharashtra 2189,FAQ,1700,2500,1815,22-Nov-19
120,Jalana,Partur,Wheat,Maharashtra 2189,FAQ,2300,2550,2426,21-Nov-19
121,Jalana,Partur,Wheat,Maharashtra 2189,FAQ,1600,2950,1800,20-Nov-19
122,Jalana,Partur,Wheat,Maharashtra 2189,FAQ,1850,2627,2400,18-Nov-19
123,Jalana,Partur,Wheat,Maharashtra 2189,FAQ,1800,2445,2100,16-Nov-19
124,Jalana,Partur,Wheat,Maharashtra 2189,FAQ,1700,2901,2581,15-Nov-19
125,Jalana,Partur,Wheat,Maharashtra 2189,FAQ,1725,2550,2000,14-Nov-19
126,Jalana,Partur,Wheat,Maharashtra 2189,FAQ,1700,2465,1800,13-Nov-19
127,Jalana,Partur,Wheat,Maharashtra 2189,FAQ,2000,2400,2275,7-Nov-19
128,Jalana,Partur,Wheat,Maharashtra 2189,FAQ,1850,2500,2376,6-Nov-19
129,Jalana,Partur,Wheat,Maharashtra 2189,FAQ,2000,2300,2200,5-Nov-19
130,Jalana,Partur,Wheat,Maharashtra 2189,FAQ,2100,2540,2425,4-Nov-19
131,Jalana,Partur,Wheat,Maharashtra 2189,FAQ,1550,2555,2000,2-Nov-19
132,Jalana,Partur,Wheat,Maharashtra 2189,FAQ,2125,2582,2536,31-Oct-19
133,Jalana,Partur,Wheat,Maharashtra 2189,FAQ,1750,2466,1900,30-Oct-19
134,Jalana,Partur,Wheat,Maharashtra 2189,FAQ,1880,2295,2250,29-Oct-19
135,Jalana,Partur,Wheat,Maharashtra 2189,FAQ,2000,2400,2076,17-Oct-19
136,Jalana,Partur,Wheat,Maharashtra 2189,FAQ,1700,2136,1751,14-Oct-19
137,Jalana,Partur,Wheat,Maharashtra 2189,FAQ,1701,2400,1751,7-Oct-19
138,Jalana,Partur,Wheat,Maharashtra 2189,FAQ,2025,2300,2271,4-Oct-19
139,Jalana,Partur,Wheat,Maharashtra 2189,FAQ,1825,2150,2060,3-Oct-19
140,Jalana,Partur,Wheat,Maharashtra 2189,FAQ,2275,2341,2301,1-Oct-19
141,Jalana,Partur,Wheat,Maharashtra 2189,FAQ,2000,2560,2150,30-Sep-19
142,Jalana,Partur,Wheat,Maharashtra 2189,FAQ,1850,2380,2051,26-Sep-19
143,Jalana,Partur,Wheat,Maharashtra 2189,FAQ,1871,2250,2171,25-Sep-19
144,Jalana,Partur,Wheat,Maharashtra 2189,FAQ,1900,2200,2150,24-Sep-19
145,Jalana,Partur,Wheat,Maharashtra 2189,FAQ,1670,2220,2201,20-Sep-19
146,Jalana,Partur,Wheat,Maharashtra 2189,FAQ,2060,2450,2400,18-Sep-19
147,Jalana,Partur,Wheat,Maharashtra 2189,FAQ,1755,2425,2305,16-Sep-19
148,Jalana,Partur,Wheat,Maharashtra 2189,FAQ,1800,2265,2251,13-Sep-19
149,Jalana,Partur,Wheat,Maharashtra 2189,FAQ,2271,2825,2400,5-Sep-19
150,Jalana,Partur,Wheat,Maharashtra 2189,FAQ,2125,2430,2251,4-Sep-19
151,Jalana,Partur,Wheat,Maharashtra 2189,FAQ,2026,2300,2205,3-Sep-19
152,Jalana,Partur,Wheat,Maharashtra 2189,FAQ,1826,2416,2176,29-Aug-19
153,Jalana,Partur,Wheat,Maharashtra 2189,FAQ,1900,2300,2250,26-Aug-19
154,Jalana,Partur,Wheat,Maharashtra 2189,FAQ,2280,2320,2320,22-Aug-19
155,Jalana,Partur,Wheat,Maharashtra 2189,FAQ,1700,2360,2276,19-Aug-19
156,Jalana,Partur,Wheat,Maharashtra 2189,FAQ,1930,2201,2076,16-Aug-19
157,Jalana,Partur,Wheat,Maharashtra 2189,FAQ,1900,2201,2140,13-Aug-19
158,Jalana,Partur,Wheat,Maharashtra 2189,FAQ,1970,2401,1970,10-Aug-19
159,Jalana,Partur,Wheat,Maharashtra 2189,FAQ,2251,2370,2370,7-Aug-19
160,Jalana,Partur,Wheat,Maharashtra 2189,FAQ,1850,2251,2222,6-Aug-19
161,Jalana,Partur,Wheat,Maharashtra 2189,FAQ,2007,2081,2081,2-Aug-19
162,Jalana,Partur,Wheat,Maharashtra 2189,FAQ,1850,2060,2060,26-Jul-19
163,Jalana,Partur,Wheat,Maharashtra 2189,FAQ,2150,2221,2181,25-Jul-19
164,Jalana,Partur,Wheat,Maharashtra 2189,FAQ,2050,2385,2240,23-Jul-19
165,Jalana,Partur,Wheat,Maharashtra 2189,FAQ,2200,2271,2201,18-Jul-19
166,Jalana,Partur,Wheat,Maharashtra 2189,FAQ,2225,2233,2233,16-Jul-19
167,Jalana,Partur,Wheat,Maharashtra 2189,FAQ,1701,2436,2225,15-Jul-19
168,Jalana,Partur,Wheat,Maharashtra 2189,FAQ,1905,2371,2211,9-Jul-19
169,Jalana,Partur,Wheat,Maharashtra 2189,FAQ,1850,2300,2150,8-Jul-19
170,Jalana,Partur,Wheat,Maharashtra 2189,FAQ,1700,2136,2136,4-Jul-19
171,Jalana,Partur,Wheat,Maharashtra 2189,FAQ,2076,2100,2100,29-Jun-19
172,Jalana,Partur,Wheat,Maharashtra 2189,FAQ,2100,2525,2400,28-Jun-19
173,Jalana,Partur,Wheat,Maharashtra 2189,FAQ,2060,2150,2150,27-Jun-19
174,Jalana,Partur,Wheat,Maharashtra 2189,FAQ,1750,2275,2200,26-Jun-19
175,Jalana,Partur,Wheat,Maharashtra 2189,FAQ,2100,2375,2326,24-Jun-19
176,Jalana,Partur,Wheat,Maharashtra 2189,FAQ,1650,2050,2050,22-Jun-19
177,Jalana,Partur,Wheat,Maharashtra 2189,FAQ,2275,2400,2300,20-Jun-19
178,Jalana,Partur,Wheat,Maharashtra 2189,FAQ,1800,2340,2275,19-Jun-19
179,Jalana,Partur,Wheat,Maharashtra 2189,FAQ,1850,2250,2140,17-Jun-19
180,Jalana,Partur,Wheat,Maharashtra 2189,FAQ,2276,2416,2416,15-Jun-19
181,Jalana,Partur,Wheat,Maharashtra 2189,FAQ,2471,2575,2500,14-Jun-19
182,Jalana,Partur,Wheat,Maharashtra 2189,FAQ,1880,1900,1900,13-Jun-19
183,Jalana,Partur,Wheat,Maharashtra 2189,FAQ,1800,2128,1900,12-Jun-19
184,Jalana,Partur,Wheat,Maharashtra 2189,FAQ,1900,2376,2227,11-Jun-19
185,Jalana,Partur,Wheat,Maharashtra 2189,FAQ,1940,2450,2450,10-Jun-19
186,Jalana,Partur,Wheat,Maharashtra 2189,FAQ,2350,2526,2526,7-Jun-19
187,Jalana,Partur,Wheat,Maharashtra 2189,FAQ,2080,2430,2327,6-Jun-19
188,Jalana,Partur,Wheat,Maharashtra 2189,FAQ,1901,2441,2200,4-Jun-19
189,Jalana,Partur,Wheat,Maharashtra 2189,FAQ,2071,2336,2200,1-Jun-19
190,Jalana,Partur,Wheat,Maharashtra 2189,FAQ,1921,2076,1940,31-May-19
191,Jalana,Partur,Wheat,Maharashtra 2189,FAQ,1865,2472,2351,28-May-19
192,Jalana,Partur,Wheat,Maharashtra 2189,FAQ,1875,2026,1925,27-May-19
193,Jalana,Partur,Wheat,Maharashtra 2189,FAQ,2200,2376,2376,25-May-19
194,Jalana,Partur,Wheat,Maharashtra 2189,FAQ,1811,2485,2045,24-May-19
195,Jalana,Partur,Wheat,Maharashtra 2189,FAQ,1872,2250,1925,21-May-19
196,Jalana,Partur,Wheat,Maharashtra 2189,FAQ,2081,2300,2260,16-May-19
197,Jalana,Partur,Wheat,Maharashtra 2189,FAQ,2300,2326,2326,14-May-19
198,Jalana,Partur,Wheat,Maharashtra 2189,FAQ,2200,2301,2276,13-May-19
199,Jalana,Partur,Wheat,Maharashtra 2189,FAQ,1700,2400,2350,11-May-19
200,Jalana,Partur,Wheat,Maharashtra 2189,FAQ,1800,2352,1926,10-May-19
201,Jalana,Partur,Wheat,Maharashtra 2189,FAQ,1850,2000,1950,9-May-19
202,Jalana,Partur,Wheat,Maharashtra 2189,FAQ,1851,2371,2300,8-May-19
203,Jalana,Partur,Wheat,Maharashtra 2189,FAQ,1750,2690,1916,6-May-19
204,Jalana,Partur,Wheat,Maharashtra 2189,FAQ,1800,2360,2101,3-May-19
205,Jalana,Partur,Wheat,Maharashtra 2189,FAQ,1750,2380,1850,2-May-19
206,Jalana,Partur,Wheat,Maharashtra 2189,FAQ,4900,5351,5300,30-Apr-19
207,Jalana,Partur,Wheat,Maharashtra 2189,FAQ,1801,2101,2101,29-Apr-19
208,Jalana,Partur,Wheat,Maharashtra 2189,FAQ,1700,2200,2100,27-Apr-19
209,Jalana,Partur,Wheat,Maharashtra 2189,FAQ,2291,2450,2305,26-Apr-19
210,Jalana,Partur,Wheat,Maharashtra 2189,FAQ,1790,2100,1951,25-Apr-19
211,Jalana,Partur,Wheat,Maharashtra 2189,FAQ,2061,2130,2130,23-Apr-19
212,Jalana,Partur,Wheat,Maharashtra 2189,FAQ,1750,2471,1875,22-Apr-19
213,Jalana,Partur,Wheat,Maharashtra 2189,FAQ,1725,2400,2200,20-Apr-19
214,Jalana,Partur,Wheat,Maharashtra 2189,FAQ,1726,1881,1771,16-Apr-19
215,Jalana,Partur,Wheat,Maharashtra 2189,FAQ,1902,2325,2225,15-Apr-19
216,Jalana,Partur,Wheat,Maharashtra 2189,FAQ,2171,2200,2200,12-Apr-19
217,Jalana,Partur,Wheat,Maharashtra 2189,FAQ,2000,2500,2325,11-Apr-19
218,Jalana,Partur,Wheat,Maharashtra 2189,FAQ,2261,2500,2500,10-Apr-19
219,Jalana,Partur,Wheat,Maharashtra 2189,FAQ,2175,2391,2250,9-Apr-19
220,Jalana,Partur,Wheat,Maharashtra 2189,FAQ,2255,2425,2300,8-Apr-19
221,Jalana,Partur,Wheat,Maharashtra 2189,FAQ,1801,2551,2280,4-Apr-19
222,Jalana,Partur,Wheat,Maharashtra 2189,FAQ,1750,2315,2191,3-Apr-19
223,Jalana,Partur,Wheat,Maharashtra 2189,FAQ,2290,2351,2336,2-Apr-19
224,Jalana,Partur,Wheat,Maharashtra 2189,FAQ,2275,2453,2430,1-Apr-19
225,Jalana,Partur,Wheat,Maharashtra 2189,FAQ,1806,2100,2050,28-Mar-19
226,Jalana,Partur,Wheat,Maharashtra 2189,FAQ,1680,1826,1730,27-Mar-19
227,Jalana,Partur,Wheat,Maharashtra 2189,FAQ,1800,2475,2110,26-Mar-19
228,Jalana,Partur,Wheat,Maharashtra 2189,FAQ,1741,2500,1800,25-Mar-19
229,Jalana,Partur,Wheat,Maharashtra 2189,FAQ,1786,1800,1800,23-Mar-19
230,Jalana,Partur,Wheat,Maharashtra 2189,FAQ,2201,2252,2250,22-Mar-19
231,Jalana,Partur,Wheat,Maharashtra 2189,FAQ,1780,2435,2431,19-Mar-19
232,Jalana,Partur,Wheat,Maharashtra 2189,FAQ,1780,2435,2431,18-Mar-19
233,Jalana,Partur,Wheat,Maharashtra 2189,FAQ,1800,2250,1950,16-Mar-19
234,Jalana,Partur,Wheat,Maharashtra 2189,FAQ,1750,2121,2086,15-Mar-19
235,Jalana,Partur,Wheat,Maharashtra 2189,FAQ,2001,2451,2225,13-Mar-19
236,Jalana,Partur,Wheat,Maharashtra 2189,FAQ,1710,2180,2000,12-Mar-19
237,Jalana,Partur,Wheat,Maharashtra 2189,FAQ,1845,2350,2175,11-Mar-19
238,Jalana,Partur,Wheat,Maharashtra 2189,FAQ,1725,2000,2000,9-Mar-19
239,Jalana,Partur,Wheat,Maharashtra 2189,FAQ,1725,2000,2000,8-Mar-19
240,Jalana,Partur,Wheat,Maharashtra 2189,FAQ,1925,2250,2070,7-Mar-19
241,Jalana,Partur,Wheat,Maharashtra 2189,FAQ,2201,2350,2300,27-Feb-19
242,Jalana,Partur,Wheat,Maharashtra 2189,FAQ,1755,2200,1910,23-Feb-19
243,Jalana,Partur,Wheat,Maharashtra 2189,FAQ,1700,2000,2000,22-Feb-19
244,Jalana,Partur,Wheat,Maharashtra 2189,FAQ,2100,2290,2200,20-Feb-19
245,Jalana,Partur,Wheat,Maharashtra 2189,FAQ,2025,2355,2281,15-Feb-19
246,Jalana,Partur,Wheat,Maharashtra 2189,FAQ,2200,2600,2350,14-Feb-19
247,Jalana,Partur,Wheat,Maharashtra 2189,FAQ,2100,2200,2150,13-Feb-19
248,Jalana,Partur,Wheat,Maharashtra 2189,FAQ,2050,2351,2326,11-Feb-19
249,Jalana,Partur,Wheat,Maharashtra 2189,FAQ,1700,2341,2341,8-Feb-19
250,Jalana,Partur,Wheat,Maharashtra 2189,FAQ,2250,2405,2381,5-Feb-19
251,Jalana,Partur,Wheat,Maharashtra 2189,FAQ,2405,2455,2455,2-Feb-19
252,Jalana,Partur,Wheat,Maharashtra 2189,FAQ,1926,2251,2225,1-Feb-19
253,Jalana,Partur,Wheat,Maharashtra 2189,FAQ,2151,2426,2300,30-Jan-19
254,Jalana,Partur,Wheat,Maharashtra 2189,FAQ,2200,3200,2405,29-Jan-19
255,Jalana,Partur,Wheat,Maharashtra 2189,FAQ,1826,2481,2300,28-Jan-19
256,Jalana,Partur,Wheat,Maharashtra 2189,FAQ,1800,3000,2605,19-Jan-19
257,Jalana,Partur,Wheat,Maharashtra 2189,FAQ,1860,1960,1950,16-Jan-19
258,Jalana,Partur,Wheat,Maharashtra 2189,FAQ,2000,2575,2450,12-Jan-19
259,Jalana,Partur,Wheat,Maharashtra 2189,FAQ,2148,2585,2385,11-Jan-19
260,Jalana,Partur,Wheat,Maharashtra 2189,FAQ,2250,2651,2285,10-Jan-19
261,Jalana,Partur,Wheat,Maharashtra 2189,FAQ,2301,2490,2400,9-Jan-19
262,Jalana,Partur,Wheat,Maharashtra 2189,FAQ,1941,2310,2225,4-Jan-19
263,Jalana,Partur,Wheat,Maharashtra 2189,FAQ,2400,2580,2460,31-Dec-18
264,Jalana,Partur,Wheat,Maharashtra 2189,FAQ,2360,2431,2425,28-Dec-18
265,Jalana,Partur,Wheat,Maharashtra 2189,FAQ,2176,2431,2400,12-Dec-18
266,Jalana,Partur,Wheat,Maharashtra 2189,FAQ,1951,2451,2200,11-Dec-18
267,Jalana,Partur,Wheat,Maharashtra 2189,FAQ,2351,2491,2491,6-Dec-18
268,Jalana,Partur,Wheat,Maharashtra 2189,FAQ,2050,2500,2225,5-Dec-18
269,Jalana,Partur,Wheat,Maharashtra 2189,FAQ,2450,2500,2500,4-Dec-18
270,Jalana,Partur,Wheat,Maharashtra 2189,FAQ,2140,2251,2251,1-Dec-18
271,Jalana,Partur,Wheat,Maharashtra 2189,FAQ,2350,2485,2485,30-Nov-18
272,Jalana,Partur,Wheat,Maharashtra 2189,FAQ,2000,2500,2500,29-Nov-18
273,Jalana,Partur,Wheat,Maharashtra 2189,FAQ,2586,2600,2599,28-Nov-18
274,Jalana,Partur,Wheat,Maharashtra 2189,FAQ,1800,2550,2081,27-Nov-18
275,Jalana,Partur,Wheat,Maharashtra 2189,FAQ,2325,2401,2401,26-Nov-18
276,Jalana,Partur,Wheat,Maharashtra 2189,FAQ,1750,2401,1950,24-Nov-18
277,Jalana,Partur,Wheat,Maharashtra 2189,FAQ,1750,1800,1800,19-Nov-18
278,Jalana,Partur,Wheat,Maharashtra 2189,FAQ,1800,2251,1951,17-Nov-18
279,Jalana,Partur,Wheat,Maharashtra 2189,FAQ,2018,2300,2100,16-Nov-18
280,Jalana,Partur,Wheat,Maharashtra 2189,FAQ,1901,1950,1950,14-Nov-18
281,Jalana,Partur,Wheat,Maharashtra 2189,FAQ,2250,2300,2300,10-Nov-18
282,Jalana,Partur,Wheat,Maharashtra 2189,FAQ,1900,2471,2100,9-Nov-18
283,Jalana,Partur,Wheat,Maharashtra 2189,FAQ,2180,2401,2401,3-Nov-18
284,Jalana,Partur,Wheat,Maharashtra 2189,FAQ,1875,2450,2350,2-Nov-18
285,Jalana,Partur,Wheat,Maharashtra 2189,FAQ,2001,2451,2340,1-Nov-18
286,Jalana,Partur,Wheat,Maharashtra 2189,FAQ,2446,2446,2446,27-Oct-18
287,Jalana,Partur,Wheat,Maharashtra 2189,FAQ,2200,2380,2380,26-Oct-18
288,Jalana,Partur,Wheat,Maharashtra 2189,FAQ,1701,1801,1801,25-Oct-18
289,Jalana,Partur,Wheat,Maharashtra 2189,FAQ,2321,2400,2400,22-Oct-18
290,Jalana,Partur,Wheat,Maharashtra 2189,FAQ,1721,1850,1850,20-Oct-18
291,Jalana,Partur,Wheat,Maharashtra 2189,FAQ,1725,2400,2275,15-Oct-18
292,Jalana,Partur,Wheat,Maharashtra 2189,FAQ,1826,2251,1850,12-Oct-18
293,Jalana,Partur,Wheat,Maharashtra 2189,FAQ,2116,2300,2300,11-Oct-18
294,Jalana,Partur,Wheat,Maharashtra 2189,FAQ,1900,2100,2000,8-Oct-18
295,Jalana,Partur,Wheat,Maharashtra 2189,FAQ,1900,1951,1951,6-Oct-18
296,Jalana,Partur,Wheat,Maharashtra 2189,FAQ,2080,2100,2100,5-Oct-18
297,Jalana,Partur,Wheat,Maharashtra 2189,FAQ,1781,2305,2000,4-Oct-18
298,Jalana,Partur,Wheat,Maharashtra 2189,FAQ,1600,2201,1900,3-Oct-18
299,Jalana,Partur,Wheat,Maharashtra 2189,FAQ,1691,2200,2001,1-Oct-18
300,Jalana,Partur,Wheat,Maharashtra 2189,FAQ,1950,2251,2200,29-Sep-18
301,Jalana,Partur,Wheat,Maharashtra 2189,FAQ,1600,2001,1831,27-Sep-18
302,Jalana,Partur,Wheat,Maharashtra 2189,FAQ,1650,1890,1861,26-Sep-18
303,Jalana,Partur,Wheat,Maharashtra 2189,FAQ,1750,2200,1851,25-Sep-18
304,Jalana,Partur,Wheat,Maharashtra 2189,FAQ,1805,1961,1926,24-Sep-18
305,Jalana,Partur,Wheat,Maharashtra 2189,FAQ,1856,2166,1950,22-Sep-18
306,Jalana,Partur,Wheat,Maharashtra 2189,FAQ,1701,1966,1851,21-Sep-18
307,Jalana,Partur,Wheat,Maharashtra 2189,FAQ,1772,2151,1931,19-Sep-18
308,Jalana,Partur,Wheat,Maharashtra 2189,FAQ,1876,2102,1905,18-Sep-18
309,Jalana,Partur,Wheat,Maharashtra 2189,FAQ,1700,1925,1801,15-Sep-18
310,Jalana,Partur,Wheat,Maharashtra 2189,FAQ,1860,2220,2000,12-Sep-18
311,Jalana,Partur,Wheat,Maharashtra 2189,FAQ,1700,2100,1931,11-Sep-18
312,Jalana,Partur,Wheat,Maharashtra 2189,FAQ,1800,2151,1831,8-Sep-18
313,Jalana,Partur,Wheat,Maharashtra 2189,FAQ,1761,2176,1856,7-Sep-18
314,Jalana,Partur,Wheat,Maharashtra 2189,FAQ,1850,2191,2070,6-Sep-18
315,Jalana,Partur,Wheat,Maharashtra 2189,FAQ,1850,1900,1881,5-Sep-18
316,Jalana,Partur,Wheat,Maharashtra 2189,FAQ,1890,2076,2030,4-Sep-18
317,Jalana,Partur,Wheat,Maharashtra 2189,FAQ,1840,2075,1902,20-Aug-18
318,Jalana,Partur,Wheat,Maharashtra 2189,FAQ,1850,2216,2216,14-Aug-18
319,Jalana,Partur,Wheat,Maharashtra 2189,FAQ,1800,2075,1916,10-Aug-18
320,Jalana,Partur,Wheat,Maharashtra 2189,FAQ,1786,2150,2100,7-Aug-18
321,Jalana,Partur,Wheat,Maharashtra 2189,FAQ,1926,2150,2016,6-Aug-18
322,Jalana,Partur,Wheat,Maharashtra 2189,FAQ,1920,2100,2050,4-Aug-18
323,Jalana,Partur,Wheat,Maharashtra 2189,FAQ,1801,1971,1971,3-Aug-18
324,Jalana,Partur,Wheat,Maharashtra 2189,FAQ,1900,2151,1986,2-Aug-18
325,Jalana,Partur,Wheat,Maharashtra 2189,FAQ,1925,2202,2071,1-Aug-18
326,Jalana,Partur,Wheat,Maharashtra 2189,FAQ,1885,2105,1976,31-Jul-18
327,Jalana,Partur,Wheat,Maharashtra 2189,FAQ,1825,2245,2101,30-Jul-18
328,Jalana,Partur,Wheat,Maharashtra 2189,FAQ,1985,2180,2001,27-Jul-18
329,Jalana,Partur,Wheat,Maharashtra 2189,FAQ,1700,1996,1900,20-Jul-18
330,Jalana,Partur,Wheat,Maharashtra 2189,FAQ,1600,1700,1700,19-Jul-18
331,Jalana,Partur,Wheat,Maharashtra 2189,FAQ,1675,1921,1701,18-Jul-18
332,Jalana,Partur,Wheat,Maharashtra 2189,FAQ,1700,2105,2100,17-Jul-18
333,Jalana,Partur,Wheat,Maharashtra 2189,FAQ,1786,2106,1800,11-Jul-18
334,Jalana,Partur,Wheat,Maharashtra 2189,FAQ,1650,2051,1891,9-Jul-18
335,Jalana,Partur,Wheat,Maharashtra 2189,FAQ,1800,1820,1820,7-Jul-18
336,Jalana,Partur,Wheat,Maharashtra 2189,FAQ,1666,1800,1800,4-Jul-18
337,Jalana,Partur,Wheat,Maharashtra 2189,FAQ,1796,1951,1826,3-Jul-18
338,Jalana,Partur,Wheat,Maharashtra 2189,FAQ,1600,1841,1721,2-Jul-18
339,Jalana,Partur,Wheat,Maharashtra 2189,FAQ,1600,2000,1700,30-Jun-18
340,Jalana,Partur,Wheat,Maharashtra 2189,FAQ,1870,2000,2000,29-Jun-18
341,Jalana,Partur,Wheat,Maharashtra 2189,FAQ,1451,1900,1631,27-Jun-18
342,Jalana,Partur,Wheat,Maharashtra 2189,FAQ,1300,1690,1690,26-Jun-18
343,Jalana,Partur,Wheat,Maharashtra 2189,FAQ,1651,1936,1781,25-Jun-18
344,Jalana,Partur,Wheat,Maharashtra 2189,FAQ,1600,1876,1785,23-Jun-18
345,Jalana,Partur,Wheat,Maharashtra 2189,FAQ,1700,1900,1875,22-Jun-18
346,Jalana,Partur,Wheat,Maharashtra 2189,FAQ,1570,1800,1751,21-Jun-18
347,Jalana,Partur,Wheat,Maharashtra 2189,FAQ,1551,1835,1830,20-Jun-18
348,Jalana,Partur,Wheat,Maharashtra 2189,FAQ,1700,1990,1850,19-Jun-18
349,Jalana,Partur,Wheat,Maharashtra 2189,FAQ,1750,1900,1820,18-Jun-18
350,Jalana,Partur,Wheat,Maharashtra 2189,FAQ,1751,1891,1876,15-Jun-18
351,Jalana,Partur,Wheat,Maharashtra 2189,FAQ,1576,2000,1725,14-Jun-18
352,Jalana,Partur,Wheat,Maharashtra 2189,FAQ,1711,2000,1805,12-Jun-18
353,Jalana,Partur,Wheat,Maharashtra 2189,FAQ,1650,1885,1700,11-Jun-18
354,Jalana,Partur,Wheat,Maharashtra 2189,FAQ,1681,1850,1700,9-Jun-18
355,Jalana,Partur,Wheat,Maharashtra 2189,FAQ,1700,1851,1760,8-Jun-18
356,Jalana,Partur,Wheat,Maharashtra 2189,FAQ,1600,1881,1725,7-Jun-18
357,Jalana,Partur,Wheat,Maharashtra 2189,FAQ,1621,1850,1700,5-Jun-18
358,Jalana,Partur,Wheat,Maharashtra 2189,FAQ,1611,2500,1711,4-Jun-18
359,Jalana,Partur,Wheat,Maharashtra 2189,FAQ,1640,1821,1665,2-Jun-18
360,Jalana,Partur,Wheat,Maharashtra 2189,FAQ,1700,1875,1800,1-Jun-18
361,Jalana,Partur,Wheat,Maharashtra 2189,FAQ,1770,2352,1851,31-May-18
362,Jalana,Partur,Wheat,Maharashtra 2189,FAQ,1625,1725,1674,30-May-18
363,Jalana,Partur,Wheat,Maharashtra 2189,FAQ,1600,1875,1675,29-May-18
364,Jalana,Partur,Wheat,Maharashtra 2189,FAQ,1450,1895,1701,28-May-18
365,Jalana,Partur,Wheat,Maharashtra 2189,FAQ,1875,2005,1900,26-May-18
366,Jalana,Partur,Wheat,Maharashtra 2189,FAQ,1665,1935,1751,25-May-18
367,Jalana,Partur,Wheat,Maharashtra 2189,FAQ,1725,3969,1825,23-May-18
368,Jalana,Partur,Wheat,Maharashtra 2189,FAQ,1750,1926,1778,22-May-18
369,Jalana,Partur,Wheat,Maharashtra 2189,FAQ,1415,1981,1615,21-May-18
370,Jalana,Partur,Wheat,Maharashtra 2189,FAQ,1641,1850,1700,19-May-18
371,Jalana,Partur,Wheat,Maharashtra 2189,FAQ,1750,1900,1820,18-May-18
372,Jalana,Partur,Wheat,Maharashtra 2189,FAQ,1580,1750,1645,17-May-18
373,Jalana,Partur,Wheat,Maharashtra 2189,FAQ,1600,1875,1675,16-May-18
374,Jalana,Partur,Wheat,Maharashtra 2189,FAQ,1576,1870,1741,14-May-18
375,Jalana,Partur,Wheat,Maharashtra 2189,FAQ,1480,1851,1672,12-May-18
376,Jalana,Partur,Wheat,Maharashtra 2189,FAQ,1600,1645,1645,11-May-18
377,Jalana,Partur,Wheat,Maharashtra 2189,FAQ,1571,1855,1760,9-May-18
378,Jalana,Partur,Wheat,Maharashtra 2189,FAQ,1550,1899,1640,4-May-18
379,Jalana,Partur,Wheat,Maharashtra 2189,FAQ,1410,1550,1520,3-May-18
380,Jalana,Partur,Wheat,Maharashtra 2189,FAQ,1501,1705,1690,2-May-18
381,Jalana,Partur,Wheat,Maharashtra 2189,FAQ,1425,1585,1585,28-Apr-18
382,Jalana,Partur,Wheat,Maharashtra 2189,FAQ,1672,1725,1725,27-Apr-18
383,Jalana,Partur,Wheat,Maharashtra 2189,FAQ,1550,1800,1616,26-Apr-18
384,Jalana,Partur,Wheat,Maharashtra 2189,FAQ,1525,1750,1726,25-Apr-18
385,Jalana,Partur,Wheat,Maharashtra 2189,FAQ,1540,1800,1640,24-Apr-18
386,Jalana,Partur,Wheat,Maharashtra 2189,FAQ,1645,1845,1745,19-Apr-18
387,Jalana,Partur,Wheat,Maharashtra 2189,FAQ,1540,1685,1671,11-Apr-18
388,Jalana,Partur,Wheat,Maharashtra 2189,FAQ,1570,1740,1625,9-Apr-18
389,Jalana,Partur,Wheat,Maharashtra 2189,FAQ,1561,1751,1660,7-Apr-18
390,Jalana,Partur,Wheat,Maharashtra 2189,FAQ,1340,1800,1426,5-Apr-18
391,Jalana,Partur,Wheat,Maharashtra 2189,FAQ,1621,1745,1650,4-Apr-18
392,Jalana,Partur,Wheat,Maharashtra 2189,FAQ,1590,1729,1615,2-Apr-18
393,Jalana,Partur,Wheat,Maharashtra 2189,FAQ,1351,1600,1586,24-Mar-18
394,Jalana,Partur,Wheat,Maharashtra 2189,FAQ,1531,1800,1561,22-Mar-18
395,Jalana,Partur,Wheat,Maharashtra 2189,FAQ,1500,1711,1645,21-Mar-18
396,Jalana,Partur,Wheat,Maharashtra 2189,FAQ,1500,1725,1630,20-Mar-18
397,Jalana,Partur,Wheat,Maharashtra 2189,FAQ,1570,1750,1600,19-Mar-18
398,Jalana,Partur,Wheat,Maharashtra 2189,FAQ,1540,1736,1645,15-Mar-18
399,Jalana,Partur,Wheat,Maharashtra 2189,FAQ,1550,1665,1665,14-Mar-18
400,Jalana,Partur,Wheat,Maharashtra 2189,FAQ,1551,1725,1600,13-Mar-18
401,Jalana,Partur,Wheat,Maharashtra 2189,FAQ,1590,1750,1611,10-Mar-18
402,Jalana,Partur,Wheat,Maharashtra 2189,FAQ,1400,1575,1550,9-Mar-18
403,Jalana,Partur,Wheat,Maharashtra 2189,FAQ,1575,1791,1661,7-Mar-18
404,Jalana,Partur,Wheat,Maharashtra 2189,FAQ,1466,1765,1641,6-Mar-18
405,Jalana,Partur,Wheat,Maharashtra 2189,FAQ,1361,1551,1451,5-Mar-18
406,Jalana,Partur,Wheat,Maharashtra 2189,FAQ,1551,1751,1650,3-Mar-18
407,Jalana,Partur,Wheat,Maharashtra 2189,FAQ,1600,1800,1780,26-Feb-18
408,Jalana,Partur,Wheat,Maharashtra 2189,FAQ,1500,1730,1655,23-Feb-18
409,Jalana,Partur,Wheat,Maharashtra 2189,FAQ,1650,1736,1711,22-Feb-18
410,Jalana,Partur,Wheat,Maharashtra 2189,FAQ,1600,1720,1670,20-Feb-18
411,Jalana,Partur,Wheat,Maharashtra 2189,FAQ,1441,1701,1530,16-Feb-18
412,Jalana,Partur,Wheat,Maharashtra 2189,FAQ,1540,1690,1620,14-Feb-18
413,Jalana,Partur,Wheat,Maharashtra 2189,FAQ,1365,1665,1665,9-Feb-18
414,Jalana,Partur,Wheat,Maharashtra 2189,FAQ,1586,1650,1636,6-Feb-18
415,Jalana,Partur,Wheat,Maharashtra 2189,FAQ,1501,1775,1675,3-Feb-18
416,Jalana,Partur,Wheat,Maharashtra 2189,FAQ,1500,1730,1661,2-Feb-18
417,Jalana,Partur,Wheat,Maharashtra 2189,FAQ,1536,1743,1600,1-Feb-18
418,Jalana,Partur,Wheat,Maharashtra 2189,FAQ,1451,1690,1580,31-Jan-18
419,Jalana,Partur,Wheat,Maharashtra 2189,FAQ,1535,1641,1550,27-Jan-18
420,Jalana,Partur,Wheat,Maharashtra 2189,FAQ,1540,1661,1625,25-Jan-18
421,Jalana,Partur,Wheat,Maharashtra 2189,FAQ,1580,1651,1600,23-Jan-18
422,Jalana,Partur,Wheat,Maharashtra 2189,FAQ,1500,1600,1600,15-Jan-18
423,Jalana,Partur,Wheat,Maharashtra 2189,FAQ,1400,1665,1551,12-Jan-18
424,Jalana,Partur,Wheat,Maharashtra 2189,FAQ,1536,1611,1600,11-Jan-18
425,Jalana,Partur,Wheat,Maharashtra 2189,FAQ,1536,1611,1600,10-Jan-18
426,Jalana,Partur,Wheat,Maharashtra 2189,FAQ,1565,1700,1600,9-Jan-18
427,Jalana,Partur,Wheat,Maharashtra 2189,FAQ,1502,1716,1601,2-Jan-18
428,Jalana,Partur,Wheat,Maharashtra 2189,FAQ,1400,1610,1550,28-Dec-17
429,Jalana,Partur,Wheat,Maharashtra 2189,FAQ,1570,1900,1611,26-Dec-17
430,Jalana,Partur,Wheat,Maharashtra 2189,FAQ,1500,1676,1575,22-Dec-17
431,Jalana,Partur,Wheat,Maharashtra 2189,FAQ,1556,1675,1556,20-Dec-17
432,Jalana,Partur,Wheat,Maharashtra 2189,FAQ,1400,1600,1530,19-Dec-17
433,Jalana,Partur,Wheat,Maharashtra 2189,FAQ,1581,1660,1626,16-Dec-17
434,Jalana,Partur,Wheat,Maharashtra 2189,FAQ,1551,1700,1600,15-Dec-17
435,Jalana,Partur,Wheat,Maharashtra 2189,FAQ,1400,1630,1555,11-Dec-17
436,Jalana,Partur,Wheat,Maharashtra 2189,FAQ,1560,1650,1600,9-Dec-17
437,Jalana,Partur,Wheat,Maharashtra 2189,FAQ,1560,1675,1630,8-Dec-17
438,Jalana,Partur,Wheat,Maharashtra 2189,FAQ,1525,1625,1580,7-Dec-17
439,Jalana,Partur,Wheat,Maharashtra 2189,FAQ,1525,1641,1570,5-Dec-17
440,Jalana,Partur,Wheat,Maharashtra 2189,FAQ,1500,1625,1560,2-Dec-17
441,Jalana,Partur,Wheat,Maharashtra 2189,FAQ,1541,1650,1640,30-Nov-17
442,Jalana,Partur,Wheat,Maharashtra 2189,FAQ,1525,1700,1625,29-Nov-17
443,Jalana,Partur,Wheat,Maharashtra 2189,FAQ,1540,1650,1600,27-Nov-17
444,Jalana,Partur,Wheat,Maharashtra 2189,FAQ,1600,1650,1620,24-Nov-17
445,Jalana,Partur,Wheat,Maharashtra 2189,FAQ,1560,1800,1600,20-Nov-17
446,Jalana,Partur,Wheat,Maharashtra 2189,FAQ,1500,1651,1621,17-Nov-17
447,Jalana,Partur,Wheat,Maharashtra 2189,FAQ,1481,1670,1551,15-Nov-17
448,Jalana,Partur,Wheat,Maharashtra 2189,FAQ,1530,1600,1585,14-Nov-17
449,Jalana,Partur,Wheat,Maharashtra 2189,FAQ,1585,1716,1631,11-Nov-17
450,Jalana,Partur,Wheat,Maharashtra 2189,FAQ,1526,2025,1675,10-Nov-17
451,Jalana,Partur,Wheat,Maharashtra 2189,FAQ,1500,1625,1571,8-Nov-17
452,Jalana,Partur,Wheat,Maharashtra 2189,FAQ,1560,1600,1600,7-Nov-17
453,Jalana,Partur,Wheat,Maharashtra 2189,FAQ,1560,1600,1600,6-Nov-17
454,Jalana,Partur,Wheat,Maharashtra 2189,FAQ,1325,1540,1480,31-Oct-17
455,Jalana,Partur,Wheat,Maharashtra 2189,FAQ,1446,1801,1550,28-Oct-17
456,Jalana,Partur,Wheat,Maharashtra 2189,FAQ,1200,1665,1571,26-Oct-17
457,Jalana,Partur,Wheat,Maharashtra 2189,FAQ,1400,1550,1520,23-Oct-17
458,Jalana,Partur,Wheat,Maharashtra 2189,FAQ,1490,1620,1580,21-Oct-17
459,Jalana,Partur,Wheat,Maharashtra 2189,FAQ,1400,1581,1500,16-Oct-17
460,Jalana,Partur,Wheat,Maharashtra 2189,FAQ,1461,1630,1630,14-Oct-17
461,Jalana,Partur,Wheat,Maharashtra 2189,FAQ,1475,1530,1520,13-Oct-17
462,Jalana,Partur,Wheat,Maharashtra 2189,FAQ,1400,1585,1501,12-Oct-17
463,Jalana,Partur,Wheat,Maharashtra 2189,FAQ,1481,1601,1565,11-Oct-17
464,Jalana,Partur,Wheat,Maharashtra 2189,FAQ,1510,1561,1550,10-Oct-17
465,Jalana,Partur,Wheat,Maharashtra 2189,FAQ,1450,1565,1525,7-Oct-17
466,Jalana,Partur,Wheat,Maharashtra 2189,FAQ,1500,1625,1560,5-Oct-17
467,Jalana,Partur,Wheat,Maharashtra 2189,FAQ,1500,1550,1541,4-Oct-17
468,Jalana,Partur,Wheat,Maharashtra 2189,FAQ,1561,1700,1600,3-Oct-17
469,Jalana,Partur,Wheat,Maharashtra 2189,FAQ,1520,1601,1552,25-Sep-17
470,Jalana,Partur,Wheat,Maharashtra 2189,FAQ,1550,1616,1570,23-Sep-17
471,Jalana,Partur,Wheat,Maharashtra 2189,FAQ,1515,1620,1570,22-Sep-17
472,Jalana,Partur,Wheat,Maharashtra 2189,FAQ,1500,1602,1550,21-Sep-17
473,Jalana,Partur,Wheat,Maharashtra 2189,FAQ,1541,1636,1600,19-Sep-17
474,Jalana,Partur,Wheat,Maharashtra 2189,FAQ,1571,1661,1621,18-Sep-17
475,Jalana,Partur,Wheat,Maharashtra 2189,FAQ,1500,1645,1611,16-Sep-17
476,Jalana,Partur,Wheat,Maharashtra 2189,FAQ,1535,1636,1550,15-Sep-17
477,Jalana,Partur,Wheat,Maharashtra 2189,FAQ,1551,1690,1601,14-Sep-17
478,Jalana,Partur,Wheat,Maharashtra 2189,FAQ,1560,1670,1615,13-Sep-17
479,Jalana,Partur,Wheat,Maharashtra 2189,FAQ,1578,1660,1616,12-Sep-17
480,Jalana,Partur,Wheat,Maharashtra 2189,FAQ,1550,1632,1610,11-Sep-17
481,Jalana,Partur,Wheat,Maharashtra 2189,FAQ,1550,1685,1601,9-Sep-17
482,Jalana,Partur,Wheat,Maharashtra 2189,FAQ,1530,1700,1638,8-Sep-17
483,Jalana,Partur,Wheat,Maharashtra 2189,FAQ,1561,1636,1615,7-Sep-17
484,Jalana,Partur,Wheat,Maharashtra 2189,FAQ,1545,1670,1605,6-Sep-17
485,Jalana,Partur,Wheat,Maharashtra 2189,FAQ,1541,1686,1600,4-Sep-17
486,Jalana,Partur,Wheat,Maharashtra 2189,FAQ,1500,1650,1600,1-Sep-17
487,Jalana,Partur,Wheat,Maharashtra 2189,FAQ,1610,1701,1650,26-Aug-17
488,Jalana,Partur,Wheat,Maharashtra 2189,FAQ,4100,4300,4223,18-Aug-17
489,Jalana,Partur,Wheat,Maharashtra 2189,FAQ,1571,1700,1616,16-Aug-17
490,Jalana,Partur,Wheat,Maharashtra 2189,FAQ,1551,1805,1805,14-Aug-17
491,Jalana,Partur,Wheat,Maharashtra 2189,FAQ,1625,1751,1724,12-Aug-17
492,Jalana,Partur,Wheat,Maharashtra 2189,FAQ,1566,1700,1620,11-Aug-17
493,Jalana,Partur,Wheat,Maharashtra 2189,FAQ,1501,1600,1600,10-Aug-17
494,Jalana,Partur,Wheat,Maharashtra 2189,FAQ,1550,1671,1601,9-Aug-17
495,Jalana,Partur,Wheat,Maharashtra 2189,FAQ,1600,1700,1625,4-Aug-17
496,Jalana,Partur,Wheat,Maharashtra 2189,FAQ,1451,1675,1600,3-Aug-17
497,Jalana,Partur,Wheat,Maharashtra 2189,FAQ,1582,1700,1622,2-Aug-17
498,Jalana,Partur,Wheat,Maharashtra 2189,FAQ,1500,1660,1600,1-Aug-17
499,Jalana,Partur,Wheat,Maharashtra 2189,FAQ,1591,1671,1650,31-Jul-17
500,Jalana,Partur,Wheat,Maharashtra 2189,FAQ,1590,1600,1600,29-Jul-17
501,Jalana,Partur,Wheat,Maharashtra 2189,FAQ,1528,1730,1730,28-Jul-17
502,Jalana,Partur,Wheat,Maharashtra 2189,FAQ,1541,1670,1636,26-Jul-17
503,Jalana,Partur,Wheat,Maharashtra 2189,FAQ,1500,1726,1600,25-Jul-17
504,Jalana,Partur,Wheat,Maharashtra 2189,FAQ,1596,1671,1626,24-Jul-17
505,Jalana,Partur,Wheat,Maharashtra 2189,FAQ,1600,1721,1700,22-Jul-17
506,Jalana,Partur,Wheat,Maharashtra 2189,FAQ,1561,1660,1621,21-Jul-17
507,Jalana,Partur,Wheat,Maharashtra 2189,FAQ,1580,1731,1661,20-Jul-17
508,Jalana,Partur,Wheat,Maharashtra 2189,FAQ,1550,1731,1585,19-Jul-17
509,Jalana,Partur,Wheat,Maharashtra 2189,FAQ,1500,1720,1551,18-Jul-17
510,Jalana,Partur,Wheat,Maharashtra 2189,FAQ,1552,1651,1601,17-Jul-17
511,Jalana,Partur,Wheat,Maharashtra 2189,FAQ,1550,1645,1600,14-Jul-17
512,Jalana,Partur,Wheat,Maharashtra 2189,FAQ,1650,1718,1671,12-Jul-17
513,Jalana,Partur,Wheat,Maharashtra 2189,FAQ,1501,1615,1550,11-Jul-17
514,Jalana,Partur,Wheat,Maharashtra 2189,FAQ,1515,1676,1601,10-Jul-17
515,Jalana,Partur,Wheat,Maharashtra 2189,FAQ,1626,1725,1700,8-Jul-17
516,Jalana,Partur,Wheat,Maharashtra 2189,FAQ,1551,1670,1651,7-Jul-17
517,Jalana,Partur,Wheat,Maharashtra 2189,FAQ,1501,1725,1570,6-Jul-17
518,Jalana,Partur,Wheat,Maharashtra 2189,FAQ,1546,1630,1600,3-Jul-17
519,Jalana,Partur,Wheat,Maharashtra 2189,FAQ,1580,1718,1665,1-Jul-17
520,Jalana,Partur,Wheat,Maharashtra 2189,FAQ,1530,1710,1665,29-Jun-17
521,Jalana,Partur,Wheat,Maharashtra 2189,FAQ,1440,1655,1600,22-Jun-17
522,Jalana,Partur,Wheat,Maharashtra 2189,FAQ,1552,1716,1651,21-Jun-17
523,Jalana,Partur,Wheat,Maharashtra 2189,FAQ,1610,1761,1700,20-Jun-17
524,Jalana,Partur,Wheat,Maharashtra 2189,FAQ,1551,1751,1681,19-Jun-17
525,Jalana,Partur,Wheat,Maharashtra 2189,FAQ,1486,1791,1600,17-Jun-17
526,Jalana,Partur,Wheat,Maharashtra 2189,FAQ,1551,1776,1651,16-Jun-17
527,Jalana,Partur,Wheat,Maharashtra 2189,FAQ,1561,1700,1655,15-Jun-17
528,Jalana,Partur,Wheat,Maharashtra 2189,FAQ,1600,1760,1650,14-Jun-17
529,Jalana,Partur,Wheat,Maharashtra 2189,FAQ,1470,1651,1560,13-Jun-17
530,Jalana,Partur,Wheat,Maharashtra 2189,FAQ,1600,1771,1746,12-Jun-17
531,Jalana,Partur,Wheat,Maharashtra 2189,FAQ,1470,1736,1600,10-Jun-17
532,Jalana,Partur,Wheat,Maharashtra 2189,FAQ,1576,1835,1631,8-Jun-17
533,Jalana,Partur,Wheat,Maharashtra 2189,FAQ,1526,1715,1680,7-Jun-17
534,Jalana,Partur,Wheat,Maharashtra 2189,FAQ,1471,1670,1600,6-Jun-17
535,Jalana,Partur,Wheat,Maharashtra 2189,FAQ,1500,1760,1731,31-May-17
536,Jalana,Partur,Wheat,Maharashtra 2189,FAQ,1501,1770,1551,30-May-17
537,Jalana,Partur,Wheat,Maharashtra 2189,FAQ,1600,1700,1650,29-May-17
538,Jalana,Partur,Wheat,Maharashtra 2189,FAQ,1651,1800,1770,27-May-17
539,Jalana,Partur,Wheat,Maharashtra 2189,FAQ,1620,1771,1701,24-May-17
540,Jalana,Partur,Wheat,Maharashtra 2189,FAQ,1575,1910,1731,23-May-17
541,Jalana,Partur,Wheat,Maharashtra 2189,FAQ,1610,1800,1726,22-May-17
542,Jalana,Partur,Wheat,Maharashtra 2189,FAQ,1680,1801,1750,19-May-17
543,Jalana,Partur,Wheat,Maharashtra 2189,FAQ,1610,1780,1740,18-May-17
544,Jalana,Partur,Wheat,Maharashtra 2189,FAQ,1700,2680,1900,17-May-17
545,Jalana,Partur,Wheat,Maharashtra 2189,FAQ,1650,1896,1771,16-May-17
546,Jalana,Partur,Wheat,Maharashtra 2189,FAQ,1610,1850,1740,15-May-17
547,Jalana,Partur,Wheat,Maharashtra 2189,FAQ,1651,2115,1700,13-May-17
548,Jalana,Partur,Wheat,Maharashtra 2189,FAQ,1551,1800,1700,12-May-17
549,Jalana,Partur,Wheat,Maharashtra 2189,FAQ,1650,1900,1725,11-May-17
550,Jalana,Partur,Wheat,Maharashtra 2189,FAQ,1530,1850,1640,9-May-17
551,Jalana,Partur,Wheat,Maharashtra 2189,FAQ,1640,1800,1675,8-May-17
552,Jalana,Partur,Wheat,Maharashtra 2189,FAQ,1600,1800,1675,6-May-17
553,Jalana,Partur,Wheat,Maharashtra 2189,FAQ,1500,1851,1651,5-May-17
554,Jalana,Partur,Wheat,Maharashtra 2189,FAQ,1646,1925,1700,3-May-17
555,Jalana,Partur,Wheat,Maharashtra 2189,FAQ,1680,1825,1725,2-May-17
556,Jalana,Partur,Wheat,Maharashtra 2189,FAQ,1675,1836,1780,29-Apr-17
557,Jalana,Partur,Wheat,Maharashtra 2189,FAQ,1642,1700,1650,27-Apr-17
558,Jalana,Partur,Wheat,Maharashtra 2189,FAQ,1641,1875,1800,25-Apr-17
559,Jalana,Partur,Wheat,Maharashtra 2189,FAQ,1645,1845,1750,24-Apr-17
560,Jalana,Partur,Wheat,Maharashtra 2189,FAQ,1650,1821,1744,22-Apr-17
561,Jalana,Partur,Wheat,Maharashtra 2189,FAQ,1600,1835,1775,20-Apr-17
562,Jalana,Partur,Wheat,Maharashtra 2189,FAQ,1621,1811,1765,19-Apr-17
563,Jalana,Partur,Wheat,Maharashtra 2189,FAQ,1621,1811,1765,18-Apr-17
564,Jalana,Partur,Wheat,Maharashtra 2189,FAQ,1625,1901,1725,17-Apr-17
565,Jalana,Partur,Wheat,Maharashtra 2189,FAQ,1500,1881,1776,15-Apr-17
566,Jalana,Partur,Wheat,Maharashtra 2189,FAQ,1610,1801,1712,12-Apr-17
567,Jalana,Partur,Wheat,Maharashtra 2189,FAQ,1600,1800,1700,10-Apr-17
568,Jalana,Partur,Wheat,Maharashtra 2189,FAQ,1575,1700,1600,8-Apr-17
569,Jalana,Partur,Wheat,Maharashtra 2189,FAQ,1600,1801,1641,7-Apr-17
570,Jalana,Partur,Wheat,Maharashtra 2189,FAQ,1526,1700,1670,6-Apr-17
571,Jalana,Partur,Wheat,Maharashtra 2189,FAQ,1550,1675,1620,5-Apr-17
572,Jalana,Partur,Wheat,Maharashtra 2189,FAQ,1525,1601,1575,1-Apr-17
573,Jalana,Partur,Wheat,Maharashtra 2189,FAQ,1540,1700,1601,25-Mar-17
574,Jalana,Partur,Wheat,Maharashtra 2189,FAQ,1600,1761,1700,23-Mar-17
575,Jalana,Partur,Wheat,Maharashtra 2189,FAQ,1550,1721,1622,22-Mar-17
576,Jalana,Partur,Wheat,Maharashtra 2189,FAQ,1575,1726,1665,21-Mar-17
577,Jalana,Partur,Wheat,Maharashtra 2189,FAQ,1600,1671,1660,20-Mar-17
578,Jalana,Partur,Wheat,Maharashtra 2189,FAQ,1550,1825,1640,18-Mar-17
579,Jalana,Partur,Wheat,Maharashtra 2189,FAQ,1620,1825,1726,16-Mar-17
580,Jalana,Partur,Wheat,Maharashtra 2189,FAQ,1560,1726,1650,15-Mar-17
581,Jalana,Partur,Wheat,Maharashtra 2189,FAQ,1591,1702,1675,10-Mar-17
582,Jalana,Partur,Wheat,Maharashtra 2189,FAQ,1561,1667,1667,8-Mar-17
583,Jalana,Partur,Wheat,Maharashtra 2189,FAQ,1615,1630,1620,4-Mar-17
584,Jalana,Partur,Wheat,Maharashtra 2189,FAQ,1631,1675,1650,3-Mar-17
585,Jalana,Partur,Wheat,Maharashtra 2189,FAQ,1525,1715,1576,2-Mar-17
586,Jalana,Partur,Wheat,Maharashtra 2189,FAQ,1701,1786,1760,1-Mar-17
587,Jalana,Partur,Wheat,Maharashtra 2189,FAQ,1950,2300,2300,23-Dec-16
588,Jalana,Partur,Wheat,Maharashtra 2189,FAQ,1875,2225,2225,15-Dec-16
589,Jalana,Partur,Wheat,Maharashtra 2189,FAQ,1650,2076,1800,14-Dec-16
590,Jalana,Partur,Wheat,Maharashtra 2189,FAQ,2250,2300,2300,10-Dec-16
591,Jalana,Partur,Wheat,Maharashtra 2189,FAQ,1776,1825,1825,2-Dec-16
592,Jalana,Partur,Wheat,Maharashtra 2189,FAQ,1800,1830,1830,1-Dec-16
593,Jalana,Partur,Wheat,Maharashtra 2189,FAQ,1825,2300,2250,30-Nov-16
594,Jalana,Partur,Wheat,Maharashtra 2189,FAQ,1626,2026,2026,28-Nov-16
595,Jalana,Partur,Wheat,Maharashtra 2189,FAQ,1800,2100,2000,22-Nov-16
596,Jalana,Partur,Wheat,Maharashtra 2189,FAQ,1851,1925,1925,3-Nov-16
597,Jalana,Partur,Wheat,Maharashtra 2189,FAQ,2251,2251,2251,2-Nov-16
598,Jalana,Partur,Wheat,Maharashtra 2189,FAQ,1650,2076,1800,10-Oct-16
599,Jalana,Partur,Wheat,Maharashtra 2189,FAQ,1960,2075,2000,8-Oct-16
600,Jalana,Partur,Wheat,Maharashtra 2189,FAQ,1815,2100,2051,6-Oct-16
601,Jalana,Partur,Wheat,Maharashtra 2189,FAQ,1600,2060,2060,5-Oct-16
602,Jalana,Partur,Wheat,Maharashtra 2189,FAQ,1750,2100,2100,4-Oct-16
603,Jalana,Partur,Wheat,Maharashtra 2189,FAQ,1650,2150,1850,3-Oct-16
604,Jalana,Partur,Wheat,Maharashtra 2189,FAQ,1725,1975,1725,1-Oct-16
605,Jalana,Partur,Wheat,Maharashtra 2189,FAQ,1650,2080,1650,29-Sep-16
606,Jalana,Partur,Wheat,Maharashtra 2189,FAQ,1951,2190,2050,28-Sep-16
607,Jalana,Partur,Wheat,Maharashtra 2189,FAQ,1700,2170,2000,27-Sep-16
608,Jalana,Partur,Wheat,Maharashtra 2189,FAQ,1730,1811,1775,26-Sep-16
609,Jalana,Partur,Wheat,Maharashtra 2189,FAQ,1761,2060,1831,22-Sep-16
610,Jalana,Partur,Wheat,Maharashtra 2189,FAQ,1701,2001,1930,20-Sep-16
611,Jalana,Partur,Wheat,Maharashtra 2189,FAQ,1700,2150,1750,16-Sep-16
612,Jalana,Partur,Wheat,Maharashtra 2189,FAQ,1600,2055,1600,14-Sep-16
613,Jalana,Partur,Wheat,Maharashtra 2189,FAQ,1700,2201,2201,10-Sep-16
614,Jalana,Partur,Wheat,Maharashtra 2189,FAQ,1951,2301,2300,8-Sep-16
615,Jalana,Partur,Wheat,Maharashtra 2189,FAQ,1661,2100,2000,7-Sep-16
616,Jalana,Partur,Wheat,Maharashtra 2189,FAQ,1685,1760,1700,6-Sep-16
617,Jalana,Partur,Wheat,Maharashtra 2189,FAQ,1600,1930,1700,3-Sep-16
618,Jalana,Partur,Wheat,Maharashtra 2189,FAQ,2051,2105,2090,30-Aug-16
619,Jalana,Partur,Wheat,Maharashtra 2189,FAQ,1800,1921,1921,27-Aug-16
620,Jalana,Partur,Wheat,Maharashtra 2189,FAQ,1881,1936,1900,26-Aug-16
621,Jalana,Partur,Wheat,Maharashtra 2189,FAQ,1750,2100,2100,25-Aug-16
622,Jalana,Partur,Wheat,Maharashtra 2189,FAQ,1650,2240,2230,24-Aug-16
623,Jalana,Partur,Wheat,Maharashtra 2189,FAQ,1625,1662,1662,23-Aug-16
624,Jalana,Partur,Wheat,Maharashtra 2189,FAQ,1871,1871,1871,22-Aug-16
625,Jalana,Partur,Wheat,Maharashtra 2189,FAQ,1700,2065,1941,20-Aug-16
626,Jalana,Partur,Wheat,Maharashtra 2189,FAQ,1776,2026,1851,19-Aug-16
627,Jalana,Partur,Wheat,Maharashtra 2189,FAQ,2051,2150,2100,16-Aug-16
628,Jalana,Partur,Wheat,Maharashtra 2189,FAQ,1551,1730,1700,13-Aug-16
629,Jalana,Partur,Wheat,Maharashtra 2189,FAQ,1630,1700,1700,12-Aug-16
630,Jalana,Partur,Wheat,Maharashtra 2189,FAQ,1480,1761,1761,11-Aug-16
631,Jalana,Partur,Wheat,Maharashtra 2189,FAQ,1775,1900,1899,9-Aug-16
632,Jalana,Partur,Wheat,Maharashtra 2189,FAQ,1950,2170,2100,6-Aug-16
633,Jalana,Partur,Wheat,Maharashtra 2189,FAQ,2100,2425,2200,30-Jul-16
634,Jalana,Partur,Wheat,Maharashtra 2189,FAQ,1850,2050,2000,29-Jul-16
635,Jalana,Partur,Wheat,Maharashtra 2189,FAQ,2001,2050,2050,28-Jul-16
636,Jalana,Partur,Wheat,Maharashtra 2189,FAQ,1705,3000,1900,27-Jul-16
637,Jalana,Partur,Wheat,Maharashtra 2189,FAQ,2100,2330,2251,26-Jul-16
638,Jalana,Partur,Wheat,Maharashtra 2189,FAQ,1770,2050,2001,25-Jul-16
639,Jalana,Partur,Wheat,Maharashtra 2189,FAQ,1680,1700,1700,23-Jul-16
640,Jalana,Partur,Wheat,Maharashtra 2189,FAQ,1926,2265,2076,22-Jul-16
641,Jalana,Partur,Wheat,Maharashtra 2189,FAQ,2100,2305,2105,8-Jul-16
642,Jalana,Partur,Wheat,Maharashtra 2189,FAQ,1717,2051,2001,2-Jul-16
643,Jalana,Partur,Wheat,Maharashtra 2189,FAQ,1711,1731,1731,1-Jul-16
644,Jalana,Partur,Wheat,Maharashtra 2189,FAQ,2051,2120,2120,29-Jun-16
645,Jalana,Partur,Wheat,Maharashtra 2189,FAQ,1800,2176,2055,28-Jun-16
646,Jalana,Partur,Wheat,Maharashtra 2189,FAQ,1751,2126,2051,27-Jun-16
647,Jalana,Partur,Wheat,Maharashtra 2189,FAQ,1790,2343,1800,25-Jun-16
648,Jalana,Partur,Wheat,Maharashtra 2189,FAQ,1940,2215,2200,24-Jun-16
649,Jalana,Partur,Wheat,Maharashtra 2189,FAQ,1760,1891,1861,23-Jun-16
650,Jalana,Partur,Wheat,Maharashtra 2189,FAQ,1701,2000,1855,22-Jun-16
651,Jalana,Partur,Wheat,Maharashtra 2189,FAQ,1725,2111,2111,21-Jun-16
652,Jalana,Partur,Wheat,Maharashtra 2189,FAQ,1771,1901,1886,20-Jun-16
653,Jalana,Partur,Wheat,Maharashtra 2189,FAQ,1900,2100,2051,18-Jun-16
654,Jalana,Partur,Wheat,Maharashtra 2189,FAQ,2091,2091,2091,17-Jun-16
655,Jalana,Partur,Wheat,Maharashtra 2189,FAQ,1700,2255,2041,15-Jun-16
656,Jalana,Partur,Wheat,Maharashtra 2189,FAQ,1625,1881,1881,9-Jun-16
657,Jalana,Partur,Wheat,Maharashtra 2189,FAQ,1800,2125,1901,8-Jun-16
658,Jalana,Partur,Wheat,Maharashtra 2189,FAQ,1751,2151,1886,7-Jun-16
659,Jalana,Partur,Wheat,Maharashtra 2189,FAQ,1775,1930,1800,6-Jun-16
660,Jalana,Partur,Wheat,Maharashtra 2189,FAQ,1800,2480,2121,4-Jun-16
661,Jalana,Partur,Wheat,Maharashtra 2189,FAQ,1776,2400,1900,3-Jun-16
662,Jalana,Partur,Wheat,Maharashtra 2189,FAQ,1742,2176,2050,2-Jun-16
663,Jalana,Partur,Wheat,Maharashtra 2189,FAQ,1775,2300,1950,1-Jun-16
664,Jalana,Partur,Wheat,Maharashtra 2189,FAQ,1800,1960,1960,31-May-16
665,Jalana,Partur,Wheat,Maharashtra 2189,FAQ,1585,1900,1641,27-May-16
666,Jalana,Partur,Wheat,Maharashtra 2189,FAQ,1590,1786,1700,26-May-16
667,Jalana,Partur,Wheat,Maharashtra 2189,FAQ,1725,2150,1790,25-May-16
668,Jalana,Partur,Wheat,Maharashtra 2189,FAQ,1760,2111,2100,24-May-16
669,Jalana,Partur,Wheat,Maharashtra 2189,FAQ,1800,2136,1951,23-May-16
670,Jalana,Partur,Wheat,Maharashtra 2189,FAQ,1751,2201,2002,20-May-16
671,Jalana,Partur,Wheat,Maharashtra 2189,FAQ,1660,1872,1872,19-May-16
672,Jalana,Partur,Wheat,Maharashtra 2189,FAQ,2020,2551,2100,17-May-16
673,Jalana,Partur,Wheat,Maharashtra 2189,FAQ,1751,1840,1840,16-May-16
674,Jalana,Partur,Wheat,Maharashtra 2189,FAQ,1832,2156,2050,14-May-16
675,Jalana,Partur,Wheat,Maharashtra 2189,FAQ,1725,2225,2061,13-May-16
676,Jalana,Partur,Wheat,Maharashtra 2189,FAQ,1836,2190,1951,12-May-16
677,Jalana,Partur,Wheat,Maharashtra 2189,FAQ,1780,2341,1900,10-May-16
678,Jalana,Partur,Wheat,Maharashtra 2189,FAQ,1776,2261,2066,7-May-16
679,Jalana,Partur,Wheat,Maharashtra 2189,FAQ,1750,2000,1950,5-May-16
680,Jalana,Partur,Wheat,Maharashtra 2189,FAQ,2020,2400,2200,4-May-16
681,Jalana,Partur,Wheat,Maharashtra 2189,FAQ,1800,2105,1950,2-May-16
682,Jalana,Partur,Wheat,Maharashtra 2189,FAQ,1800,2000,1861,30-Apr-16
683,Jalana,Partur,Wheat,Maharashtra 2189,FAQ,1851,2200,2107,29-Apr-16
684,Jalana,Partur,Wheat,Maharashtra 2189,FAQ,1601,1900,1900,28-Apr-16
685,Jalana,Partur,Wheat,Maharashtra 2189,FAQ,1900,2300,2075,27-Apr-16
686,Jalana,Partur,Wheat,Maharashtra 2189,FAQ,1576,1680,1651,26-Apr-16
687,Jalana,Partur,Wheat,Maharashtra 2189,FAQ,1800,2251,1980,23-Apr-16
688,Jalana,Partur,Wheat,Maharashtra 2189,FAQ,1851,2200,1851,21-Apr-16
689,Jalana,Partur,Wheat,Maharashtra 2189,FAQ,1871,2271,2040,13-Apr-16
690,Jalana,Partur,Wheat,Maharashtra 2189,FAQ,1850,2110,1965,12-Apr-16
691,Jalana,Partur,Wheat,Maharashtra 2189,FAQ,1850,2600,2000,11-Apr-16
692,Jalana,Partur,Wheat,Maharashtra 2189,FAQ,1711,2200,2026,9-Apr-16
693,Jalana,Partur,Wheat,Maharashtra 2189,FAQ,1761,2130,1900,6-Apr-16
694,Jalana,Partur,Wheat,Maharashtra 2189,FAQ,1605,2000,1660,5-Apr-16
695,Jalana,Partur,Wheat,Maharashtra 2189,FAQ,1720,2320,1800,4-Apr-16
696,Jalana,Partur,Wheat,Maharashtra 2189,FAQ,1571,2105,2051,2-Apr-16
697,Jalana,Partur,Wheat,Maharashtra 2189,FAQ,1761,2050,1825,1-Apr-16
698,Jalana,Partur,Wheat,Maharashtra 2189,FAQ,1730,2100,1925,29-Mar-16
699,Jalana,Partur,Wheat,Maharashtra 2189,FAQ,1730,2101,2075,28-Mar-16
700,Jalana,Partur,Wheat,Maharashtra 2189,FAQ,1770,2025,1800,26-Mar-16
701,Jalana,Partur,Wheat,Maharashtra 2189,FAQ,1776,1951,1800,22-Mar-16
702,Jalana,Partur,Wheat,Maharashtra 2189,FAQ,1800,2091,2075,21-Mar-16
703,Jalana,Partur,Wheat,Maharashtra 2189,FAQ,1530,2250,1950,19-Mar-16
704,Jalana,Partur,Wheat,Maharashtra 2189,FAQ,1645,2000,1806,18-Mar-16
705,Jalana,Partur,Wheat,Maharashtra 2189,FAQ,1790,1925,1925,17-Mar-16
706,Jalana,Partur,Wheat,Maharashtra 2189,FAQ,1675,1680,1680,16-Mar-16
707,Jalana,Partur,Wheat,Maharashtra 2189,FAQ,1675,2040,1750,15-Mar-16
708,Jalana,Partur,Wheat,Maharashtra 2189,FAQ,1655,2031,1761,14-Mar-16
709,Jalana,Partur,Wheat,Maharashtra 2189,FAQ,1776,1900,1885,12-Mar-16
710,Jalana,Partur,Wheat,Maharashtra 2189,FAQ,1780,2001,1826,10-Mar-16
711,Jalana,Partur,Wheat,Maharashtra 2189,FAQ,1686,1991,1911,8-Mar-16
712,Jalana,Partur,Wheat,Maharashtra 2189,FAQ,1801,2000,2000,5-Mar-16
713,Jalana,Partur,Wheat,Maharashtra 2189,FAQ,2055,2200,2200,4-Mar-16
714,Jalana,Partur,Wheat,Maharashtra 2189,FAQ,1725,2090,1925,3-Mar-16
715,Jalana,Partur,Wheat,Maharashtra 2189,FAQ,1776,2103,1800,2-Mar-16
716,Jalana,Partur,Wheat,Maharashtra 2189,FAQ,1640,1900,1826,1-Mar-16
717,Jalana,Partur,Wheat,Maharashtra 2189,FAQ,1851,1900,1900,29-Feb-16
718,Jalana,Partur,Wheat,Maharashtra 2189,FAQ,2221,2221,2221,26-Feb-16
719,Jalana,Partur,Wheat,Maharashtra 2189,FAQ,1700,7975,1975,22-Feb-16
720,Jalana,Partur,Wheat,Maharashtra 2189,FAQ,1700,1855,1751,18-Feb-16
721,Jalana,Partur,Wheat,Maharashtra 2189,FAQ,1560,1750,1650,17-Feb-16
722,Jalana,Partur,Wheat,Maharashtra 2189,FAQ,1560,1950,1625,16-Feb-16
723,Jalana,Partur,Wheat,Maharashtra 2189,FAQ,2090,2201,2181,15-Feb-16
724,Jalana,Partur,Wheat,Maharashtra 2189,FAQ,1450,1790,1790,13-Feb-16
725,Jalana,Partur,Wheat,Maharashtra 2189,FAQ,1601,1910,1840,9-Feb-16
726,Jalana,Partur,Wheat,Maharashtra 2189,FAQ,1500,1550,1550,6-Feb-16
727,Jalana,Partur,Wheat,Maharashtra 2189,FAQ,1560,2000,2000,3-Feb-16
728,Jalana,Partur,Wheat,Maharashtra 2189,FAQ,1600,1925,1925,27-Jan-16
729,Jalana,Partur,Wheat,Maharashtra 2189,FAQ,1500,1940,1700,21-Jan-16
730,Jalana,Partur,Wheat,Maharashtra 2189,FAQ,1750,1951,1850,19-Jan-16
731,Jalana,Partur,Wheat,Maharashtra 2189,FAQ,1430,1585,1475,13-Jan-16
732,Jalana,Partur,Wheat,Maharashtra 2189,FAQ,1940,1950,1950,19-Dec-15
733,Jalana,Partur,Wheat,Maharashtra 2189,FAQ,1575,2201,1700,15-Dec-15
734,Jalana,Partur,Wheat,Maharashtra 2189,FAQ,1700,2000,1896,4-Dec-15
735,Jalana,Partur,Wheat,Maharashtra 2189,FAQ,1500,1881,1581,2-Dec-15
736,Jalana,Partur,Wheat,Maharashtra 2189,FAQ,1717,2036,1900,1-Dec-15
737,Jalana,Partur,Wheat,Maharashtra 2189,FAQ,1490,1580,1500,30-Nov-15
738,Jalana,Partur,Wheat,Maharashtra 2189,FAQ,1549,2001,1641,26-Nov-15
739,Jalana,Partur,Wheat,Maharashtra 2189,FAQ,1575,1925,1830,24-Nov-15
740,Jalana,Partur,Wheat,Maharashtra 2189,FAQ,1701,2100,1870,23-Nov-15
741,Jalana,Partur,Wheat,Maharashtra 2189,FAQ,1650,1700,1700,21-Nov-15
742,Jalana,Partur,Wheat,Maharashtra 2189,FAQ,1500,1500,1500,20-Nov-15
743,Jalana,Partur,Wheat,Maharashtra 2189,FAQ,1551,1810,1652,17-Oct-15
744,Jalana,Partur,Wheat,Maharashtra 2189,FAQ,1500,2001,1700,16-Oct-15
745,Jalana,Partur,Wheat,Maharashtra 2189,FAQ,1451,1670,1625,15-Oct-15
746,Jalana,Partur,Wheat,Maharashtra 2189,FAQ,1440,1440,1440,14-Oct-15
747,Jalana,Partur,Wheat,Maharashtra 2189,FAQ,1540,1850,1699,10-Oct-15
748,Jalana,Partur,Wheat,Maharashtra 2189,FAQ,1405,1741,1741,9-Oct-15
749,Jalana,Partur,Wheat,Maharashtra 2189,FAQ,1540,1691,1691,8-Oct-15
750,Jalana,Partur,Wheat,Maharashtra 2189,FAQ,1528,1841,1670,7-Oct-15
751,Jalana,Partur,Wheat,Maharashtra 2189,FAQ,1440,1871,1600,6-Oct-15
752,Jalana,Partur,Wheat,Maharashtra 2189,FAQ,1451,1700,1500,5-Oct-15
753,Jalana,Partur,Wheat,Maharashtra 2189,FAQ,1450,2040,1700,3-Oct-15
754,Jalana,Partur,Wheat,Maharashtra 2189,FAQ,1650,2050,1925,1-Oct-15
755,Jalana,Partur,Wheat,Maharashtra 2189,FAQ,1476,1610,1500,30-Sep-15
756,Jalana,Partur,Wheat,Maharashtra 2189,FAQ,1600,1900,1770,29-Sep-15
757,Jalana,Partur,Wheat,Maharashtra 2189,FAQ,1570,1801,1750,28-Sep-15
758,Jalana,Partur,Wheat,Maharashtra 2189,FAQ,1471,1800,1625,26-Sep-15
759,Jalana,Partur,Wheat,Maharashtra 2189,FAQ,1501,1901,1791,23-Sep-15
760,Jalana,Partur,Wheat,Maharashtra 2189,FAQ,1550,1900,1800,22-Sep-15
761,Jalana,Partur,Wheat,Maharashtra 2189,FAQ,1416,1677,1651,19-Sep-15
762,Jalana,Partur,Wheat,Maharashtra 2189,FAQ,1500,2250,1600,16-Sep-15
763,Jalana,Partur,Wheat,Maharashtra 2189,FAQ,1400,1951,1530,15-Sep-15
764,Jalana,Partur,Wheat,Maharashtra 2189,FAQ,1400,1771,1500,14-Sep-15
765,Jalana,Partur,Wheat,Maharashtra 2189,FAQ,1445,1700,1700,11-Sep-15
766,Jalana,Partur,Wheat,Maharashtra 2189,FAQ,1470,1720,1475,10-Sep-15
767,Jalana,Partur,Wheat,Maharashtra 2189,FAQ,1450,1450,1450,9-Sep-15
768,Jalana,Partur,Wheat,Maharashtra 2189,FAQ,1655,1850,1720,8-Sep-15
769,Jalana,Partur,Wheat,Maharashtra 2189,FAQ,1400,1941,1500,7-Sep-15
770,Jalana,Partur,Wheat,Maharashtra 2189,FAQ,1400,1881,1630,4-Sep-15
771,Jalana,Partur,Wheat,Maharashtra 2189,FAQ,1475,1601,1550,3-Sep-15
772,Jalana,Partur,Wheat,Maharashtra 2189,FAQ,1520,1800,1556,2-Sep-15
773,Jalana,Partur,Wheat,Maharashtra 2189,FAQ,1445,1805,1720,1-Sep-15
774,Jalana,Partur,Wheat,Maharashtra 2189,FAQ,1565,1851,1625,31-Aug-15
775,Jalana,Partur,Wheat,Maharashtra 2189,FAQ,1460,1601,1470,28-Aug-15
776,Jalana,Partur,Wheat,Maharashtra 2189,FAQ,1501,1551,1551,27-Aug-15
777,Jalana,Partur,Wheat,Maharashtra 2189,FAQ,1500,1646,1646,26-Aug-15
778,Jalana,Partur,Wheat,Maharashtra 2189,FAQ,1450,1660,1650,25-Aug-15
779,Jalana,Partur,Wheat,Maharashtra 2189,FAQ,1500,1900,1650,24-Aug-15
780,Jalana,Partur,Wheat,Maharashtra 2189,FAQ,1530,1900,1701,22-Aug-15
781,Jalana,Partur,Wheat,Maharashtra 2189,FAQ,1491,1876,1570,21-Aug-15
782,Jalana,Partur,Wheat,Maharashtra 2189,FAQ,1605,1730,1730,20-Aug-15
783,Jalana,Partur,Wheat,Maharashtra 2189,FAQ,1500,2026,1650,17-Aug-15
784,Jalana,Partur,Wheat,Maharashtra 2189,FAQ,1450,1801,1700,10-Aug-15
785,Jalana,Partur,Wheat,Maharashtra 2189,FAQ,1590,1850,1670,7-Aug-15
786,Jalana,Partur,Wheat,Maharashtra 2189,FAQ,1422,1560,1540,3-Aug-15
787,Jalana,Partur,Wheat,Maharashtra 2189,FAQ,1450,1781,1461,31-Jul-15
788,Jalana,Partur,Wheat,Maharashtra 2189,FAQ,1430,1442,1442,24-Jul-15
789,Jalana,Partur,Wheat,Maharashtra 2189,FAQ,1426,1801,1700,22-Jul-15
790,Jalana,Partur,Wheat,Maharashtra 2189,FAQ,1426,1801,1700,21-Jul-15
791,Jalana,Partur,Wheat,Maharashtra 2189,FAQ,1411,1860,1771,20-Jul-15
792,Jalana,Partur,Wheat,Maharashtra 2189,FAQ,1451,1926,1701,14-Jul-15
793,Jalana,Partur,Wheat,Maharashtra 2189,FAQ,1440,1600,1600,13-Jul-15
794,Jalana,Partur,Wheat,Maharashtra 2189,FAQ,1400,1750,1470,30-Jun-15
795,Jalana,Partur,Wheat,Maharashtra 2189,FAQ,1650,1900,1790,27-Jun-15
796,Jalana,Partur,Wheat,Maharashtra 2189,FAQ,1450,2100,1671,25-Jun-15
797,Jalana,Partur,Wheat,Maharashtra 2189,FAQ,1680,2041,1861,22-Jun-15
798,Jalana,Partur,Wheat,Maharashtra 2189,FAQ,1421,1700,1650,19-Jun-15
799,Jalana,Partur,Wheat,Maharashtra 2189,FAQ,1650,2001,1740,15-Jun-15
800,Jalana,Partur,Wheat,Maharashtra 2189,FAQ,1530,1901,1710,8-Jun-15
801,Jalana,Partur,Wheat,Maharashtra 2189,FAQ,1600,1800,1710,5-Jun-15
802,Jalana,Partur,Wheat,Maharashtra 2189,FAQ,1400,1951,1600,4-Jun-15
803,Jalana,Partur,Wheat,Maharashtra 2189,FAQ,1650,2140,1701,3-Jun-15
804,Jalana,Partur,Wheat,Maharashtra 2189,FAQ,1641,2000,1740,1-Jun-15
805,Jalana,Partur,Wheat,Maharashtra 2189,FAQ,1670,1980,1751,29-May-15
806,Jalana,Partur,Wheat,Maharashtra 2189,FAQ,1400,1751,1700,27-May-15
807,Jalana,Partur,Wheat,Maharashtra 2189,FAQ,1700,2151,1861,25-May-15
808,Jalana,Partur,Wheat,Maharashtra 2189,FAQ,1831,2101,1942,23-May-15
809,Jalana,Partur,Wheat,Maharashtra 2189,FAQ,1630,1876,1720,22-May-15
810,Jalana,Partur,Wheat,Maharashtra 2189,FAQ,1500,2080,1700,20-May-15
811,Jalana,Partur,Wheat,Maharashtra 2189,FAQ,1660,2001,1750,19-May-15
812,Jalana,Partur,Wheat,Maharashtra 2189,FAQ,1501,2050,1727,16-May-15
813,Jalana,Partur,Wheat,Maharashtra 2189,FAQ,1601,2075,1800,14-May-15
814,Jalana,Partur,Wheat,Maharashtra 2189,FAQ,1690,2000,1900,13-May-15
815,Jalana,Partur,Wheat,Maharashtra 2189,FAQ,1700,2100,1800,12-May-15
816,Jalana,Partur,Wheat,Maharashtra 2189,FAQ,1580,2171,1700,11-May-15
817,Jalana,Partur,Wheat,Maharashtra 2189,FAQ,1456,1950,1700,9-May-15
818,Jalana,Partur,Wheat,Maharashtra 2189,FAQ,1456,1950,1700,8-May-15
819,Jalana,Partur,Wheat,Maharashtra 2189,FAQ,1750,2126,1921,6-May-15
820,Jalana,Partur,Wheat,Maharashtra 2189,FAQ,1625,2001,1700,5-May-15
821,Jalana,Partur,Wheat,Maharashtra 2189,FAQ,1541,1825,1650,30-Apr-15
822,Jalana,Partur,Wheat,Maharashtra 2189,FAQ,1691,2080,1800,29-Apr-15
823,Jalana,Partur,Wheat,Maharashtra 2189,FAQ,1450,2100,1671,25-Apr-15
824,Jalana,Partur,Wheat,Maharashtra 2189,FAQ,1680,2041,1861,22-Apr-15
825,Jalana,Partur,Wheat,Maharashtra 2189,FAQ,5375,5700,5550,20-Apr-15
826,Jalana,Partur,Wheat,Maharashtra 2189,FAQ,1676,2200,1900,17-Apr-15
827,Jalana,Partur,Wheat,Maharashtra 2189,FAQ,1545,2180,1661,16-Apr-15
828,Jalana,Partur,Wheat,Maharashtra 2189,FAQ,1500,2200,1851,15-Apr-15
829,Jalana,Partur,Wheat,Maharashtra 2189,FAQ,1521,1935,1700,13-Apr-15
830,Jalana,Partur,Wheat,Maharashtra 2189,FAQ,1526,1850,1600,11-Apr-15
831,Jalana,Partur,Wheat,Maharashtra 2189,FAQ,1451,1900,1670,8-Apr-15
832,Jalana,Partur,Wheat,Maharashtra 2189,FAQ,1400,2002,1570,7-Apr-15
833,Jalana,Partur,Wheat,Maharashtra 2189,FAQ,1400,1831,1500,25-Mar-15
834,Jalana,Partur,Wheat,Maharashtra 2189,FAQ,1410,1576,1470,9-Mar-15
835,Jalana,Partur,Wheat,Maharashtra 2189,FAQ,1410,1500,1430,5-Feb-15
836,Jalana,Partur,Wheat,Maharashtra 2189,FAQ,1481,1540,1485,31-Jan-15
837,Jalana,Partur,Wheat,Maharashtra 2189,FAQ,1426,2001,1580,17-Jan-15
838,Jalana,Partur,Wheat,Maharashtra 2189,FAQ,1461,2050,1561,12-Jan-15
839,Jalana,Partur,Wheat,Maharashtra 2189,FAQ,1461,2050,1561,12-Jan-15
840,Jalana,Partur,Wheat,Maharashtra 2189,FAQ,1601,1640,1611,7-Jan-15
841,Jalana,Partur,Wheat,Maharashtra 2189,FAQ,1470,1600,1526,5-Jan-15
842,Jalana,Partur,Wheat,Maharashtra 2189,FAQ,1491,1555,1536,2-Jan-15
843,Jalana,Partur,Wheat,Maharashtra 2189,FAQ,1456,1465,1461,29-Nov-14
844,Jalana,Partur,Wheat,Maharashtra 2189,FAQ,1522,1600,1570,21-Nov-14
845,Jalana,Partur,Wheat,Maharashtra 2189,FAQ,1500,1600,1560,15-Nov-14
846,Jalana,Partur,Wheat,Maharashtra 2189,FAQ,1475,1711,1500,13-Nov-14
847,Jalana,Partur,Wheat,Maharashtra 2189,FAQ,1494,1771,1535,12-Nov-14
848,Jalana,Partur,Wheat,Maharashtra 2189,FAQ,1450,1601,1475,8-Nov-14
849,Jalana,Partur,Wheat,Maharashtra 2189,FAQ,1410,1600,1440,16-Sep-14
850,Jalana,Partur,Wheat,Maharashtra 2189,FAQ,1440,1524,1480,15-Sep-14
851,Jalana,Partur,Wheat,Maharashtra 2189,FAQ,1200,1500,1440,13-Sep-14
852,Jalana,Partur,Wheat,Maharashtra 2189,FAQ,1300,1500,1400,12-Sep-14
853,Jalana,Partur,Wheat,Maharashtra 2189,FAQ,1452,1516,1500,11-Sep-14
854,Jalana,Partur,Wheat,Maharashtra 2189,FAQ,1450,1700,1500,10-Sep-14
855,Jalana,Partur,Wheat,Maharashtra 2189,FAQ,1300,1801,1555,9-Sep-14
856,Jalana,Partur,Wheat,Maharashtra 2189,FAQ,1200,1530,1475,6-Sep-14
857,Jalana,Partur,Wheat,Maharashtra 2189,FAQ,1461,1546,1492,5-Sep-14
858,Jalana,Partur,Wheat,Maharashtra 2189,FAQ,1500,1545,1521,2-Sep-14
859,Jalana,Partur,Wheat,Maharashtra 2189,FAQ,1450,1651,1556,1-Sep-14
860,Jalana,Partur,Wheat,Maharashtra 2189,FAQ,1500,1560,1536,30-Aug-14
861,Jalana,Partur,Wheat,Maharashtra 2189,FAQ,1550,1700,1600,27-Aug-14
862,Jalana,Partur,Wheat,Maharashtra 2189,FAQ,1540,1800,1560,21-Aug-14
863,Jalana,Partur,Wheat,Maharashtra 2189,FAQ,1500,1685,1570,20-Aug-14
864,Jalana,Partur,Wheat,Maharashtra 2189,FAQ,1511,1585,1525,19-Aug-14
865,Jalana,Partur,Wheat,Maharashtra 2189,FAQ,1500,1881,1700,14-Aug-14
866,Jalana,Partur,Wheat,Maharashtra 2189,FAQ,1500,1600,1545,13-Aug-14
867,Jalana,Partur,Wheat,Maharashtra 2189,FAQ,1525,1715,1540,12-Aug-14
868,Jalana,Partur,Wheat,Maharashtra 2189,FAQ,1525,1680,1571,11-Aug-14
869,Jalana,Partur,Wheat,Maharashtra 2189,FAQ,1540,1701,1576,9-Aug-14
870,Jalana,Partur,Wheat,Maharashtra 2189,FAQ,1520,1675,1560,8-Aug-14
871,Jalana,Partur,Wheat,Maharashtra 2189,FAQ,1541,1700,1600,7-Aug-14
872,Jalana,Partur,Wheat,Maharashtra 2189,FAQ,1480,1566,1531,2-Aug-14
873,Jalana,Partur,Wheat,Maharashtra 2189,FAQ,1544,1570,1570,22-Jul-14
874,Jalana,Partur,Wheat,Maharashtra 2189,FAQ,1350,1536,1436,4-Jul-14
875,Jalana,Partur,Wheat,Maharashtra 2189,FAQ,1325,1500,1440,3-Jul-14
876,Jalana,Partur,Wheat,Maharashtra 2189,FAQ,1420,1540,1461,2-Jul-14
877,Jalana,Partur,Wheat,Maharashtra 2189,FAQ,1425,1650,1430,1-Jul-14
878,Jalana,Partur,Wheat,Maharashtra 2189,FAQ,1425,1601,1500,17-Jun-14
879,Jalana,Partur,Wheat,Maharashtra 2189,FAQ,1351,2300,1451,9-Jun-14
880,Jalana,Partur,Wheat,Maharashtra 2189,FAQ,1341,1426,1351,7-Jun-14
881,Jalana,Partur,Wheat,Maharashtra 2189,FAQ,1341,1500,1360,6-Jun-14
882,Jalana,Partur,Wheat,Maharashtra 2189,FAQ,1300,1600,1400,5-Jun-14
883,Jalana,Partur,Wheat,Maharashtra 2189,FAQ,1390,1471,1440,4-Jun-14
884,Jalana,Partur,Wheat,Maharashtra 2189,FAQ,1250,1440,1380,29-May-14
885,Jalana,Partur,Wheat,Maharashtra 2189,FAQ,1336,1501,1404,27-May-14
886,Jalana,Partur,Wheat,Maharashtra 2189,FAQ,1386,1580,1420,26-May-14
887,Jalana,Partur,Wheat,Maharashtra 2189,FAQ,1411,1650,1430,24-May-14
888,Jalana,Partur,Wheat,Maharashtra 2189,FAQ,1412,1950,1456,23-May-14
889,Jalana,Partur,Wheat,Maharashtra 2189,FAQ,1425,1700,1631,21-May-14
890,Jalana,Partur,Wheat,Maharashtra 2189,FAQ,1290,1910,1421,4-Apr-14
891,Jalana,Partur,Wheat,Maharashtra 2189,FAQ,1300,1700,1450,2-Apr-14
892,Jalana,Partur,Wheat,Maharashtra 2189,FAQ,1301,1750,1450,1-Apr-14
893,Jalana,Partur,Wheat,Maharashtra 2189,FAQ,1385,1851,1466,22-Mar-14
894,Jalana,Partur,Wheat,Maharashtra 2189,FAQ,1538,2025,1548,12-Mar-14
895,Jalana,Partur,Wheat,Maharashtra 2189,FAQ,1701,2052,2052,4-Mar-14
896,Jalana,Partur,Wheat,Maharashtra 2189,FAQ,1652,1840,1705,20-Feb-14
897,Jalana,Partur,Wheat,Maharashtra 2189,FAQ,1800,2201,1900,8-Feb-14
898,Jalana,Partur,Wheat,Maharashtra 2189,FAQ,1999,2276,2200,7-Jan-14
899,Jalana,Partur,Wheat,Maharashtra 2189,FAQ,1775,1950,1950,26-Dec-13
900,Jalana,Partur,Wheat,Maharashtra 2189,FAQ,1995,2500,2500,19-Dec-13
901,Jalana,Partur,Wheat,Maharashtra 2189,FAQ,1700,1740,1700,18-Dec-13
902,Jalana,Partur,Wheat,Maharashtra 2189,FAQ,1950,2200,2060,16-Dec-13
903,Jalana,Partur,Wheat,Maharashtra 2189,FAQ,1910,1925,1925,14-Dec-13
904,Jalana,Partur,Wheat,Maharashtra 2189,FAQ,1771,2181,1950,13-Dec-13
905,Jalana,Partur,Wheat,Maharashtra 2189,FAQ,1891,2250,2250,10-Dec-13
906,Jalana,Partur,Wheat,Maharashtra 2189,FAQ,1600,1800,1775,7-Dec-13
907,Jalana,Partur,Wheat,Maharashtra 2189,FAQ,2100,2150,2125,4-Dec-13
908,Jalana,Partur,Wheat,Maharashtra 2189,FAQ,2100,2300,2150,3-Dec-13
909,Jalana,Partur,Wheat,Maharashtra 2189,FAQ,1761,2435,2201,30-Nov-13
910,Jalana,Partur,Wheat,Maharashtra 2189,FAQ,2300,2330,2311,29-Nov-13
911,Jalana,Partur,Wheat,Maharashtra 2189,FAQ,2150,2225,2225,27-Nov-13
912,Jalana,Partur,Wheat,Maharashtra 2189,FAQ,2136,2136,2136,22-Nov-13
913,Jalana,Partur,Wheat,Maharashtra 2189,FAQ,2163,2450,2340,21-Nov-13
914,Jalana,Partur,Wheat,Maharashtra 2189,FAQ,1980,2500,2221,16-Nov-13
915,Jalana,Partur,Wheat,Maharashtra 2189,FAQ,2125,2590,2510,13-Nov-13
916,Jalana,Partur,Wheat,Maharashtra 2189,FAQ,1680,1800,1800,12-Nov-13
917,Jalana,Partur,Wheat,Maharashtra 2189,FAQ,1900,2200,2200,11-Nov-13
918,Jalana,Partur,Wheat,Maharashtra 2189,FAQ,2025,2525,2231,9-Nov-13
919,Jalana,Partur,Wheat,Maharashtra 2189,FAQ,1901,2290,2290,5-Nov-13
920,Jalana,Partur,Wheat,Maharashtra 2189,FAQ,2,2,2,22-Oct-13
921,Jalana,Partur,Wheat,Maharashtra 2189,FAQ,2071,2140,2140,7-Oct-13
922,Jalana,Partur,Wheat,Maharashtra 2189,FAQ,1975,2142,2121,5-Oct-13
923,Jalana,Partur,Wheat,Maharashtra 2189,FAQ,1700,2000,1800,23-Sep-13
924,Jalana,Partur,Wheat,Maharashtra 2189,FAQ,1701,2150,1900,24-Aug-13
925,Jalana,Partur,Wheat,Maharashtra 2189,FAQ,1976,1976,1976,8-Aug-13
926,Jalana,Partur,Wheat,Maharashtra 2189,FAQ,1551,1551,1551,7-Aug-13
927,Jalana,Partur,Wheat,Maharashtra 2189,FAQ,1376,1895,1895,5-Aug-13
928,Jalana,Partur,Wheat,Maharashtra 2189,FAQ,1701,1801,1731,2-Aug-13
929,Jalana,Partur,Wheat,Maharashtra 2189,FAQ,2005,2370,2061,5-Jul-13
930,Jalana,Partur,Wheat,Maharashtra 2189,FAQ,1701,1860,1860,28-Jun-13
931,Jalana,Partur,Wheat,Maharashtra 2189,FAQ,1965,1970,1970,26-Jun-13
932,Jalana,Partur,Wheat,Maharashtra 2189,FAQ,1726,2150,2150,12-Jun-13
933,Jalana,Partur,Wheat,Maharashtra 2189,FAQ,1800,2101,1975,10-Jun-13
934,Jalana,Partur,Wheat,Maharashtra 2189,FAQ,1721,2100,1981,5-Jun-13
935,Jalana,Partur,Wheat,Maharashtra 2189,FAQ,1700,1926,1926,1-Jun-13
936,Jalana,Partur,Wheat,Maharashtra 2189,FAQ,1650,1695,1695,28-May-13
937,Jalana,Partur,Wheat,Maharashtra 2189,FAQ,1675,2060,1900,27-May-13
938,Jalana,Partur,Wheat,Maharashtra 2189,FAQ,1602,2051,1875,24-May-13
939,Jalana,Partur,Wheat,Maharashtra 2189,FAQ,1755,2141,2051,20-May-13
940,Jalana,Partur,Wheat,Maharashtra 2189,FAQ,1670,1951,1845,16-May-13
941,Jalana,Partur,Wheat,Maharashtra 2189,FAQ,1866,1866,1866,15-May-13
942,Jalana,Partur,Wheat,Maharashtra 2189,FAQ,1761,2171,1990,14-May-13
943,Jalana,Partur,Wheat,Maharashtra 2189,FAQ,1776,2200,1800,10-May-13
944,Jalana,Partur,Wheat,Maharashtra 2189,FAQ,1785,2251,2200,4-May-13
945,Jalana,Partur,Wheat,Maharashtra 2189,FAQ,1750,1900,1800,29-Apr-13
946,Jalana,Partur,Wheat,Maharashtra 2189,FAQ,1506,1751,1660,27-Apr-13
947,Jalana,Partur,Wheat,Maharashtra 2189,FAQ,1761,1981,1800,26-Apr-13
948,Jalana,Partur,Wheat,Maharashtra 2189,FAQ,1800,2275,2150,22-Apr-13
949,Jalana,Partur,Wheat,Maharashtra 2189,FAQ,1860,2100,1901,20-Apr-13
950,Jalana,Partur,Wheat,Maharashtra 2189,FAQ,1900,2152,2100,18-Apr-13
951,Jalana,Partur,Wheat,Maharashtra 2189,FAQ,1725,2424,2100,17-Apr-13
952,Jalana,Partur,Wheat,Maharashtra 2189,FAQ,1776,2040,1930,16-Apr-13
953,Jalana,Partur,Wheat,Maharashtra 2189,FAQ,1865,2170,1952,15-Apr-13
954,Jalana,Partur,Wheat,Maharashtra 2189,FAQ,1850,2200,1951,13-Apr-13
955,Jalana,Partur,Wheat,Maharashtra 2189,FAQ,1550,1675,1675,12-Apr-13
956,Jalana,Partur,Wheat,Maharashtra 2189,FAQ,1800,2000,1851,9-Apr-13
957,Jalana,Partur,Wheat,Maharashtra 2189,FAQ,1701,1800,1800,8-Apr-13
958,Jalana,Partur,Wheat,Maharashtra 2189,FAQ,1475,1800,1575,6-Apr-13
959,Jalana,Partur,Wheat,Maharashtra 2189,FAQ,1926,2000,2000,5-Apr-13
960,Jalana,Partur,Wheat,Maharashtra 2189,FAQ,1850,2050,1990,4-Apr-13
961,Jalana,Partur,Wheat,Maharashtra 2189,FAQ,1975,2100,2006,3-Apr-13
962,Jalana,Partur,Wheat,Maharashtra 2189,FAQ,1765,2000,1900,2-Apr-13
963,Jalana,Partur,Wheat,Maharashtra 2189,FAQ,1450,2001,1850,1-Apr-13
964,Jalana,Partur,Wheat,Maharashtra 2189,FAQ,1580,1976,1941,23-Mar-13
965,Jalana,Partur,Wheat,Maharashtra 2189,FAQ,1600,2051,1880,22-Mar-13
966,Jalana,Partur,Wheat,Maharashtra 2189,FAQ,1651,1728,1725,20-Mar-13
967,Jalana,Partur,Wheat,Maharashtra 2189,FAQ,1725,1800,1800,19-Mar-13
968,Jalana,Partur,Wheat,Maharashtra 2189,FAQ,1501,1920,1630,18-Mar-13
969,Jalana,Partur,Wheat,Maharashtra 2189,FAQ,1400,1650,1650,14-Mar-13
970,Jalana,Partur,Wheat,Maharashtra 2189,FAQ,1601,1835,1715,12-Mar-13
971,Jalana,Partur,Wheat,Maharashtra 2189,FAQ,1700,1930,1901,9-Mar-13
972,Jalana,Partur,Wheat,Maharashtra 2189,FAQ,1950,1950,1950,8-Mar-13
973,Jalana,Partur,Wheat,Maharashtra 2189,FAQ,1725,1951,1800,7-Mar-13
974,Jalana,Partur,Wheat,Maharashtra 2189,FAQ,1800,1900,1900,5-Mar-13
975,Jalana,Partur,Wheat,Maharashtra 2189,FAQ,1450,1876,1550,28-Feb-13
976,Jalana,Partur,Wheat,Maharashtra 2189,FAQ,1600,1850,1701,27-Feb-13
977,Jalana,Partur,Wheat,Maharashtra 2189,FAQ,1800,2101,2000,26-Feb-13
978,Jalana,Partur,Wheat,Maharashtra 2189,FAQ,1900,1991,1991,20-Feb-13
979,Jalana,Partur,Wheat,Maharashtra 2189,FAQ,1635,1635,1635,6-Feb-13
980,Jalana,Partur,Wheat,Maharashtra 2189,FAQ,1775,1890,1890,4-Feb-13
981,Jalana,Partur,Wheat,Maharashtra 2189,FAQ,1480,1915,1725,2-Feb-13
982,Jalana,Partur,Wheat,Maharashtra 2189,FAQ,1531,1741,1700,31-Jan-13
983,Jalana,Partur,Wheat,Maharashtra 2189,FAQ,1500,2000,1751,30-Jan-13
984,Jalana,Partur,Wheat,Maharashtra 2189,FAQ,1600,1700,1700,22-Jan-13
985,Jalana,Partur,Wheat,Maharashtra 2189,FAQ,1751,2060,1990,19-Jan-13
986,Jalana,Partur,Wheat,Maharashtra 2189,FAQ,1475,1841,1551,31-Dec-12
987,Jalana,Partur,Wheat,Maharashtra 2189,FAQ,1651,1890,1751,27-Dec-12
988,Jalana,Partur,Wheat,Maharashtra 2189,FAQ,1826,1826,1826,26-Dec-12
989,Jalana,Partur,Wheat,Maharashtra 2189,FAQ,1786,1990,1990,24-Dec-12
990,Jalana,Partur,Wheat,Maharashtra 2189,FAQ,1795,1795,1795,20-Dec-12
991,Jalana,Partur,Wheat,Maharashtra 2189,FAQ,1550,1685,1685,19-Dec-12
992,Jalana,Partur,Wheat,Maharashtra 2189,FAQ,1600,2091,1853,18-Dec-12
993,Jalana,Partur,Wheat,Maharashtra 2189,FAQ,1700,2000,1850,17-Dec-12
994,Jalana,Partur,Wheat,Maharashtra 2189,FAQ,1675,1900,1700,15-Dec-12
995,Jalana,Partur,Wheat,Maharashtra 2189,FAQ,1731,1731,1731,12-Dec-12
996,Jalana,Partur,Wheat,Maharashtra 2189,FAQ,1700,1800,1800,8-Dec-12
997,Jalana,Partur,Wheat,Maharashtra 2189,FAQ,1800,1900,1895,6-Dec-12
998,Jalana,Partur,Wheat,Maharashtra 2189,FAQ,1651,1880,1820,5-Dec-12
999,Jalana,Partur,Wheat,Maharashtra 2189,FAQ,1601,1751,1728,3-Dec-12
1000,Jalana,Partur,Wheat,Maharashtra 2189,FAQ,1850,1925,1925,30-Nov-12
1001,Jalana,Partur,Wheat,Maharashtra 2189,FAQ,1625,1886,1875,29-Nov-12
1002,Jalana,Partur,Wheat,Maharashtra 2189,FAQ,1550,1960,1960,27-Nov-12
1003,Jalana,Partur,Wheat,Maharashtra 2189,FAQ,1700,1800,1800,23-Nov-12
1004,Jalana,Partur,Wheat,Maharashtra 2189,FAQ,1760,2025,1870,21-Nov-12
1005,Jalana,Partur,Wheat,Maharashtra 2189,FAQ,1800,1825,1800,20-Nov-12
1006,Jalana,Partur,Wheat,Maharashtra 2189,FAQ,2001,2001,2001,19-Nov-12
1007,Jalana,Partur,Wheat,Maharashtra 2189,FAQ,1880,1901,1901,17-Nov-12
1008,Jalana,Partur,Wheat,Maharashtra 2189,FAQ,1100,1751,1751,16-Nov-12
1009,Jalana,Partur,Wheat,Maharashtra 2189,FAQ,1565,1825,1621,15-Nov-12
1010,Jalana,Partur,Wheat,Maharashtra 2189,FAQ,1600,2100,1741,7-Nov-12
1011,Jalana,Partur,Wheat,Maharashtra 2189,FAQ,1600,2400,1921,5-Nov-12
1012,Jalana,Partur,Wheat,Maharashtra 2189,FAQ,1651,1980,1925,3-Nov-12
1013,Jalana,Partur,Wheat,Maharashtra 2189,FAQ,1526,2000,1850,2-Nov-12
1014,Jalana,Partur,Wheat,Maharashtra 2189,FAQ,1600,2001,1900,1-Nov-12
1015,Jalana,Partur,Wheat,Maharashtra 2189,FAQ,1400,1915,1750,31-Oct-12
1016,Jalana,Partur,Wheat,Maharashtra 2189,FAQ,1600,2001,1751,30-Oct-12
1017,Jalana,Partur,Wheat,Maharashtra 2189,FAQ,1450,1601,1550,29-Oct-12
1018,Jalana,Partur,Wheat,Maharashtra 2189,FAQ,1830,1877,1877,22-Oct-12
1019,Jalana,Partur,Wheat,Maharashtra 2189,FAQ,1331,1800,1745,19-Oct-12
1020,Jalana,Partur,Wheat,Maharashtra 2189,FAQ,1450,1826,1826,17-Oct-12
1021,Jalana,Partur,Wheat,Maharashtra 2189,FAQ,1700,1876,1800,16-Oct-12
1022,Jalana,Partur,Wheat,Maharashtra 2189,FAQ,1396,1600,1600,12-Oct-12
1023,Jalana,Partur,Wheat,Maharashtra 2189,FAQ,1261,1526,1300,9-Oct-12
1024,Jalana,Partur,Wheat,Maharashtra 2189,FAQ,1505,1680,1560,8-Oct-12
1025,Jalana,Partur,Wheat,Maharashtra 2189,FAQ,1400,1631,1475,6-Oct-12
1026,Jalana,Partur,Wheat,Maharashtra 2189,FAQ,1283,1626,1300,5-Oct-12
1027,Jalana,Partur,Wheat,Maharashtra 2189,FAQ,1125,1457,1136,3-Oct-12
1028,Jalana,Partur,Wheat,Maharashtra 2189,FAQ,1300,1625,1500,1-Oct-12
1029,Jalana,Partur,Wheat,Maharashtra 2189,FAQ,1100,1705,1455,28-Sep-12
1030,Jalana,Partur,Wheat,Maharashtra 2189,FAQ,1351,1560,1451,27-Sep-12
1031,Jalana,Partur,Wheat,Maharashtra 2189,FAQ,1351,1725,1600,26-Sep-12
1032,Jalana,Partur,Wheat,Maharashtra 2189,FAQ,1351,1716,1430,25-Sep-12
1033,Jalana,Partur,Wheat,Maharashtra 2189,FAQ,1471,1701,1650,24-Sep-12
1034,Jalana,Partur,Wheat,Maharashtra 2189,FAQ,1501,1745,1651,21-Sep-12
1035,Jalana,Partur,Wheat,Maharashtra 2189,FAQ,1500,1825,1641,18-Sep-12
1036,Jalana,Partur,Wheat,Maharashtra 2189,FAQ,1500,1722,1600,14-Sep-12
1037,Jalana,Partur,Wheat,Maharashtra 2189,FAQ,1581,1756,1600,13-Sep-12
1038,Jalana,Partur,Wheat,Maharashtra 2189,FAQ,1400,1770,1600,12-Sep-12
1039,Jalana,Partur,Wheat,Maharashtra 2189,FAQ,1526,1831,1700,11-Sep-12
1040,Jalana,Partur,Wheat,Maharashtra 2189,FAQ,1541,1780,1630,10-Sep-12
1041,Jalana,Partur,Wheat,Maharashtra 2189,FAQ,1601,1850,1825,8-Sep-12
1042,Jalana,Partur,Wheat,Maharashtra 2189,FAQ,1650,1906,1770,7-Sep-12
1043,Jalana,Partur,Wheat,Maharashtra 2189,FAQ,1451,1900,1676,6-Sep-12
1044,Jalana,Partur,Wheat,Maharashtra 2189,FAQ,1625,1800,1682,4-Sep-12
1045,Jalana,Partur,Wheat,Maharashtra 2189,FAQ,1552,1800,1751,3-Sep-12
1046,Jalana,Partur,Wheat,Maharashtra 2189,FAQ,1580,1700,1680,1-Sep-12
1047,Jalana,Partur,Wheat,Maharashtra 2189,FAQ,1725,1900,1840,31-Aug-12
1048,Jalana,Partur,Wheat,Maharashtra 2189,FAQ,1460,1800,1700,30-Aug-12
1049,Jalana,Partur,Wheat,Maharashtra 2189,FAQ,1650,1761,1700,29-Aug-12
1050,Jalana,Partur,Wheat,Maharashtra 2189,FAQ,1880,1901,1901,28-Aug-12
1051,Jalana,Partur,Wheat,Other,FAQ,1550,1900,1850,27-Aug-12
1052,Jalana,Partur,Wheat,Maharashtra 2189,FAQ,1600,1826,1800,25-Aug-12
1053,Jalana,Partur,Wheat,Maharashtra 2189,FAQ,1350,1825,1825,24-Aug-12
1054,Jalana,Partur,Wheat,Maharashtra 2189,FAQ,1450,1700,1501,23-Aug-12
1055,Jalana,Partur,Wheat,Maharashtra 2189,FAQ,1450,1700,1650,22-Aug-12
1056,Jalana,Partur,Wheat,Maharashtra 2189,FAQ,1540,1701,1600,21-Aug-12
1057,Jalana,Partur,Wheat,Maharashtra 2189,FAQ,1350,1750,1400,16-Aug-12
1058,Jalana,Partur,Wheat,Maharashtra 2189,FAQ,1500,1656,1630,4-Aug-12
1059,Jalana,Partur,Wheat,Maharashtra 2189,FAQ,1450,1740,1550,3-Aug-12
1060,Jalana,Partur,Wheat,Maharashtra 2189,FAQ,1375,1605,1485,27-Jul-12
1061,Jalana,Partur,Wheat,Maharashtra 2189,FAQ,1356,1741,1476,25-Jul-12
1062,Jalana,Partur,Wheat,Maharashtra 2189,FAQ,1300,1571,1451,21-Jul-12
1063,Jalana,Partur,Wheat,Maharashtra 2189,FAQ,1375,1451,1400,17-Jul-12
1064,Jalana,Partur,Wheat,Maharashtra 2189,FAQ,1426,1561,1501,16-Jul-12
1065,Jalana,Partur,Wheat,Maharashtra 2189,FAQ,1450,1600,1500,12-Jul-12
1066,Jalana,Partur,Wheat,Maharashtra 2189,FAQ,1201,1630,1500,11-Jul-12
1067,Jalana,Partur,Wheat,Maharashtra 2189,FAQ,1326,1550,1380,10-Jul-12
1068,Jalana,Partur,Wheat,Maharashtra 2189,FAQ,1261,1636,1521,9-Jul-12
1069,Jalana,Partur,Wheat,Maharashtra 2189,FAQ,1415,1565,1470,6-Jul-12
1070,Jalana,Partur,Wheat,Maharashtra 2189,FAQ,1325,1325,1325,5-Jul-12
1071,Jalana,Partur,Wheat,Maharashtra 2189,FAQ,1325,1325,1325,4-Jul-12
1072,Jalana,Partur,Wheat,Maharashtra 2189,FAQ,1180,1580,1430,2-Jul-12
1073,Jalana,Partur,Wheat,Maharashtra 2189,FAQ,1180,1580,1430,29-Jun-12
1074,Jalana,Partur,Wheat,Maharashtra 2189,FAQ,1261,1600,1420,28-Jun-12
1075,Jalana,Partur,Wheat,Maharashtra 2189,FAQ,1181,1526,1471,27-Jun-12
1076,Jalana,Partur,Wheat,Maharashtra 2189,FAQ,1195,1596,1596,26-Jun-12
1077,Jalana,Partur,Wheat,Maharashtra 2189,FAQ,1300,1570,1400,25-Jun-12
1078,Jalana,Partur,Wheat,Maharashtra 2189,FAQ,1140,1600,1450,23-Jun-12
1079,Jalana,Partur,Wheat,Maharashtra 2189,FAQ,1200,1650,1416,22-Jun-12
1080,Jalana,Partur,Wheat,Maharashtra 2189,FAQ,1151,1615,1300,21-Jun-12
1081,Jalana,Partur,Wheat,Maharashtra 2189,FAQ,1300,1600,1450,4-Jun-12
1082,Jalana,Partur,Wheat,Maharashtra 2189,FAQ,1160,1550,1350,2-Jun-12
1083,Jalana,Partur,Wheat,Maharashtra 2189,FAQ,1246,1640,1326,1-Jun-12
1084,Jalana,Partur,Wheat,Maharashtra 2189,FAQ,1214,1620,1340,29-May-12
1085,Jalana,Partur,Wheat,Maharashtra 2189,FAQ,1101,1602,1201,26-May-12
1086,Jalana,Partur,Wheat,Maharashtra 2189,FAQ,1251,1526,1321,10-May-12
1087,Jalana,Partur,Wheat,Maharashtra 2189,FAQ,1125,1500,1331,9-May-12
1088,Jalana,Partur,Wheat,Maharashtra 2189,FAQ,1230,1560,1340,8-May-12
1089,Jalana,Partur,Wheat,Maharashtra 2189,FAQ,1140,1500,1241,7-May-12
1090,Jalana,Partur,Wheat,Maharashtra 2189,FAQ,1231,1500,1300,5-May-12
1091,Jalana,Partur,Wheat,Maharashtra 2189,FAQ,1200,1430,1360,4-May-12
1092,Jalana,Partur,Wheat,Maharashtra 2189,FAQ,1276,1476,1300,3-May-12
1093,Jalana,Partur,Wheat,Maharashtra 2189,FAQ,1175,1566,1331,2-May-12
1094,Jalana,Partur,Wheat,Maharashtra 2189,FAQ,1155,1542,1270,30-Apr-12
1095,Jalana,Partur,Wheat,Maharashtra 2189,FAQ,1160,1551,1266,28-Apr-12
1096,Jalana,Partur,Wheat,Maharashtra 2189,FAQ,1170,1460,1226,27-Apr-12
1097,Jalana,Partur,Wheat,Maharashtra 2189,FAQ,1151,1480,1221,25-Apr-12
1098,Jalana,Partur,Wheat,Maharashtra 2189,FAQ,1186,1445,1241,23-Apr-12
1099,Jalana,Partur,Wheat,Maharashtra 2189,FAQ,1201,1473,1350,11-Apr-12
1100,Jalana,Partur,Wheat,Maharashtra 2189,FAQ,1351,1470,1386,10-Apr-12
1101,Jalana,Partur,Wheat,Maharashtra 2189,FAQ,1130,1491,1265,9-Apr-12
1102,Jalana,Partur,Wheat,Maharashtra 2189,FAQ,1185,1485,1360,4-Apr-12
1103,Jalana,Partur,Wheat,Maharashtra 2189,FAQ,1101,1460,1281,28-Mar-12
1104,Jalana,Partur,Wheat,Maharashtra 2189,FAQ,1152,2000,1300,26-Mar-12
1105,Jalana,Partur,Wheat,Maharashtra 2189,FAQ,1150,1381,1209,19-Mar-12
1106,Jalana,Partur,Wheat,Maharashtra 2189,FAQ,1100,1375,1150,17-Mar-12
1107,Jalana,Partur,Wheat,Maharashtra 2189,FAQ,1100,1231,1159,16-Mar-12
1108,Jalana,Partur,Wheat,Maharashtra 2189,FAQ,1099,1291,1125,15-Mar-12
1109,Jalana,Partur,Wheat,Maharashtra 2189,FAQ,1085,1202,1101,6-Mar-12
1110,Jalana,Partur,Wheat,Maharashtra 2189,FAQ,1180,1281,1200,22-Feb-12
1111,Jalana,Partur,Wheat,Maharashtra 2189,FAQ,1150,1326,1200,18-Feb-12
1112,Jalana,Partur,Wheat,Maharashtra 2189,FAQ,1150,1366,1225,8-Feb-12
1113,Jalana,Partur,Wheat,Maharashtra 2189,FAQ,1230,1425,1375,18-Jan-12
1114,Jalana,Partur,Wheat,Maharashtra 2189,FAQ,1161,1200,1200,12-Jan-12
1115,Jalana,Partur,Wheat,Maharashtra 2189,FAQ,1200,1352,1352,11-Jan-12
1116,Jalana,Partur,Wheat,Maharashtra 2189,FAQ,1190,1271,1271,10-Jan-12
1117,Jalana,Partur,Wheat,Maharashtra 2189,FAQ,1100,1351,1199,3-Jan-12
1118,Jalana,Partur,Wheat,Maharashtra 2189,FAQ,1101,1392,1160,31-Dec-11
1119,Jalana,Partur,Wheat,Maharashtra 2189,FAQ,1081,1441,1201,23-Dec-11
1120,Jalana,Partur,Wheat,Maharashtra 2189,FAQ,1125,1290,1175,21-Dec-11
1121,Jalana,Partur,Wheat,Other,FAQ,1125,1351,1251,22-Nov-11
1122,Jalana,Partur,Wheat,Maharashtra 2189,FAQ,1131,1451,1340,21-Nov-11
1123,Jalana,Partur,Wheat,Maharashtra 2189,FAQ,1100,1325,1200,19-Nov-11
1124,Jalana,Partur,Wheat,Maharashtra 2189,FAQ,1100,1300,1216,17-Nov-11
1125,Jalana,Partur,Wheat,Maharashtra 2189,FAQ,1100,1270,1171,16-Nov-11
1126,Jalana,Partur,Wheat,Maharashtra 2189,FAQ,1100,1240,1200,12-Nov-11
1127,Jalana,Partur,Wheat,Maharashtra 2189,FAQ,1095,1384,1270,11-Nov-11
1128,Jalana,Partur,Wheat,Maharashtra 2189,FAQ,1101,1650,1300,25-Aug-11
1129,Jalana,Partur,Wheat,Maharashtra 2189,FAQ,1080,1126,1121,11-Aug-11
1130,Jalana,Partur,Wheat,Maharashtra 2189,FAQ,1271,1451,1300,5-Aug-11
1131,Jalana,Partur,Wheat,Maharashtra 2189,FAQ,1120,1415,1300,3-Aug-11
1132,Jalana,Partur,Wheat,Maharashtra 2189,FAQ,1125,1401,1225,29-Jul-11
1133,Jalana,Partur,Wheat,Maharashtra 2189,FAQ,1150,1407,1350,23-Jul-11
1134,Jalana,Partur,Wheat,Maharashtra 2189,FAQ,1121,1350,1326,22-Jul-11
1135,Jalana,Partur,Wheat,Maharashtra 2189,FAQ,1124,1400,1163,21-Jul-11
1136,Jalana,Partur,Wheat,Other,FAQ,1100,1455,1455,20-Jul-11
1137,Jalana,Partur,Wheat,Maharashtra 2189,FAQ,1200,1400,1400,18-Jul-11
1138,Jalana,Partur,Wheat,Maharashtra 2189,FAQ,1101,1320,1200,16-Jul-11
1139,Jalana,Partur,Wheat,Maharashtra 2189,FAQ,1190,1424,1200,15-Jul-11
1140,Jalana,Partur,Wheat,Maharashtra 2189,FAQ,1140,1350,1201,14-Jul-11
1141,Jalana,Partur,Wheat,Maharashtra 2189,FAQ,1101,1341,1301,12-Jul-11
1142,Jalana,Partur,Wheat,Maharashtra 2189,FAQ,1100,1605,1451,9-Jul-11
1143,Jalana,Partur,Wheat,Maharashtra 2189,FAQ,1095,1441,1380,6-Jul-11
1144,Jalana,Partur,Wheat,Maharashtra 2189,FAQ,1100,1350,1250,23-Jun-11
1145,Jalana,Partur,Wheat,Maharashtra 2189,FAQ,1200,1426,1351,22-Jun-11
1146,Jalana,Partur,Wheat,Maharashtra 2189,FAQ,1086,1360,1250,21-Jun-11
1147,Jalana,Partur,Wheat,Maharashtra 2189,FAQ,1160,1431,1431,20-Jun-11
1148,Jalana,Partur,Wheat,Maharashtra 2189,FAQ,1100,1350,1350,18-Jun-11
1149,Jalana,Partur,Wheat,Maharashtra 2189,FAQ,1270,1450,1280,17-Jun-11
1150,Jalana,Partur,Wheat,Maharashtra 2189,FAQ,1116,1526,1251,15-Jun-11
1151,Jalana,Partur,Wheat,Maharashtra 2189,FAQ,1120,1700,1400,14-Jun-11
1152,Jalana,Partur,Wheat,Maharashtra 2189,FAQ,1100,1300,1230,10-Jun-11
1153,Jalana,Partur,Wheat,Maharashtra 2189,FAQ,1145,1503,1401,8-Jun-11
1154,Jalana,Partur,Wheat,Maharashtra 2189,FAQ,1140,1400,1210,6-Jun-11
1155,Jalana,Partur,Wheat,Maharashtra 2189,FAQ,1101,1551,1376,27-May-11
1156,Jalana,Partur,Wheat,Maharashtra 2189,FAQ,1326,1600,1470,25-May-11
1157,Jalana,Partur,Wheat,Maharashtra 2189,FAQ,1250,1426,1327,23-May-11
1158,Jalana,Partur,Wheat,Maharashtra 2189,FAQ,1251,1750,1500,21-May-11
1159,Jalana,Partur,Wheat,Maharashtra 2189,FAQ,1101,1668,1400,20-May-11
1160,Jalana,Partur,Wheat,Maharashtra 2189,FAQ,1213,1550,1300,8-Apr-11
1161,Jalana,Partur,Wheat,Maharashtra 2189,FAQ,1266,1500,1400,7-Apr-11
1162,Jalana,Partur,Wheat,Maharashtra 2189,FAQ,1246,1581,1381,6-Apr-11
1163,Jalana,Partur,Wheat,Maharashtra 2189,FAQ,1200,1581,1371,5-Apr-11
1164,Jalana,Partur,Wheat,Maharashtra 2189,FAQ,1261,1401,1300,26-Mar-11
1165,Jalana,Partur,Wheat,Maharashtra 2189,FAQ,1201,1451,1350,25-Mar-11
1166,Jalana,Partur,Wheat,Maharashtra 2189,FAQ,1360,1500,1496,23-Mar-11
1167,Jalana,Partur,Wheat,Maharashtra 2189,FAQ,1245,1560,1400,22-Mar-11
1168,Jalana,Partur,Wheat,Maharashtra 2189,FAQ,1450,1655,1550,21-Mar-11
1169,Jalana,Partur,Wheat,Maharashtra 2189,FAQ,1395,1500,1400,18-Mar-11
1170,Jalana,Partur,Wheat,Maharashtra 2189,FAQ,1366,1400,1380,17-Mar-11
1171,Jalana,Partur,Wheat,Maharashtra 2189,FAQ,1362,1476,1460,16-Mar-11
1172,Jalana,Partur,Wheat,Maharashtra 2189,FAQ,1436,1700,1700,15-Mar-11
1173,Jalana,Partur,Wheat,Maharashtra 2189,FAQ,1401,1585,1500,14-Mar-11
1174,Jalana,Partur,Wheat,Maharashtra 2189,FAQ,1301,1625,1526,12-Mar-11
1175,Jalana,Partur,Wheat,Maharashtra 2189,FAQ,1436,1506,1506,11-Mar-11
1176,Jalana,Partur,Wheat,Maharashtra 2189,FAQ,1435,1435,1435,10-Mar-11
1177,Jalana,Partur,Wheat,Maharashtra 2189,FAQ,1426,1450,1450,9-Mar-11
1178,Jalana,Partur,Wheat,Maharashtra 2189,FAQ,1310,1455,1455,8-Mar-11
1179,Jalana,Partur,Wheat,Maharashtra 2189,FAQ,1300,1400,1400,7-Mar-11
1180,Jalana,Partur,Wheat,Maharashtra 2189,FAQ,1501,1626,1626,3-Mar-11
1181,Jalana,Partur,Wheat,Maharashtra 2189,FAQ,1380,1570,1570,24-Feb-11
1182,Jalana,Partur,Wheat,Maharashtra 2189,FAQ,1200,1525,1525,22-Feb-11
1183,Jalana,Partur,Wheat,Other,FAQ,1300,1450,1305,18-Feb-11
1184,Jalana,Partur,Wheat,Maharashtra 2189,FAQ,1200,1600,1402,15-Feb-11
1185,Jalana,Partur,Wheat,Maharashtra 2189,FAQ,1275,1700,1700,11-Feb-11
1186,Jalana,Partur,Wheat,Maharashtra 2189,FAQ,1301,1571,1525,10-Feb-11
1187,Jalana,Partur,Wheat,Maharashtra 2189,FAQ,1235,1480,1301,9-Feb-11
1188,Jalana,Partur,Wheat,Maharashtra 2189,FAQ,1425,1627,1600,29-Dec-10
1189,Jalana,Partur,Wheat,Maharashtra 2189,FAQ,1145,1600,1376,27-Dec-10
1190,Jalana,Partur,Wheat,Maharashtra 2189,FAQ,1419,1778,1778,10-Dec-10
1191,Jalana,Partur,Wheat,Maharashtra 2189,FAQ,1401,1800,1800,8-Dec-10
1192,Jalana,Partur,Wheat,Maharashtra 2189,FAQ,1561,1625,1625,2-Dec-10
1193,Jalana,Partur,Wheat,Maharashtra 2189,FAQ,1376,1600,1521,1-Dec-10
1194,Jalana,Partur,Wheat,Maharashtra 2189,FAQ,1270,1415,1360,30-Nov-10
1195,Jalana,Partur,Wheat,Maharashtra 2189,FAQ,1100,1850,1200,25-Nov-10
1196,Jalana,Partur,Wheat,Maharashtra 2189,FAQ,1525,1646,1640,24-Nov-10
1197,Jalana,Partur,Wheat,Maharashtra 2189,FAQ,1250,1581,1391,11-Nov-10
1198,Jalana,Partur,Wheat,Maharashtra 2189,FAQ,1150,1351,1351,25-Oct-10
1199,Jalana,Partur,Wheat,Maharashtra 2189,FAQ,1105,1525,1300,23-Oct-10
1200,Jalana,Partur,Wheat,Maharashtra 2189,FAQ,1200,1451,1276,19-Oct-10
1201,Jalana,Partur,Wheat,Maharashtra 2189,FAQ,1226,1400,1306,18-Oct-10
1202,Jalana,Partur,Wheat,Maharashtra 2189,FAQ,1100,1375,1301,15-Oct-10
1203,Jalana,Partur,Wheat,Maharashtra 2189,FAQ,1271,1365,1301,12-Oct-10
1204,Jalana,Partur,Wheat,Maharashtra 2189,FAQ,1175,1575,1351,11-Oct-10
1205,Jalana,Partur,Wheat,Maharashtra 2189,FAQ,1190,1300,1270,4-Oct-10
1206,Jalana,Partur,Wheat,Maharashtra 2189,FAQ,1170,1680,1481,1-Oct-10
1207,Jalana,Partur,Wheat,Maharashtra 2189,FAQ,1300,1500,1400,18-Sep-10
1208,Jalana,Partur,Wheat,Maharashtra 2189,FAQ,1200,1900,1900,14-Sep-10
1209,Jalana,Partur,Wheat,Maharashtra 2189,FAQ,1155,1551,1551,7-Sep-10
1210,Jalana,Partur,Wheat,Maharashtra 2189,FAQ,1176,1200,1200,3-Sep-10
1211,Jalana,Partur,Wheat,Maharashtra 2189,FAQ,1100,1376,1205,2-Sep-10
1212,Jalana,Partur,Wheat,Maharashtra 2189,FAQ,1200,1566,1300,1-Sep-10
1213,Jalana,Partur,Wheat,Maharashtra 2189,FAQ,1230,1250,1250,31-Aug-10
1214,Jalana,Partur,Wheat,Maharashtra 2189,FAQ,1200,1555,1300,30-Aug-10
1215,Jalana,Partur,Wheat,Maharashtra 2189,FAQ,1251,1551,1451,27-Aug-10
1216,Jalana,Partur,Wheat,Maharashtra 2189,FAQ,1200,1421,1241,23-Aug-10
1217,Jalana,Partur,Wheat,Maharashtra 2189,FAQ,1221,1701,1300,20-Aug-10
1218,Jalana,Partur,Wheat,Maharashtra 2189,FAQ,1261,1500,1352,17-Aug-10
1219,Jalana,Partur,Wheat,Maharashtra 2189,FAQ,1181,1436,1290,16-Aug-10
1220,Jalana,Partur,Wheat,Maharashtra 2189,FAQ,1180,1490,1250,12-Aug-10
1221,Jalana,Partur,Wheat,Maharashtra 2189,FAQ,1225,1375,1350,11-Aug-10
1222,Jalana,Partur,Wheat,Maharashtra 2189,FAQ,1100,1366,1201,9-Aug-10
1223,Jalana,Partur,Wheat,Maharashtra 2189,FAQ,1130,1301,1185,4-Aug-10
1224,Jalana,Partur,Wheat,Maharashtra 2189,FAQ,1155,1500,1221,3-Aug-10
1225,Jalana,Partur,Wheat,Maharashtra 2189,FAQ,1181,1670,1200,2-Aug-10
1226,Jalana,Partur,Wheat,Maharashtra 2189,FAQ,1152,1400,1201,31-Jul-10
1227,Jalana,Partur,Wheat,Maharashtra 2189,FAQ,1193,1385,1220,29-Jul-10
1228,Jalana,Partur,Wheat,Maharashtra 2189,FAQ,1250,1650,1350,28-Jul-10
1229,Jalana,Partur,Wheat,Maharashtra 2189,FAQ,1175,1466,1202,27-Jul-10
1230,Jalana,Partur,Wheat,Maharashtra 2189,FAQ,1253,1645,1645,26-Jul-10
1231,Jalana,Partur,Wheat,Maharashtra 2189,FAQ,1205,1275,1225,24-Jul-10
1232,Jalana,Partur,Wheat,Maharashtra 2189,FAQ,1250,1461,1370,23-Jul-10
1233,Jalana,Partur,Wheat,Maharashtra 2189,FAQ,1200,1700,1300,22-Jul-10
1234,Jalana,Partur,Wheat,Maharashtra 2189,FAQ,1350,1552,1450,20-Jul-10
1235,Jalana,Partur,Wheat,Maharashtra 2189,FAQ,1251,1691,1651,19-Jul-10
1236,Jalana,Partur,Wheat,Maharashtra 2189,FAQ,1311,1605,1351,16-Jul-10
1237,Jalana,Partur,Wheat,Maharashtra 2189,FAQ,1361,1800,1416,15-Jul-10
1238,Jalana,Partur,Wheat,Maharashtra 2189,FAQ,1261,1560,1330,3-Jul-10
1239,Jalana,Partur,Wheat,Maharashtra 2189,FAQ,1300,1775,1450,1-Jul-10
1240,Jalana,Partur,Wheat,Maharashtra 2189,FAQ,1200,1605,1366,30-Jun-10
1241,Jalana,Partur,Wheat,Maharashtra 2189,FAQ,1251,1660,1400,29-Jun-10
1242,Jalana,Partur,Wheat,Maharashtra 2189,FAQ,1351,1660,1360,28-Jun-10
1243,Jalana,Partur,Wheat,Maharashtra 2189,FAQ,1251,1900,1350,22-Jun-10
1244,Jalana,Partur,Wheat,Maharashtra 2189,FAQ,1526,1725,1690,21-Jun-10
1245,Jalana,Partur,Wheat,Maharashtra 2189,FAQ,1391,1575,1480,18-Jun-10
1246,Jalana,Partur,Wheat,Maharashtra 2189,FAQ,1391,1575,1480,17-Jun-10
1247,Jalana,Partur,Wheat,Maharashtra 2189,FAQ,1100,1670,1351,16-Jun-10
1248,Jalana,Partur,Wheat,Maharashtra 2189,FAQ,1245,1606,1401,14-Jun-10
1249,Jalana,Partur,Wheat,Maharashtra 2189,FAQ,1400,1856,1754,11-Jun-10
1250,Jalana,Partur,Wheat,Maharashtra 2189,FAQ,1400,1595,1435,4-Jun-10
1251,Jalana,Partur,Wheat,Maharashtra 2189,FAQ,1276,1600,1400,3-Jun-10
1252,Jalana,Partur,Wheat,Maharashtra 2189,FAQ,1240,1376,1371,2-Jun-10
1253,Jalana,Partur,Wheat,Maharashtra 2189,FAQ,1300,1360,1331,31-May-10
1254,Jalana,Partur,Wheat,Maharashtra 2189,FAQ,1440,1895,1600,29-May-10
1255,Jalana,Partur,Wheat,Maharashtra 2189,FAQ,1350,1900,1401,15-May-10
1256,Jalana,Partur,Wheat,Maharashtra 2189,FAQ,1200,1815,1350,13-May-10
1257,Jalana,Partur,Wheat,Maharashtra 2189,FAQ,1100,1761,1460,10-May-10
1258,Jalana,Partur,Wheat,Maharashtra 2189,FAQ,1465,1801,1665,3-May-10
1259,Jalana,Partur,Wheat,Maharashtra 2189,FAQ,1440,1895,1600,29-Apr-10
1260,Jalana,Partur,Wheat,Maharashtra 2189,FAQ,1501,1600,1560,26-Apr-10
1261,Jalana,Partur,Wheat,Maharashtra 2189,FAQ,1500,1800,1600,24-Apr-10
1262,Jalana,Partur,Wheat,Maharashtra 2189,FAQ,1541,1671,1625,21-Apr-10
1263,Jalana,Partur,Wheat,Maharashtra 2189,FAQ,1460,1750,1626,20-Apr-10
1264,Jalana,Partur,Wheat,Maharashtra 2189,FAQ,1505,1751,1660,16-Apr-10
1265,Jalana,Partur,Wheat,Maharashtra 2189,FAQ,1515,1980,1701,15-Apr-10
1266,Jalana,Partur,Wheat,Maharashtra 2189,FAQ,1300,1760,1500,12-Apr-10
1267,Jalana,Partur,Wheat,Maharashtra 2189,FAQ,1430,1763,1500,10-Apr-10
1268,Jalana,Partur,Wheat,Maharashtra 2189,FAQ,1500,1625,1600,9-Apr-10
1269,Jalana,Partur,Wheat,Maharashtra 2189,FAQ,1436,1601,1521,8-Apr-10
1270,Jalana,Partur,Wheat,Maharashtra 2189,FAQ,1387,1715,1525,7-Apr-10
1271,Jalana,Partur,Wheat,Maharashtra 2189,FAQ,1441,1700,1511,6-Apr-10
1272,Jalana,Partur,Wheat,Maharashtra 2189,FAQ,1270,1585,1480,5-Apr-10
1273,Jalana,Partur,Wheat,Maharashtra 2189,FAQ,1200,1642,1450,27-Mar-10
1274,Jalana,Partur,Wheat,Maharashtra 2189,FAQ,1350,1600,1475,26-Mar-10
1275,Jalana,Partur,Wheat,Maharashtra 2189,FAQ,1200,1642,1450,25-Mar-10
1276,Jalana,Partur,Wheat,Maharashtra 2189,FAQ,1305,1395,1351,22-Mar-10
1277,Jalana,Partur,Wheat,Maharashtra 2189,FAQ,1470,1557,1532,17-Mar-10
1278,Jalana,Partur,Wheat,Maharashtra 2189,FAQ,1283,1456,1351,11-Mar-10
1279,Jalana,Partur,Wheat,Maharashtra 2189,FAQ,1380,1582,1560,8-Mar-10
1280,Jalana,Partur,Wheat,Maharashtra 2189,FAQ,1460,1571,1560,6-Mar-10
1281,Jalana,Partur,Wheat,Maharashtra 2189,FAQ,1460,1608,1570,5-Mar-10
1282,Jalana,Partur,Wheat,Other,FAQ,1401,1525,1410,4-Mar-10
1283,Jalana,Partur,Wheat,Maharashtra 2189,FAQ,1410,1575,1475,2-Mar-10
1284,Jalana,Partur,Wheat,Maharashtra 2189,FAQ,1500,1685,1685,25-Feb-10
1285,Jalana,Partur,Wheat,Maharashtra 2189,FAQ,1200,1626,1401,7-Jan-10
1286,Jalana,Partur,Wheat,Maharashtra 2189,FAQ,1401,1946,1846,2-Jan-10
