"Min,Max,Modal Price from Maharashtra,Nashik[Wheat],Sinner from 01-Jan-2010To25-Oct-2020 (Total-1601) (Total-1601)",,,,,,,,,
Sl no.,District Name,Market Name,Commodity,Variety,Grade,Min Price (Rs./Quintal),Max Price (Rs./Quintal),Modal Price (Rs./Quintal),Price Date
1,Nashik,Sinner,Wheat,Other,FAQ,1575,1625,1585,14-Oct-20
2,Nashik,Sinner,Wheat,Other,FAQ,1575,2005,1580,13-Oct-20
3,Nashik,Sinner,Wheat,Other,FAQ,1540,1800,1570,12-Oct-20
4,Nashik,Sinner,Wheat,Other,FAQ,1455,1535,1500,9-Oct-20
5,Nashik,Sinner,Wheat,Other,FAQ,1515,1590,1530,8-Oct-20
6,Nashik,Sinner,Wheat,Other,FAQ,1500,1525,1515,7-Oct-20
7,Nashik,Sinner,Wheat,Other,FAQ,1515,1540,1520,6-Oct-20
8,Nashik,Sinner,Wheat,Other,FAQ,1510,1800,1530,5-Oct-20
9,Nashik,Sinner,Wheat,Other,FAQ,1500,1540,1525,1-Oct-20
10,Nashik,Sinner,Wheat,Other,FAQ,1510,1680,1525,30-Sep-20
11,Nashik,Sinner,Wheat,Other,FAQ,1455,1605,1530,29-Sep-20
12,Nashik,Sinner,Wheat,Other,FAQ,1510,1655,1525,28-Sep-20
13,Nashik,Sinner,Wheat,Other,FAQ,1350,1625,1525,25-Sep-20
14,Nashik,Sinner,Wheat,Other,FAQ,1445,1630,1525,24-Sep-20
15,Nashik,Sinner,Wheat,Other,FAQ,1500,1545,1525,22-Sep-20
16,Nashik,Sinner,Wheat,Other,FAQ,1500,1620,1530,21-Sep-20
17,Nashik,Sinner,Wheat,Other,FAQ,1500,1550,1525,18-Sep-20
18,Nashik,Sinner,Wheat,Other,FAQ,1480,1630,1575,17-Sep-20
19,Nashik,Sinner,Wheat,Other,FAQ,1535,1755,1575,16-Sep-20
20,Nashik,Sinner,Wheat,Other,FAQ,1560,1710,1575,15-Sep-20
21,Nashik,Sinner,Wheat,Other,FAQ,1565,1655,1580,14-Sep-20
22,Nashik,Sinner,Wheat,Other,FAQ,1585,1600,1595,11-Sep-20
23,Nashik,Sinner,Wheat,Other,FAQ,1585,1815,1610,10-Sep-20
24,Nashik,Sinner,Wheat,Other,FAQ,1605,1650,1625,9-Sep-20
25,Nashik,Sinner,Wheat,Other,FAQ,1615,1675,1625,8-Sep-20
26,Nashik,Sinner,Wheat,Other,FAQ,1605,1885,1625,7-Sep-20
27,Nashik,Sinner,Wheat,Other,FAQ,1605,1795,1625,4-Sep-20
28,Nashik,Sinner,Wheat,Other,FAQ,1500,1880,1630,3-Sep-20
29,Nashik,Sinner,Wheat,Other,FAQ,1615,1750,1640,2-Sep-20
30,Nashik,Sinner,Wheat,Other,FAQ,1625,1855,1750,31-Aug-20
31,Nashik,Sinner,Wheat,Other,FAQ,1600,1645,1625,28-Aug-20
32,Nashik,Sinner,Wheat,Other,FAQ,1605,1900,1650,25-Aug-20
33,Nashik,Sinner,Wheat,Other,FAQ,1580,1775,1700,24-Aug-20
34,Nashik,Sinner,Wheat,Other,FAQ,1695,1920,1730,20-Aug-20
35,Nashik,Sinner,Wheat,Other,FAQ,1700,1940,1750,19-Aug-20
36,Nashik,Sinner,Wheat,Other,FAQ,1605,1905,1740,17-Aug-20
37,Nashik,Sinner,Wheat,Other,FAQ,1675,1785,1725,14-Aug-20
38,Nashik,Sinner,Wheat,Other,FAQ,1700,1845,1730,13-Aug-20
39,Nashik,Sinner,Wheat,Other,FAQ,1595,1825,1725,12-Aug-20
40,Nashik,Sinner,Wheat,Other,FAQ,1200,2050,1765,11-Aug-20
41,Nashik,Sinner,Wheat,Other,FAQ,1690,1935,1720,10-Aug-20
42,Nashik,Sinner,Wheat,Other,FAQ,1680,1725,1720,7-Aug-20
43,Nashik,Sinner,Wheat,Other,FAQ,1685,1950,1720,6-Aug-20
44,Nashik,Sinner,Wheat,Other,FAQ,1700,2065,1800,5-Aug-20
45,Nashik,Sinner,Wheat,Other,FAQ,1695,2000,1720,4-Aug-20
46,Nashik,Sinner,Wheat,Other,FAQ,1710,1710,1710,3-Aug-20
47,Nashik,Sinner,Wheat,Other,FAQ,1700,1775,1760,29-Jul-20
48,Nashik,Sinner,Wheat,Other,FAQ,1680,1760,1740,28-Jul-20
49,Nashik,Sinner,Wheat,Other,FAQ,1725,1795,1760,27-Jul-20
50,Nashik,Sinner,Wheat,Other,FAQ,1500,1690,1600,22-Jul-20
51,Nashik,Sinner,Wheat,Other,FAQ,1730,1750,1740,21-Jul-20
52,Nashik,Sinner,Wheat,Other,FAQ,1785,1840,1800,20-Jul-20
53,Nashik,Sinner,Wheat,Other,FAQ,1795,1845,1825,17-Jul-20
54,Nashik,Sinner,Wheat,Other,FAQ,1795,1825,1815,16-Jul-20
55,Nashik,Sinner,Wheat,Other,FAQ,1785,1970,1810,15-Jul-20
56,Nashik,Sinner,Wheat,Other,FAQ,1780,1855,1820,14-Jul-20
57,Nashik,Sinner,Wheat,Other,FAQ,1790,2145,1850,13-Jul-20
58,Nashik,Sinner,Wheat,Other,FAQ,1300,1840,1820,10-Jul-20
59,Nashik,Sinner,Wheat,Other,FAQ,1790,2110,1850,9-Jul-20
60,Nashik,Sinner,Wheat,Other,FAQ,1755,1850,1820,8-Jul-20
61,Nashik,Sinner,Wheat,Other,FAQ,1700,1815,1795,7-Jul-20
62,Nashik,Sinner,Wheat,Other,FAQ,1770,1995,1850,6-Jul-20
63,Nashik,Sinner,Wheat,Other,FAQ,1815,1875,1850,3-Jul-20
64,Nashik,Sinner,Wheat,Other,FAQ,1750,1835,1800,2-Jul-20
65,Nashik,Sinner,Wheat,Other,FAQ,1800,1965,1820,30-Jun-20
66,Nashik,Sinner,Wheat,Other,FAQ,1780,2175,1900,29-Jun-20
67,Nashik,Sinner,Wheat,Other,FAQ,1735,2070,1850,26-Jun-20
68,Nashik,Sinner,Wheat,Other,FAQ,1800,1975,1860,25-Jun-20
69,Nashik,Sinner,Wheat,Other,FAQ,1765,1995,1865,24-Jun-20
70,Nashik,Sinner,Wheat,Other,FAQ,1815,2190,2000,23-Jun-20
71,Nashik,Sinner,Wheat,Other,FAQ,1465,1845,1730,22-Jun-20
72,Nashik,Sinner,Wheat,Other,FAQ,1725,2240,2150,19-Jun-20
73,Nashik,Sinner,Wheat,Other,FAQ,1700,2110,1850,18-Jun-20
74,Nashik,Sinner,Wheat,Other,FAQ,1740,2110,1800,17-Jun-20
75,Nashik,Sinner,Wheat,Other,FAQ,1750,1785,1780,16-Jun-20
76,Nashik,Sinner,Wheat,Other,FAQ,1745,2200,1850,15-Jun-20
77,Nashik,Sinner,Wheat,Other,FAQ,1650,1845,1775,11-Jun-20
78,Nashik,Sinner,Wheat,Other,FAQ,1505,2050,1850,10-Jun-20
79,Nashik,Sinner,Wheat,Other,FAQ,1800,2150,2000,9-Jun-20
80,Nashik,Sinner,Wheat,Other,FAQ,1600,2095,1850,8-Jun-20
81,Nashik,Sinner,Wheat,Other,FAQ,1725,1975,1815,5-Jun-20
82,Nashik,Sinner,Wheat,Other,FAQ,1790,2175,1805,4-Jun-20
83,Nashik,Sinner,Wheat,Other,FAQ,1730,2195,1780,1-Jun-20
84,Nashik,Sinner,Wheat,Other,FAQ,1800,2255,1820,28-May-20
85,Nashik,Sinner,Wheat,Other,FAQ,1800,2300,1970,27-May-20
86,Nashik,Sinner,Wheat,Other,FAQ,1850,2275,2105,4-May-20
87,Nashik,Sinner,Wheat,Other,FAQ,1790,1840,1800,30-Apr-20
88,Nashik,Sinner,Wheat,Other,FAQ,1830,2240,2185,29-Apr-20
89,Nashik,Sinner,Wheat,Other,FAQ,1830,2400,2100,15-Apr-20
90,Nashik,Sinner,Wheat,Other,FAQ,1650,2040,1875,14-Apr-20
91,Nashik,Sinner,Wheat,Other,FAQ,1701,1825,1750,27-Mar-20
92,Nashik,Sinner,Wheat,Other,FAQ,1675,1780,1725,26-Mar-20
93,Nashik,Sinner,Wheat,Other,FAQ,1650,1770,1725,25-Mar-20
94,Nashik,Sinner,Wheat,Other,FAQ,1675,1750,1725,24-Mar-20
95,Nashik,Sinner,Wheat,Other,FAQ,1650,1775,1700,23-Mar-20
96,Nashik,Sinner,Wheat,Other,FAQ,1780,1930,1800,20-Mar-20
97,Nashik,Sinner,Wheat,Other,FAQ,1770,2105,2010,19-Mar-20
98,Nashik,Sinner,Wheat,Other,FAQ,1765,1920,1830,18-Mar-20
99,Nashik,Sinner,Wheat,Other,FAQ,1500,1800,1740,16-Mar-20
100,Nashik,Sinner,Wheat,Other,FAQ,1695,1900,1850,15-Mar-20
101,Nashik,Sinner,Wheat,Other,FAQ,1765,1940,1860,12-Mar-20
102,Nashik,Sinner,Wheat,Other,FAQ,1710,1905,1825,11-Mar-20
103,Nashik,Sinner,Wheat,Other,FAQ,1800,2075,1885,9-Mar-20
104,Nashik,Sinner,Wheat,Other,FAQ,1300,2100,1955,8-Mar-20
105,Nashik,Sinner,Wheat,Other,FAQ,1840,1955,1895,6-Mar-20
106,Nashik,Sinner,Wheat,Other,FAQ,1825,2080,1905,5-Mar-20
107,Nashik,Sinner,Wheat,Other,FAQ,1795,2235,1835,4-Mar-20
108,Nashik,Sinner,Wheat,Other,FAQ,1840,1963,1900,2-Mar-20
109,Nashik,Sinner,Wheat,Other,FAQ,1915,2155,2000,1-Mar-20
110,Nashik,Sinner,Wheat,Other,FAQ,1900,2010,1915,28-Feb-20
111,Nashik,Sinner,Wheat,Other,FAQ,1600,2200,2130,27-Feb-20
112,Nashik,Sinner,Wheat,Other,FAQ,1995,2470,2305,24-Feb-20
113,Nashik,Sinner,Wheat,Other,FAQ,2040,2505,2300,23-Feb-20
114,Nashik,Sinner,Wheat,Other,FAQ,2000,2505,2210,20-Feb-20
115,Nashik,Sinner,Wheat,Other,FAQ,2095,2300,2275,17-Feb-20
116,Nashik,Sinner,Wheat,Other,FAQ,2050,2400,2150,16-Feb-20
117,Nashik,Sinner,Wheat,Other,FAQ,2045,2250,2150,14-Feb-20
118,Nashik,Sinner,Wheat,Other,FAQ,2000,2150,2090,12-Feb-20
119,Nashik,Sinner,Wheat,Other,FAQ,1915,2445,2200,10-Feb-20
120,Nashik,Sinner,Wheat,Other,FAQ,2200,2400,2340,7-Feb-20
121,Nashik,Sinner,Wheat,Other,FAQ,2080,2500,2465,6-Feb-20
122,Nashik,Sinner,Wheat,Other,FAQ,2150,2400,2200,5-Feb-20
123,Nashik,Sinner,Wheat,Other,FAQ,2090,2305,2120,3-Feb-20
124,Nashik,Sinner,Wheat,Other,FAQ,2050,2380,2265,2-Feb-20
125,Nashik,Sinner,Wheat,Other,FAQ,2150,2275,2200,31-Jan-20
126,Nashik,Sinner,Wheat,Other,FAQ,2035,2605,2430,30-Jan-20
127,Nashik,Sinner,Wheat,Other,FAQ,1990,2770,2500,29-Jan-20
128,Nashik,Sinner,Wheat,Other,FAQ,1565,2400,2300,27-Jan-20
129,Nashik,Sinner,Wheat,Other,FAQ,2000,2405,2150,23-Jan-20
130,Nashik,Sinner,Wheat,Other,FAQ,2100,2565,2400,22-Jan-20
131,Nashik,Sinner,Wheat,Other,FAQ,2100,2635,2500,20-Jan-20
132,Nashik,Sinner,Wheat,Other,FAQ,2105,2605,2400,19-Jan-20
133,Nashik,Sinner,Wheat,Other,FAQ,2210,2530,2400,17-Jan-20
134,Nashik,Sinner,Wheat,Other,FAQ,2145,2460,2300,15-Jan-20
135,Nashik,Sinner,Wheat,Other,FAQ,2000,2635,2450,13-Jan-20
136,Nashik,Sinner,Wheat,Other,FAQ,2100,2665,2450,12-Jan-20
137,Nashik,Sinner,Wheat,Other,FAQ,2215,2675,2520,9-Jan-20
138,Nashik,Sinner,Wheat,Other,FAQ,2315,2520,2480,8-Jan-20
139,Nashik,Sinner,Wheat,Other,FAQ,2100,2450,2300,6-Jan-20
140,Nashik,Sinner,Wheat,Other,FAQ,2200,2520,2350,5-Jan-20
141,Nashik,Sinner,Wheat,Other,FAQ,2190,2495,2300,3-Jan-20
142,Nashik,Sinner,Wheat,Other,FAQ,2175,2470,2255,2-Jan-20
143,Nashik,Sinner,Wheat,Other,FAQ,2100,2220,2190,1-Jan-20
144,Nashik,Sinner,Wheat,Other,FAQ,2170,2300,2200,30-Dec-19
145,Nashik,Sinner,Wheat,Other,FAQ,2145,2400,2350,29-Dec-19
146,Nashik,Sinner,Wheat,Other,FAQ,2100,2400,2250,27-Dec-19
147,Nashik,Sinner,Wheat,Other,FAQ,2050,2215,2170,26-Dec-19
148,Nashik,Sinner,Wheat,Other,FAQ,2135,2300,2280,23-Dec-19
149,Nashik,Sinner,Wheat,Other,FAQ,2165,2400,2360,22-Dec-19
150,Nashik,Sinner,Wheat,Other,FAQ,2175,2240,2200,19-Dec-19
151,Nashik,Sinner,Wheat,Other,FAQ,2160,2300,2200,18-Dec-19
152,Nashik,Sinner,Wheat,Other,FAQ,2050,2350,2150,16-Dec-19
153,Nashik,Sinner,Wheat,Other,FAQ,2130,2155,2145,15-Dec-19
154,Nashik,Sinner,Wheat,Other,FAQ,2110,2155,2150,13-Dec-19
155,Nashik,Sinner,Wheat,Other,FAQ,1625,2270,2100,12-Dec-19
156,Nashik,Sinner,Wheat,Other,FAQ,2185,2185,2185,11-Dec-19
157,Nashik,Sinner,Wheat,Other,FAQ,2090,2165,2120,9-Dec-19
158,Nashik,Sinner,Wheat,Other,FAQ,2100,2300,2200,8-Dec-19
159,Nashik,Sinner,Wheat,Other,FAQ,2050,2400,2350,6-Dec-19
160,Nashik,Sinner,Wheat,Other,FAQ,2120,2300,2260,5-Dec-19
161,Nashik,Sinner,Wheat,Other,FAQ,2100,2405,2250,4-Dec-19
162,Nashik,Sinner,Wheat,Other,FAQ,2000,2350,2250,1-Dec-19
163,Nashik,Sinner,Wheat,Other,FAQ,2180,2400,2350,29-Nov-19
164,Nashik,Sinner,Wheat,Other,FAQ,2130,2270,2200,27-Nov-19
165,Nashik,Sinner,Wheat,Other,FAQ,1500,2365,2200,25-Nov-19
166,Nashik,Sinner,Wheat,Other,FAQ,2125,2405,2355,24-Nov-19
167,Nashik,Sinner,Wheat,Other,FAQ,2135,2300,2210,22-Nov-19
168,Nashik,Sinner,Wheat,Other,FAQ,2125,2385,2255,21-Nov-19
169,Nashik,Sinner,Wheat,Other,FAQ,2200,2400,2350,20-Nov-19
170,Nashik,Sinner,Wheat,Other,FAQ,2125,2505,2305,18-Nov-19
171,Nashik,Sinner,Wheat,Other,FAQ,2000,2490,2300,17-Nov-19
172,Nashik,Sinner,Wheat,Other,FAQ,2075,2500,2125,15-Nov-19
173,Nashik,Sinner,Wheat,Other,FAQ,2200,2450,2350,14-Nov-19
174,Nashik,Sinner,Wheat,Other,FAQ,2350,2500,2450,13-Nov-19
175,Nashik,Sinner,Wheat,Other,FAQ,2050,2480,2300,11-Nov-19
176,Nashik,Sinner,Wheat,Other,FAQ,2051,2475,2300,10-Nov-19
177,Nashik,Sinner,Wheat,Other,FAQ,2190,2190,2190,8-Nov-19
178,Nashik,Sinner,Wheat,Other,FAQ,2136,2136,2136,7-Nov-19
179,Nashik,Sinner,Wheat,Other,FAQ,2116,2450,2300,6-Nov-19
180,Nashik,Sinner,Wheat,Other,FAQ,2100,2475,2300,4-Nov-19
181,Nashik,Sinner,Wheat,Other,FAQ,2350,2350,2350,31-Oct-19
182,Nashik,Sinner,Wheat,Other,FAQ,2100,2450,2250,23-Oct-19
183,Nashik,Sinner,Wheat,Other,FAQ,2051,2299,2200,20-Oct-19
184,Nashik,Sinner,Wheat,Other,FAQ,2101,2301,2200,18-Oct-19
185,Nashik,Sinner,Wheat,Other,FAQ,2046,2352,2150,17-Oct-19
186,Nashik,Sinner,Wheat,Other,FAQ,2070,2220,2150,14-Oct-19
187,Nashik,Sinner,Wheat,Other,FAQ,2050,2185,2100,13-Oct-19
188,Nashik,Sinner,Wheat,Other,FAQ,2066,2118,2100,11-Oct-19
189,Nashik,Sinner,Wheat,Other,FAQ,2070,2120,2100,7-Oct-19
190,Nashik,Sinner,Wheat,Other,FAQ,1900,2200,2100,6-Oct-19
191,Nashik,Sinner,Wheat,Other,FAQ,2051,2070,2060,4-Oct-19
192,Nashik,Sinner,Wheat,Other,FAQ,2050,2181,2100,3-Oct-19
193,Nashik,Sinner,Wheat,Other,FAQ,2075,2225,2150,30-Sep-19
194,Nashik,Sinner,Wheat,Other,FAQ,2001,2300,2100,29-Sep-19
195,Nashik,Sinner,Wheat,Other,FAQ,2056,2151,2100,27-Sep-19
196,Nashik,Sinner,Wheat,Other,FAQ,2000,2296,2100,26-Sep-19
197,Nashik,Sinner,Wheat,Other,FAQ,2061,2171,2100,23-Sep-19
198,Nashik,Sinner,Wheat,Other,FAQ,1975,2250,2100,22-Sep-19
199,Nashik,Sinner,Wheat,Other,FAQ,2188,2320,2225,20-Sep-19
200,Nashik,Sinner,Wheat,Other,FAQ,2325,2325,2325,19-Sep-19
201,Nashik,Sinner,Wheat,Other,FAQ,2066,2250,2150,18-Sep-19
202,Nashik,Sinner,Wheat,Other,FAQ,2090,2280,2185,16-Sep-19
203,Nashik,Sinner,Wheat,Other,FAQ,2145,2321,2251,15-Sep-19
204,Nashik,Sinner,Wheat,Other,FAQ,2073,2188,2100,11-Sep-19
205,Nashik,Sinner,Wheat,Other,FAQ,2001,2346,2250,9-Sep-19
206,Nashik,Sinner,Wheat,Other,FAQ,2000,2200,2114,8-Sep-19
207,Nashik,Sinner,Wheat,Other,FAQ,2075,2335,2300,5-Sep-19
208,Nashik,Sinner,Wheat,Other,FAQ,2025,2127,2070,4-Sep-19
209,Nashik,Sinner,Wheat,Other,FAQ,2025,2276,2150,1-Sep-19
210,Nashik,Sinner,Wheat,Other,FAQ,2037,2430,2200,29-Aug-19
211,Nashik,Sinner,Wheat,Other,FAQ,2000,2342,2200,28-Aug-19
212,Nashik,Sinner,Wheat,Other,FAQ,2031,2300,2250,26-Aug-19
213,Nashik,Sinner,Wheat,Other,FAQ,2151,2471,2300,25-Aug-19
214,Nashik,Sinner,Wheat,Other,FAQ,2100,2366,2250,22-Aug-19
215,Nashik,Sinner,Wheat,Other,FAQ,2050,2301,2141,21-Aug-19
216,Nashik,Sinner,Wheat,Other,FAQ,1700,2300,2100,19-Aug-19
217,Nashik,Sinner,Wheat,Other,FAQ,1961,2431,2200,18-Aug-19
218,Nashik,Sinner,Wheat,Other,FAQ,2000,2398,2060,14-Aug-19
219,Nashik,Sinner,Wheat,Other,FAQ,1775,2350,2150,11-Aug-19
220,Nashik,Sinner,Wheat,Other,FAQ,2000,2296,2025,7-Aug-19
221,Nashik,Sinner,Wheat,Other,FAQ,2035,2280,2150,4-Aug-19
222,Nashik,Sinner,Wheat,Other,FAQ,1950,1950,1950,31-Jul-19
223,Nashik,Sinner,Wheat,Other,FAQ,2050,2221,2100,28-Jul-19
224,Nashik,Sinner,Wheat,Other,FAQ,1886,2187,2125,25-Jul-19
225,Nashik,Sinner,Wheat,Other,FAQ,2275,2275,2275,24-Jul-19
226,Nashik,Sinner,Wheat,Other,FAQ,1969,2176,2100,22-Jul-19
227,Nashik,Sinner,Wheat,Other,FAQ,1950,2300,2100,21-Jul-19
228,Nashik,Sinner,Wheat,Other,FAQ,1950,1950,1950,18-Jul-19
229,Nashik,Sinner,Wheat,Other,FAQ,2110,2110,2110,17-Jul-19
230,Nashik,Sinner,Wheat,Other,FAQ,2001,2101,2050,15-Jul-19
231,Nashik,Sinner,Wheat,Other,FAQ,1900,2300,2150,14-Jul-19
232,Nashik,Sinner,Wheat,Other,FAQ,1950,2081,1980,10-Jul-19
233,Nashik,Sinner,Wheat,Other,FAQ,2000,2180,2031,7-Jul-19
234,Nashik,Sinner,Wheat,Other,FAQ,1998,1998,1998,4-Jul-19
235,Nashik,Sinner,Wheat,Other,FAQ,1960,2181,2100,3-Jul-19
236,Nashik,Sinner,Wheat,Other,FAQ,2000,2108,2081,1-Jul-19
237,Nashik,Sinner,Wheat,Other,FAQ,1947,2204,2162,30-Jun-19
238,Nashik,Sinner,Wheat,Other,FAQ,2105,2105,2105,27-Jun-19
239,Nashik,Sinner,Wheat,Other,FAQ,1920,2100,1989,26-Jun-19
240,Nashik,Sinner,Wheat,Other,FAQ,1850,2056,1850,24-Jun-19
241,Nashik,Sinner,Wheat,Other,FAQ,1991,2125,2016,23-Jun-19
242,Nashik,Sinner,Wheat,Other,FAQ,1800,1800,1800,20-Jun-19
243,Nashik,Sinner,Wheat,Other,FAQ,1715,1925,1900,19-Jun-19
244,Nashik,Sinner,Wheat,Other,FAQ,2000,2000,2000,17-Jun-19
245,Nashik,Sinner,Wheat,Other,FAQ,1951,2190,2100,16-Jun-19
246,Nashik,Sinner,Wheat,Other,FAQ,1935,1935,1935,14-Jun-19
247,Nashik,Sinner,Wheat,Other,FAQ,1912,1995,1980,13-Jun-19
248,Nashik,Sinner,Wheat,Other,FAQ,1930,1930,1930,12-Jun-19
249,Nashik,Sinner,Wheat,Other,FAQ,1900,2021,2000,10-Jun-19
250,Nashik,Sinner,Wheat,Other,FAQ,1810,2045,1971,9-Jun-19
251,Nashik,Sinner,Wheat,Other,FAQ,2120,2120,2120,7-Jun-19
252,Nashik,Sinner,Wheat,Other,FAQ,1900,2200,2160,2-Jun-19
253,Nashik,Sinner,Wheat,Other,FAQ,2201,2201,2201,31-May-19
254,Nashik,Sinner,Wheat,Other,FAQ,1949,1949,1949,30-May-19
255,Nashik,Sinner,Wheat,Other,FAQ,1925,2170,2100,29-May-19
256,Nashik,Sinner,Wheat,Other,FAQ,2000,2151,2085,27-May-19
257,Nashik,Sinner,Wheat,Other,FAQ,1850,2151,1940,26-May-19
258,Nashik,Sinner,Wheat,Other,FAQ,1951,1951,1951,24-May-19
259,Nashik,Sinner,Wheat,Other,FAQ,1900,1900,1900,20-May-19
260,Nashik,Sinner,Wheat,Other,FAQ,1801,2100,1829,13-May-19
261,Nashik,Sinner,Wheat,Other,FAQ,1800,2100,1900,12-May-19
262,Nashik,Sinner,Wheat,Other,FAQ,1800,1975,1876,9-May-19
263,Nashik,Sinner,Wheat,Other,FAQ,1800,2150,2090,8-May-19
264,Nashik,Sinner,Wheat,Other,FAQ,1861,1861,1861,25-Apr-19
265,Nashik,Sinner,Wheat,Other,FAQ,1825,2100,1970,24-Apr-19
266,Nashik,Sinner,Wheat,Other,FAQ,1675,2180,2090,21-Apr-19
267,Nashik,Sinner,Wheat,Other,FAQ,1800,2025,1800,19-Apr-19
268,Nashik,Sinner,Wheat,Other,FAQ,1800,2201,2000,10-Apr-19
269,Nashik,Sinner,Wheat,Other,FAQ,1700,1810,1790,8-Apr-19
270,Nashik,Sinner,Wheat,Other,FAQ,1600,1960,1895,7-Apr-19
271,Nashik,Sinner,Wheat,Other,FAQ,1821,2200,1966,4-Apr-19
272,Nashik,Sinner,Wheat,Other,FAQ,1851,1851,1851,3-Apr-19
273,Nashik,Sinner,Wheat,Other,FAQ,1900,2081,1976,27-Mar-19
274,Nashik,Sinner,Wheat,Other,FAQ,1750,2065,2000,25-Mar-19
275,Nashik,Sinner,Wheat,Other,FAQ,1905,2200,2120,24-Mar-19
276,Nashik,Sinner,Wheat,Other,FAQ,1910,2090,1930,18-Mar-19
277,Nashik,Sinner,Wheat,Other,FAQ,1950,2190,2000,17-Mar-19
278,Nashik,Sinner,Wheat,Other,FAQ,2210,2210,2210,15-Mar-19
279,Nashik,Sinner,Wheat,Other,FAQ,1900,2233,2050,14-Mar-19
280,Nashik,Sinner,Wheat,Other,FAQ,1905,2291,2200,13-Mar-19
281,Nashik,Sinner,Wheat,Other,FAQ,1831,2261,2200,11-Mar-19
282,Nashik,Sinner,Wheat,Other,FAQ,1960,2223,2000,10-Mar-19
283,Nashik,Sinner,Wheat,Other,FAQ,2144,2144,2144,8-Mar-19
284,Nashik,Sinner,Wheat,Other,FAQ,1900,2090,1975,7-Mar-19
285,Nashik,Sinner,Wheat,Other,FAQ,1898,2180,1930,6-Mar-19
286,Nashik,Sinner,Wheat,Other,FAQ,1926,2291,2150,3-Mar-19
287,Nashik,Sinner,Wheat,Other,FAQ,1950,1950,1950,1-Mar-19
288,Nashik,Sinner,Wheat,Other,FAQ,1925,2125,2100,27-Feb-19
289,Nashik,Sinner,Wheat,Other,FAQ,2003,2325,2150,25-Feb-19
290,Nashik,Sinner,Wheat,Other,FAQ,1950,2323,2200,24-Feb-19
291,Nashik,Sinner,Wheat,Other,FAQ,1975,2452,2360,22-Feb-19
292,Nashik,Sinner,Wheat,Other,FAQ,2012,2020,2015,21-Feb-19
293,Nashik,Sinner,Wheat,Other,FAQ,2100,2276,2200,20-Feb-19
294,Nashik,Sinner,Wheat,Other,FAQ,2225,2390,2300,17-Feb-19
295,Nashik,Sinner,Wheat,Other,FAQ,2170,2170,2170,14-Feb-19
296,Nashik,Sinner,Wheat,Other,FAQ,2025,2300,2265,13-Feb-19
297,Nashik,Sinner,Wheat,Other,FAQ,2346,2451,2420,11-Feb-19
298,Nashik,Sinner,Wheat,Other,FAQ,2005,2400,2355,10-Feb-19
299,Nashik,Sinner,Wheat,Other,FAQ,2000,2000,2000,7-Feb-19
300,Nashik,Sinner,Wheat,Other,FAQ,2001,2406,2300,6-Feb-19
301,Nashik,Sinner,Wheat,Other,FAQ,2255,2255,2255,4-Feb-19
302,Nashik,Sinner,Wheat,Other,FAQ,2030,2374,2200,3-Feb-19
303,Nashik,Sinner,Wheat,Other,FAQ,2000,2000,2000,1-Feb-19
304,Nashik,Sinner,Wheat,Other,FAQ,1986,2425,2180,31-Jan-19
305,Nashik,Sinner,Wheat,Other,FAQ,2168,2406,2280,30-Jan-19
306,Nashik,Sinner,Wheat,Other,FAQ,2065,2371,2226,28-Jan-19
307,Nashik,Sinner,Wheat,Other,FAQ,2035,2400,2370,27-Jan-19
308,Nashik,Sinner,Wheat,Other,FAQ,2021,2021,2021,25-Jan-19
309,Nashik,Sinner,Wheat,Other,FAQ,2000,2100,2030,24-Jan-19
310,Nashik,Sinner,Wheat,Other,FAQ,2100,2425,2360,23-Jan-19
311,Nashik,Sinner,Wheat,Other,FAQ,2271,2381,2300,20-Jan-19
312,Nashik,Sinner,Wheat,Other,FAQ,2175,2370,2299,13-Jan-19
313,Nashik,Sinner,Wheat,Other,FAQ,2160,2160,2160,11-Jan-19
314,Nashik,Sinner,Wheat,Other,FAQ,1950,2451,2450,10-Jan-19
315,Nashik,Sinner,Wheat,Other,FAQ,2000,2246,2101,9-Jan-19
316,Nashik,Sinner,Wheat,Other,FAQ,2090,2280,2199,4-Jan-19
317,Nashik,Sinner,Wheat,Other,FAQ,2075,2266,2160,3-Jan-19
318,Nashik,Sinner,Wheat,Other,FAQ,2275,2500,2375,31-Dec-18
319,Nashik,Sinner,Wheat,Other,FAQ,2151,2400,2301,30-Dec-18
320,Nashik,Sinner,Wheat,Other,FAQ,2460,2460,2460,28-Dec-18
321,Nashik,Sinner,Wheat,Other,FAQ,2000,2151,2050,27-Dec-18
322,Nashik,Sinner,Wheat,Other,FAQ,2007,2449,2180,24-Dec-18
323,Nashik,Sinner,Wheat,Other,FAQ,2000,2495,2380,23-Dec-18
324,Nashik,Sinner,Wheat,Other,FAQ,2225,2225,2225,21-Dec-18
325,Nashik,Sinner,Wheat,Other,FAQ,2000,2300,2280,20-Dec-18
326,Nashik,Sinner,Wheat,Other,FAQ,2025,2375,2350,19-Dec-18
327,Nashik,Sinner,Wheat,Other,FAQ,2001,2361,2300,17-Dec-18
328,Nashik,Sinner,Wheat,Other,FAQ,2070,2450,2300,16-Dec-18
329,Nashik,Sinner,Wheat,Other,FAQ,2225,2225,2225,14-Dec-18
330,Nashik,Sinner,Wheat,Other,FAQ,2195,2352,2300,12-Dec-18
331,Nashik,Sinner,Wheat,Other,FAQ,1900,2425,2300,10-Dec-18
332,Nashik,Sinner,Wheat,Other,FAQ,2051,2476,2350,9-Dec-18
333,Nashik,Sinner,Wheat,Other,FAQ,2370,2370,2370,7-Dec-18
334,Nashik,Sinner,Wheat,Other,FAQ,2350,2401,2380,6-Dec-18
335,Nashik,Sinner,Wheat,Other,FAQ,2111,2490,2300,5-Dec-18
336,Nashik,Sinner,Wheat,Other,FAQ,2200,2399,2290,3-Dec-18
337,Nashik,Sinner,Wheat,Other,FAQ,2100,2415,2296,2-Dec-18
338,Nashik,Sinner,Wheat,Other,FAQ,2085,2400,2300,29-Nov-18
339,Nashik,Sinner,Wheat,Other,FAQ,2125,2350,2250,28-Nov-18
340,Nashik,Sinner,Wheat,Other,FAQ,1851,2473,2250,26-Nov-18
341,Nashik,Sinner,Wheat,Other,FAQ,2076,2445,2250,25-Nov-18
342,Nashik,Sinner,Wheat,Other,FAQ,2000,2301,2200,22-Nov-18
343,Nashik,Sinner,Wheat,Other,FAQ,2100,2406,2250,21-Nov-18
344,Nashik,Sinner,Wheat,Other,FAQ,2151,2395,2200,19-Nov-18
345,Nashik,Sinner,Wheat,Other,FAQ,2086,2432,2200,18-Nov-18
346,Nashik,Sinner,Wheat,Other,FAQ,2125,2125,2125,16-Nov-18
347,Nashik,Sinner,Wheat,Other,FAQ,2025,2376,2126,15-Nov-18
348,Nashik,Sinner,Wheat,Other,FAQ,2080,2410,2180,14-Nov-18
349,Nashik,Sinner,Wheat,Other,FAQ,2100,2350,2200,12-Nov-18
350,Nashik,Sinner,Wheat,Other,FAQ,2000,2351,2155,11-Nov-18
351,Nashik,Sinner,Wheat,Other,FAQ,2000,2300,2100,31-Oct-18
352,Nashik,Sinner,Wheat,Other,FAQ,2001,2350,2200,29-Oct-18
353,Nashik,Sinner,Wheat,Other,FAQ,1985,2431,2300,28-Oct-18
354,Nashik,Sinner,Wheat,Other,FAQ,1990,1990,1990,26-Oct-18
355,Nashik,Sinner,Wheat,Other,FAQ,2100,2525,2300,25-Oct-18
356,Nashik,Sinner,Wheat,Other,FAQ,2050,2426,2300,24-Oct-18
357,Nashik,Sinner,Wheat,Other,FAQ,2100,2301,2201,22-Oct-18
358,Nashik,Sinner,Wheat,Other,FAQ,1941,1941,1941,21-Oct-18
359,Nashik,Sinner,Wheat,Other,FAQ,2016,2375,2200,17-Oct-18
360,Nashik,Sinner,Wheat,Other,FAQ,2000,2200,2050,15-Oct-18
361,Nashik,Sinner,Wheat,Other,FAQ,1700,2125,1996,14-Oct-18
362,Nashik,Sinner,Wheat,Other,FAQ,1876,2296,2100,11-Oct-18
363,Nashik,Sinner,Wheat,Other,FAQ,1876,2296,2100,10-Oct-18
364,Nashik,Sinner,Wheat,Other,FAQ,2080,2200,2120,8-Oct-18
365,Nashik,Sinner,Wheat,Other,FAQ,1701,2200,2100,7-Oct-18
366,Nashik,Sinner,Wheat,Other,FAQ,1971,2200,2021,4-Oct-18
367,Nashik,Sinner,Wheat,Other,FAQ,1980,2108,2075,3-Oct-18
368,Nashik,Sinner,Wheat,Other,FAQ,1900,2050,1950,1-Oct-18
369,Nashik,Sinner,Wheat,Other,FAQ,2000,2151,2100,30-Sep-18
370,Nashik,Sinner,Wheat,Other,FAQ,1970,2181,2050,27-Sep-18
371,Nashik,Sinner,Wheat,Other,FAQ,1931,2141,2000,26-Sep-18
372,Nashik,Sinner,Wheat,Other,FAQ,1900,2225,2080,24-Sep-18
373,Nashik,Sinner,Wheat,Other,FAQ,1800,2071,1900,20-Sep-18
374,Nashik,Sinner,Wheat,Other,FAQ,1900,2001,1950,19-Sep-18
375,Nashik,Sinner,Wheat,Other,FAQ,1930,2100,2050,17-Sep-18
376,Nashik,Sinner,Wheat,Other,FAQ,1900,2160,2070,16-Sep-18
377,Nashik,Sinner,Wheat,Other,FAQ,1940,2115,2050,14-Sep-18
378,Nashik,Sinner,Wheat,Other,FAQ,2052,2052,2052,12-Sep-18
379,Nashik,Sinner,Wheat,Other,FAQ,1740,2075,1980,10-Sep-18
380,Nashik,Sinner,Wheat,Other,FAQ,2010,2010,2010,7-Sep-18
381,Nashik,Sinner,Wheat,Other,FAQ,1800,2161,1950,6-Sep-18
382,Nashik,Sinner,Wheat,Other,FAQ,2018,2260,2176,5-Sep-18
383,Nashik,Sinner,Wheat,Other,FAQ,1951,2175,2000,2-Sep-18
384,Nashik,Sinner,Wheat,Other,FAQ,1950,2070,2020,31-Aug-18
385,Nashik,Sinner,Wheat,Other,FAQ,1940,2036,2000,30-Aug-18
386,Nashik,Sinner,Wheat,Other,FAQ,1955,1955,1955,29-Aug-18
387,Nashik,Sinner,Wheat,Other,FAQ,1601,2181,2050,23-Aug-18
388,Nashik,Sinner,Wheat,Other,FAQ,1936,2020,2000,20-Aug-18
389,Nashik,Sinner,Wheat,Other,FAQ,1740,2131,2050,19-Aug-18
390,Nashik,Sinner,Wheat,Other,FAQ,1951,2076,2000,17-Aug-18
391,Nashik,Sinner,Wheat,Other,FAQ,1961,2191,2050,16-Aug-18
392,Nashik,Sinner,Wheat,Other,FAQ,2060,2125,2100,13-Aug-18
393,Nashik,Sinner,Wheat,Other,FAQ,1900,2200,2050,12-Aug-18
394,Nashik,Sinner,Wheat,Other,FAQ,1920,2101,2050,10-Aug-18
395,Nashik,Sinner,Wheat,Other,FAQ,1950,2201,2100,8-Aug-18
396,Nashik,Sinner,Wheat,Other,FAQ,1751,2115,2050,6-Aug-18
397,Nashik,Sinner,Wheat,Other,FAQ,2000,2100,2070,5-Aug-18
398,Nashik,Sinner,Wheat,Other,FAQ,2100,2100,2100,3-Aug-18
399,Nashik,Sinner,Wheat,Other,FAQ,1940,2200,2100,2-Aug-18
400,Nashik,Sinner,Wheat,Other,FAQ,2000,2151,2050,1-Aug-18
401,Nashik,Sinner,Wheat,Other,FAQ,1930,2070,2000,30-Jul-18
402,Nashik,Sinner,Wheat,Other,FAQ,1931,2076,2000,29-Jul-18
403,Nashik,Sinner,Wheat,Other,FAQ,1900,2071,2000,26-Jul-18
404,Nashik,Sinner,Wheat,Other,FAQ,1900,2075,1960,25-Jul-18
405,Nashik,Sinner,Wheat,Other,FAQ,1700,2070,1980,22-Jul-18
406,Nashik,Sinner,Wheat,Other,FAQ,1900,2045,1946,20-Jul-18
407,Nashik,Sinner,Wheat,Other,FAQ,1951,2190,2060,18-Jul-18
408,Nashik,Sinner,Wheat,Other,FAQ,1900,2050,2000,16-Jul-18
409,Nashik,Sinner,Wheat,Other,FAQ,1831,2125,2050,15-Jul-18
410,Nashik,Sinner,Wheat,Other,FAQ,1751,1751,1751,13-Jul-18
411,Nashik,Sinner,Wheat,Other,FAQ,1950,2086,2040,12-Jul-18
412,Nashik,Sinner,Wheat,Other,FAQ,1870,1925,1890,11-Jul-18
413,Nashik,Sinner,Wheat,Other,FAQ,1790,2000,1896,9-Jul-18
414,Nashik,Sinner,Wheat,Other,FAQ,1790,1900,1840,8-Jul-18
415,Nashik,Sinner,Wheat,Other,FAQ,1746,1825,1780,5-Jul-18
416,Nashik,Sinner,Wheat,Other,FAQ,1771,1882,1800,4-Jul-18
417,Nashik,Sinner,Wheat,Other,FAQ,1700,1806,1785,2-Jul-18
418,Nashik,Sinner,Wheat,Other,FAQ,1748,1890,1780,1-Jul-18
419,Nashik,Sinner,Wheat,Other,FAQ,1781,1781,1781,29-Jun-18
420,Nashik,Sinner,Wheat,Other,FAQ,1771,1950,1800,28-Jun-18
421,Nashik,Sinner,Wheat,Other,FAQ,1731,1819,1770,27-Jun-18
422,Nashik,Sinner,Wheat,Other,FAQ,1740,2001,1775,25-Jun-18
423,Nashik,Sinner,Wheat,Other,FAQ,1770,1840,1800,24-Jun-18
424,Nashik,Sinner,Wheat,Other,FAQ,1825,1825,1825,22-Jun-18
425,Nashik,Sinner,Wheat,Other,FAQ,1636,1875,1800,21-Jun-18
426,Nashik,Sinner,Wheat,Other,FAQ,1681,1911,1750,20-Jun-18
427,Nashik,Sinner,Wheat,Other,FAQ,1725,1793,1753,18-Jun-18
428,Nashik,Sinner,Wheat,Other,FAQ,1726,1950,1780,17-Jun-18
429,Nashik,Sinner,Wheat,Other,FAQ,1722,1951,1770,14-Jun-18
430,Nashik,Sinner,Wheat,Other,FAQ,1700,1820,1770,13-Jun-18
431,Nashik,Sinner,Wheat,Other,FAQ,1811,2041,1900,11-Jun-18
432,Nashik,Sinner,Wheat,Other,FAQ,1400,1801,1700,3-Jun-18
433,Nashik,Sinner,Wheat,Other,FAQ,1760,2051,1770,31-May-18
434,Nashik,Sinner,Wheat,Other,FAQ,1300,1930,1840,30-May-18
435,Nashik,Sinner,Wheat,Other,FAQ,1700,2015,1770,28-May-18
436,Nashik,Sinner,Wheat,Other,FAQ,1551,1950,1770,27-May-18
437,Nashik,Sinner,Wheat,Other,FAQ,1731,2200,1800,25-May-18
438,Nashik,Sinner,Wheat,Other,FAQ,1651,2005,1796,24-May-18
439,Nashik,Sinner,Wheat,Other,FAQ,1740,1805,1756,23-May-18
440,Nashik,Sinner,Wheat,Other,FAQ,1200,1861,1750,21-May-18
441,Nashik,Sinner,Wheat,Other,FAQ,1680,1810,1750,20-May-18
442,Nashik,Sinner,Wheat,Other,FAQ,1700,1751,1730,18-May-18
443,Nashik,Sinner,Wheat,Other,FAQ,1710,1890,1750,17-May-18
444,Nashik,Sinner,Wheat,Other,FAQ,1700,1919,1770,16-May-18
445,Nashik,Sinner,Wheat,Other,FAQ,1685,1863,1760,14-May-18
446,Nashik,Sinner,Wheat,Other,FAQ,1701,1851,1750,13-May-18
447,Nashik,Sinner,Wheat,Other,FAQ,1700,1775,1770,11-May-18
448,Nashik,Sinner,Wheat,Other,FAQ,1700,1851,1760,10-May-18
449,Nashik,Sinner,Wheat,Other,FAQ,1700,1836,1760,9-May-18
450,Nashik,Sinner,Wheat,Other,FAQ,1625,1775,1700,7-May-18
451,Nashik,Sinner,Wheat,Other,FAQ,1711,1850,1750,6-May-18
452,Nashik,Sinner,Wheat,Other,FAQ,1714,1856,1770,4-May-18
453,Nashik,Sinner,Wheat,Other,FAQ,1686,1870,1775,3-May-18
454,Nashik,Sinner,Wheat,Other,FAQ,1680,1820,1720,2-May-18
455,Nashik,Sinner,Wheat,Other,FAQ,1550,1793,1700,30-Apr-18
456,Nashik,Sinner,Wheat,Other,FAQ,1500,1731,1680,29-Apr-18
457,Nashik,Sinner,Wheat,Other,FAQ,1600,1675,1650,27-Apr-18
458,Nashik,Sinner,Wheat,Other,FAQ,1651,1816,1750,26-Apr-18
459,Nashik,Sinner,Wheat,Other,FAQ,1620,1660,1642,25-Apr-18
460,Nashik,Sinner,Wheat,Other,FAQ,1600,1755,1620,23-Apr-18
461,Nashik,Sinner,Wheat,Other,FAQ,1500,1776,1640,22-Apr-18
462,Nashik,Sinner,Wheat,Other,FAQ,1526,1810,1700,20-Apr-18
463,Nashik,Sinner,Wheat,Other,FAQ,1625,1666,1650,19-Apr-18
464,Nashik,Sinner,Wheat,Other,FAQ,1400,1850,1700,18-Apr-18
465,Nashik,Sinner,Wheat,Other,FAQ,1593,1777,1650,15-Apr-18
466,Nashik,Sinner,Wheat,Other,FAQ,1609,1850,1650,13-Apr-18
467,Nashik,Sinner,Wheat,Other,FAQ,1590,1801,1650,12-Apr-18
468,Nashik,Sinner,Wheat,Other,FAQ,1600,1836,1630,9-Apr-18
469,Nashik,Sinner,Wheat,Other,FAQ,1566,1748,1630,8-Apr-18
470,Nashik,Sinner,Wheat,Other,FAQ,1601,1851,1650,6-Apr-18
471,Nashik,Sinner,Wheat,Other,FAQ,1351,1751,1640,5-Apr-18
472,Nashik,Sinner,Wheat,Other,FAQ,1600,1755,1630,4-Apr-18
473,Nashik,Sinner,Wheat,Other,FAQ,1600,1660,1640,2-Apr-18
474,Nashik,Sinner,Wheat,Other,FAQ,1585,1739,1640,26-Mar-18
475,Nashik,Sinner,Wheat,Other,FAQ,1670,1832,1720,23-Mar-18
476,Nashik,Sinner,Wheat,Other,FAQ,1600,1930,1720,22-Mar-18
477,Nashik,Sinner,Wheat,Other,FAQ,1676,1800,1720,21-Mar-18
478,Nashik,Sinner,Wheat,Other,FAQ,1650,1815,1775,19-Mar-18
479,Nashik,Sinner,Wheat,Other,FAQ,1709,1813,1780,16-Mar-18
480,Nashik,Sinner,Wheat,Other,FAQ,1730,1901,1780,15-Mar-18
481,Nashik,Sinner,Wheat,Other,FAQ,1699,1826,1750,14-Mar-18
482,Nashik,Sinner,Wheat,Other,FAQ,1680,1922,1750,12-Mar-18
483,Nashik,Sinner,Wheat,Other,FAQ,1660,1900,1700,11-Mar-18
484,Nashik,Sinner,Wheat,Other,FAQ,1672,1870,1740,9-Mar-18
485,Nashik,Sinner,Wheat,Other,FAQ,1640,1859,1670,8-Mar-18
486,Nashik,Sinner,Wheat,Other,FAQ,1665,1770,1720,7-Mar-18
487,Nashik,Sinner,Wheat,Other,FAQ,1694,1857,1750,5-Mar-18
488,Nashik,Sinner,Wheat,Other,FAQ,1695,1833,1750,4-Mar-18
489,Nashik,Sinner,Wheat,Other,FAQ,1696,1877,1740,28-Feb-18
490,Nashik,Sinner,Wheat,Other,FAQ,1718,1860,1740,26-Feb-18
491,Nashik,Sinner,Wheat,Other,FAQ,1740,1976,1751,25-Feb-18
492,Nashik,Sinner,Wheat,Other,FAQ,1728,1826,1760,23-Feb-18
493,Nashik,Sinner,Wheat,Other,FAQ,1719,1852,1760,22-Feb-18
494,Nashik,Sinner,Wheat,Other,FAQ,1500,1901,1740,21-Feb-18
495,Nashik,Sinner,Wheat,Other,FAQ,1690,1843,1720,18-Feb-18
496,Nashik,Sinner,Wheat,Other,FAQ,1681,1799,1710,16-Feb-18
497,Nashik,Sinner,Wheat,Other,FAQ,1651,1768,1700,15-Feb-18
498,Nashik,Sinner,Wheat,Other,FAQ,1650,1700,1663,14-Feb-18
499,Nashik,Sinner,Wheat,Other,FAQ,1641,1700,1650,12-Feb-18
500,Nashik,Sinner,Wheat,Other,FAQ,1550,1797,1690,11-Feb-18
501,Nashik,Sinner,Wheat,Other,FAQ,1642,1751,1656,9-Feb-18
502,Nashik,Sinner,Wheat,Other,FAQ,1600,1700,1650,8-Feb-18
503,Nashik,Sinner,Wheat,Other,FAQ,1600,1773,1670,7-Feb-18
504,Nashik,Sinner,Wheat,Other,FAQ,1638,1701,1650,4-Feb-18
505,Nashik,Sinner,Wheat,Other,FAQ,1600,1707,1675,1-Feb-18
506,Nashik,Sinner,Wheat,Other,FAQ,1600,1730,1685,31-Jan-18
507,Nashik,Sinner,Wheat,Other,FAQ,1665,1744,1700,29-Jan-18
508,Nashik,Sinner,Wheat,Other,FAQ,1600,1736,1693,28-Jan-18
509,Nashik,Sinner,Wheat,Other,FAQ,1600,1712,1653,25-Jan-18
510,Nashik,Sinner,Wheat,Other,FAQ,1400,1711,1680,24-Jan-18
511,Nashik,Sinner,Wheat,Other,FAQ,1680,1796,1720,22-Jan-18
512,Nashik,Sinner,Wheat,Other,FAQ,1680,1840,1740,21-Jan-18
513,Nashik,Sinner,Wheat,Other,FAQ,1691,1866,1740,19-Jan-18
514,Nashik,Sinner,Wheat,Other,FAQ,1691,1866,1740,18-Jan-18
515,Nashik,Sinner,Wheat,Other,FAQ,1671,1837,1740,17-Jan-18
516,Nashik,Sinner,Wheat,Other,FAQ,1700,1870,1750,14-Jan-18
517,Nashik,Sinner,Wheat,Other,FAQ,1600,1850,1720,11-Jan-18
518,Nashik,Sinner,Wheat,Other,FAQ,1600,1885,1750,10-Jan-18
519,Nashik,Sinner,Wheat,Other,FAQ,1665,1795,1685,28-Dec-17
520,Nashik,Sinner,Wheat,Other,FAQ,1631,1690,1660,27-Dec-17
521,Nashik,Sinner,Wheat,Other,FAQ,1575,1718,1640,24-Dec-17
522,Nashik,Sinner,Wheat,Other,FAQ,1653,1834,1666,22-Dec-17
523,Nashik,Sinner,Wheat,Other,FAQ,1650,1699,1660,21-Dec-17
524,Nashik,Sinner,Wheat,Other,FAQ,1626,1756,1655,20-Dec-17
525,Nashik,Sinner,Wheat,Other,FAQ,1652,1809,1660,18-Dec-17
526,Nashik,Sinner,Wheat,Other,FAQ,1647,1721,1660,17-Dec-17
527,Nashik,Sinner,Wheat,Other,FAQ,1646,1735,1650,15-Dec-17
528,Nashik,Sinner,Wheat,Other,FAQ,1639,1780,1650,14-Dec-17
529,Nashik,Sinner,Wheat,Other,FAQ,1600,1700,1666,13-Dec-17
530,Nashik,Sinner,Wheat,Other,FAQ,1640,1654,1648,11-Dec-17
531,Nashik,Sinner,Wheat,Other,FAQ,1647,1800,1660,10-Dec-17
532,Nashik,Sinner,Wheat,Other,FAQ,1643,1738,1660,7-Dec-17
533,Nashik,Sinner,Wheat,Other,FAQ,1648,1760,1660,6-Dec-17
534,Nashik,Sinner,Wheat,Other,FAQ,1658,1801,1665,3-Dec-17
535,Nashik,Sinner,Wheat,Other,FAQ,1661,1661,1661,2-Dec-17
536,Nashik,Sinner,Wheat,Other,FAQ,1666,1705,1675,30-Nov-17
537,Nashik,Sinner,Wheat,Other,FAQ,1650,1673,1670,29-Nov-17
538,Nashik,Sinner,Wheat,Other,FAQ,1611,1635,1620,28-Nov-17
539,Nashik,Sinner,Wheat,Other,FAQ,1650,1749,1670,27-Nov-17
540,Nashik,Sinner,Wheat,Other,FAQ,1660,1750,1670,26-Nov-17
541,Nashik,Sinner,Wheat,Other,FAQ,1655,1725,1670,24-Nov-17
542,Nashik,Sinner,Wheat,Other,FAQ,1400,1686,1660,23-Nov-17
543,Nashik,Sinner,Wheat,Other,FAQ,1528,1702,1660,22-Nov-17
544,Nashik,Sinner,Wheat,Other,FAQ,1655,1684,1668,20-Nov-17
545,Nashik,Sinner,Wheat,Other,FAQ,1600,1717,1684,19-Nov-17
546,Nashik,Sinner,Wheat,Other,FAQ,1670,1767,1688,17-Nov-17
547,Nashik,Sinner,Wheat,Other,FAQ,1660,1754,1680,16-Nov-17
548,Nashik,Sinner,Wheat,Other,FAQ,1665,1723,1680,15-Nov-17
549,Nashik,Sinner,Wheat,Other,FAQ,1600,1721,1692,13-Nov-17
550,Nashik,Sinner,Wheat,Other,FAQ,1600,1720,1684,12-Nov-17
551,Nashik,Sinner,Wheat,Other,FAQ,1600,1731,1692,10-Nov-17
552,Nashik,Sinner,Wheat,Other,FAQ,1630,1758,1680,9-Nov-17
553,Nashik,Sinner,Wheat,Other,FAQ,1640,1800,1660,8-Nov-17
554,Nashik,Sinner,Wheat,Other,FAQ,1640,1742,1650,6-Nov-17
555,Nashik,Sinner,Wheat,Other,FAQ,1550,1671,1640,5-Nov-17
556,Nashik,Sinner,Wheat,Other,FAQ,1620,1672,1630,3-Nov-17
557,Nashik,Sinner,Wheat,Other,FAQ,1600,1714,1640,2-Nov-17
558,Nashik,Sinner,Wheat,Other,FAQ,1575,1623,1610,28-Sep-17
559,Nashik,Sinner,Wheat,Other,FAQ,1609,1643,1620,27-Sep-17
560,Nashik,Sinner,Wheat,Other,FAQ,1605,1660,1640,21-Sep-17
561,Nashik,Sinner,Wheat,Other,FAQ,1585,1692,1640,18-Sep-17
562,Nashik,Sinner,Wheat,Other,FAQ,1601,1672,1640,17-Sep-17
563,Nashik,Sinner,Wheat,Other,FAQ,1631,1670,1640,15-Sep-17
564,Nashik,Sinner,Wheat,Other,FAQ,1618,1760,1650,14-Sep-17
565,Nashik,Sinner,Wheat,Other,FAQ,1600,1701,1640,13-Sep-17
566,Nashik,Sinner,Wheat,Other,FAQ,1635,1719,1680,11-Sep-17
567,Nashik,Sinner,Wheat,Other,FAQ,1631,1740,1680,10-Sep-17
568,Nashik,Sinner,Wheat,Other,FAQ,1666,1680,1675,8-Sep-17
569,Nashik,Sinner,Wheat,Other,FAQ,1664,1713,1690,7-Sep-17
570,Nashik,Sinner,Wheat,Other,FAQ,1645,1717,1680,6-Sep-17
571,Nashik,Sinner,Wheat,Other,FAQ,1663,1701,1690,4-Sep-17
572,Nashik,Sinner,Wheat,Other,FAQ,1660,1835,1730,3-Sep-17
573,Nashik,Sinner,Wheat,Other,FAQ,1698,1771,1720,1-Sep-17
574,Nashik,Sinner,Wheat,Other,FAQ,1688,1750,1720,31-Aug-17
575,Nashik,Sinner,Wheat,Other,FAQ,1680,1821,1710,30-Aug-17
576,Nashik,Sinner,Wheat,Other,FAQ,1675,1722,1700,28-Aug-17
577,Nashik,Sinner,Wheat,Other,FAQ,1661,1800,1700,27-Aug-17
578,Nashik,Sinner,Wheat,Other,FAQ,1689,1718,1705,24-Aug-17
579,Nashik,Sinner,Wheat,Other,FAQ,1695,1721,1705,23-Aug-17
580,Nashik,Sinner,Wheat,Other,FAQ,1686,1750,1700,20-Aug-17
581,Nashik,Sinner,Wheat,Other,FAQ,1688,1710,1700,18-Aug-17
582,Nashik,Sinner,Wheat,Other,FAQ,1688,1776,1700,17-Aug-17
583,Nashik,Sinner,Wheat,Other,FAQ,1661,1709,1690,16-Aug-17
584,Nashik,Sinner,Wheat,Other,FAQ,1694,1694,1694,14-Aug-17
585,Nashik,Sinner,Wheat,Other,FAQ,1671,1763,1700,13-Aug-17
586,Nashik,Sinner,Wheat,Other,FAQ,1199,1722,1680,10-Aug-17
587,Nashik,Sinner,Wheat,Other,FAQ,1671,1714,1713,9-Aug-17
588,Nashik,Sinner,Wheat,Other,FAQ,1501,1717,1690,6-Aug-17
589,Nashik,Sinner,Wheat,Other,FAQ,1850,1850,1850,4-Aug-17
590,Nashik,Sinner,Wheat,Other,FAQ,1696,1759,1730,2-Aug-17
591,Nashik,Sinner,Wheat,Other,FAQ,1700,1850,1750,31-Jul-17
592,Nashik,Sinner,Wheat,Other,FAQ,1701,1801,1760,30-Jul-17
593,Nashik,Sinner,Wheat,Other,FAQ,1715,1715,1715,27-Jul-17
594,Nashik,Sinner,Wheat,Other,FAQ,1661,1715,1690,26-Jul-17
595,Nashik,Sinner,Wheat,Other,FAQ,1650,1786,1690,24-Jul-17
596,Nashik,Sinner,Wheat,Other,FAQ,1401,1766,1670,23-Jul-17
597,Nashik,Sinner,Wheat,Other,FAQ,1631,1647,1640,21-Jul-17
598,Nashik,Sinner,Wheat,Other,FAQ,1635,1647,1645,20-Jul-17
599,Nashik,Sinner,Wheat,Other,FAQ,1625,1840,1640,19-Jul-17
600,Nashik,Sinner,Wheat,Other,FAQ,1633,1641,1637,17-Jul-17
601,Nashik,Sinner,Wheat,Other,FAQ,1630,1750,1650,16-Jul-17
602,Nashik,Sinner,Wheat,Other,FAQ,1550,1650,1600,14-Jul-17
603,Nashik,Sinner,Wheat,Other,FAQ,1620,1661,1630,13-Jul-17
604,Nashik,Sinner,Wheat,Other,FAQ,1625,1674,1630,12-Jul-17
605,Nashik,Sinner,Wheat,Other,FAQ,1625,1750,1640,10-Jul-17
606,Nashik,Sinner,Wheat,Other,FAQ,1620,1742,1630,9-Jul-17
607,Nashik,Sinner,Wheat,Other,FAQ,1601,1637,1633,7-Jul-17
608,Nashik,Sinner,Wheat,Other,FAQ,1610,1835,1650,6-Jul-17
609,Nashik,Sinner,Wheat,Other,FAQ,1596,1726,1620,5-Jul-17
610,Nashik,Sinner,Wheat,Other,FAQ,1000,1667,1620,3-Jul-17
611,Nashik,Sinner,Wheat,Other,FAQ,1619,1800,1630,2-Jul-17
612,Nashik,Sinner,Wheat,Other,FAQ,1625,1625,1625,30-Jun-17
613,Nashik,Sinner,Wheat,Other,FAQ,1615,1691,1620,29-Jun-17
614,Nashik,Sinner,Wheat,Other,FAQ,1200,1797,1650,28-Jun-17
615,Nashik,Sinner,Wheat,Other,FAQ,1607,1805,1700,26-Jun-17
616,Nashik,Sinner,Wheat,Other,FAQ,1400,1680,1610,25-Jun-17
617,Nashik,Sinner,Wheat,Other,FAQ,1598,1652,1620,23-Jun-17
618,Nashik,Sinner,Wheat,Other,FAQ,1580,1717,1630,22-Jun-17
619,Nashik,Sinner,Wheat,Other,FAQ,1560,1636,1600,21-Jun-17
620,Nashik,Sinner,Wheat,Other,FAQ,1565,1621,1590,19-Jun-17
621,Nashik,Sinner,Wheat,Other,FAQ,1570,1774,1630,18-Jun-17
622,Nashik,Sinner,Wheat,Other,FAQ,1590,1673,1630,16-Jun-17
623,Nashik,Sinner,Wheat,Other,FAQ,1586,1660,1610,15-Jun-17
624,Nashik,Sinner,Wheat,Other,FAQ,1583,1666,1630,14-Jun-17
625,Nashik,Sinner,Wheat,Other,FAQ,1560,1690,1610,12-Jun-17
626,Nashik,Sinner,Wheat,Other,FAQ,1571,1761,1610,11-Jun-17
627,Nashik,Sinner,Wheat,Other,FAQ,1615,1615,1615,31-May-17
628,Nashik,Sinner,Wheat,Other,FAQ,1551,1716,1620,29-May-17
629,Nashik,Sinner,Wheat,Other,FAQ,1550,1774,1610,28-May-17
630,Nashik,Sinner,Wheat,Other,FAQ,1581,1616,1600,26-May-17
631,Nashik,Sinner,Wheat,Other,FAQ,1500,1690,1610,25-May-17
632,Nashik,Sinner,Wheat,Other,FAQ,1560,1800,1630,24-May-17
633,Nashik,Sinner,Wheat,Other,FAQ,1530,1650,1600,22-May-17
634,Nashik,Sinner,Wheat,Other,FAQ,1576,1701,1630,19-May-17
635,Nashik,Sinner,Wheat,Other,FAQ,1568,1912,1700,18-May-17
636,Nashik,Sinner,Wheat,Other,FAQ,1570,1651,1590,15-May-17
637,Nashik,Sinner,Wheat,Other,FAQ,1555,1726,1620,14-May-17
638,Nashik,Sinner,Wheat,Other,FAQ,1585,1665,1600,12-May-17
639,Nashik,Sinner,Wheat,Other,FAQ,1560,1700,1580,11-May-17
640,Nashik,Sinner,Wheat,Other,FAQ,1400,1757,1640,10-May-17
641,Nashik,Sinner,Wheat,Other,FAQ,1550,1600,1580,8-May-17
642,Nashik,Sinner,Wheat,Other,FAQ,1451,1826,1580,7-May-17
643,Nashik,Sinner,Wheat,Other,FAQ,1562,1594,1562,5-May-17
644,Nashik,Sinner,Wheat,Other,FAQ,1225,1761,1570,4-May-17
645,Nashik,Sinner,Wheat,Other,FAQ,1500,1655,1550,3-May-17
646,Nashik,Sinner,Wheat,Other,FAQ,1550,1750,1585,30-Apr-17
647,Nashik,Sinner,Wheat,Other,FAQ,1570,1850,1660,27-Apr-17
648,Nashik,Sinner,Wheat,Other,FAQ,1560,1801,1601,26-Apr-17
649,Nashik,Sinner,Wheat,Other,FAQ,1556,1721,1610,24-Apr-17
650,Nashik,Sinner,Wheat,Other,FAQ,1516,1709,1570,23-Apr-17
651,Nashik,Sinner,Wheat,Other,FAQ,1516,1709,1570,21-Apr-17
652,Nashik,Sinner,Wheat,Other,FAQ,1550,1691,1600,20-Apr-17
653,Nashik,Sinner,Wheat,Other,FAQ,1505,1651,1550,17-Apr-17
654,Nashik,Sinner,Wheat,Other,FAQ,1500,1801,1580,16-Apr-17
655,Nashik,Sinner,Wheat,Other,FAQ,1411,1801,1600,13-Apr-17
656,Nashik,Sinner,Wheat,Other,FAQ,1501,1845,1600,12-Apr-17
657,Nashik,Sinner,Wheat,Other,FAQ,1540,1860,1600,9-Apr-17
658,Nashik,Sinner,Wheat,Other,FAQ,1550,1951,1650,7-Apr-17
659,Nashik,Sinner,Wheat,Other,FAQ,1300,1876,1650,6-Apr-17
660,Nashik,Sinner,Wheat,Other,FAQ,1551,1875,1620,5-Apr-17
661,Nashik,Sinner,Wheat,Other,FAQ,1566,1901,1630,3-Apr-17
662,Nashik,Sinner,Wheat,Other,FAQ,1550,2001,1650,2-Apr-17
663,Nashik,Sinner,Wheat,Other,FAQ,1526,1935,1650,26-Mar-17
664,Nashik,Sinner,Wheat,Other,FAQ,1539,1831,1620,24-Mar-17
665,Nashik,Sinner,Wheat,Other,FAQ,1500,1860,1650,23-Mar-17
666,Nashik,Sinner,Wheat,Other,FAQ,1511,1807,1600,22-Mar-17
667,Nashik,Sinner,Wheat,Other,FAQ,1531,1835,1600,20-Mar-17
668,Nashik,Sinner,Wheat,Other,FAQ,1491,1780,1600,19-Mar-17
669,Nashik,Sinner,Wheat,Other,FAQ,1549,1856,1600,16-Mar-17
670,Nashik,Sinner,Wheat,Other,FAQ,1586,2061,1650,10-Mar-17
671,Nashik,Sinner,Wheat,Other,FAQ,1600,2000,1680,9-Mar-17
672,Nashik,Sinner,Wheat,Other,FAQ,1573,1875,1650,8-Mar-17
673,Nashik,Sinner,Wheat,Other,FAQ,1525,1846,1630,6-Mar-17
674,Nashik,Sinner,Wheat,Other,FAQ,1500,1710,1610,5-Mar-17
675,Nashik,Sinner,Wheat,Other,FAQ,1450,1750,1500,2-Mar-17
676,Nashik,Sinner,Wheat,Other,FAQ,1490,1811,1570,1-Mar-17
677,Nashik,Sinner,Wheat,Other,FAQ,1520,1904,1650,27-Feb-17
678,Nashik,Sinner,Wheat,Other,FAQ,1500,1800,1650,26-Feb-17
679,Nashik,Sinner,Wheat,Other,FAQ,1591,1912,1650,23-Feb-17
680,Nashik,Sinner,Wheat,Other,FAQ,1550,1809,1720,22-Feb-17
681,Nashik,Sinner,Wheat,Other,FAQ,1830,2080,1900,17-Feb-17
682,Nashik,Sinner,Wheat,Other,FAQ,1681,2150,2000,16-Feb-17
683,Nashik,Sinner,Wheat,Other,FAQ,1675,2351,2000,13-Feb-17
684,Nashik,Sinner,Wheat,Other,FAQ,1606,2175,2000,12-Feb-17
685,Nashik,Sinner,Wheat,Other,FAQ,1671,2150,1950,9-Feb-17
686,Nashik,Sinner,Wheat,Other,FAQ,1765,2056,1900,8-Feb-17
687,Nashik,Sinner,Wheat,Other,FAQ,1502,2300,1950,6-Feb-17
688,Nashik,Sinner,Wheat,Other,FAQ,1600,2300,2000,5-Feb-17
689,Nashik,Sinner,Wheat,Other,FAQ,1705,2251,2000,3-Feb-17
690,Nashik,Sinner,Wheat,Other,FAQ,1727,2141,2050,30-Jan-17
691,Nashik,Sinner,Wheat,Other,FAQ,1700,2226,2100,29-Jan-17
692,Nashik,Sinner,Wheat,Other,FAQ,1723,2330,2100,27-Jan-17
693,Nashik,Sinner,Wheat,Other,FAQ,1776,2150,1900,25-Jan-17
694,Nashik,Sinner,Wheat,Other,FAQ,1712,2011,1850,18-Jan-17
695,Nashik,Sinner,Wheat,Other,FAQ,1718,2076,2000,16-Jan-17
696,Nashik,Sinner,Wheat,Other,FAQ,1545,1890,1800,13-Jan-17
697,Nashik,Sinner,Wheat,Other,FAQ,1712,2161,1726,12-Jan-17
698,Nashik,Sinner,Wheat,Other,FAQ,1725,1841,1800,11-Jan-17
699,Nashik,Sinner,Wheat,Other,FAQ,1711,1925,1800,9-Jan-17
700,Nashik,Sinner,Wheat,Other,FAQ,1675,2330,1900,8-Jan-17
701,Nashik,Sinner,Wheat,Other,FAQ,1750,1870,1820,6-Jan-17
702,Nashik,Sinner,Wheat,Other,FAQ,1710,1953,1820,5-Jan-17
703,Nashik,Sinner,Wheat,Other,FAQ,1712,2168,1850,4-Jan-17
704,Nashik,Sinner,Wheat,Other,FAQ,1700,2150,2000,1-Jan-17
705,Nashik,Sinner,Wheat,Other,FAQ,1725,1785,1760,29-Dec-16
706,Nashik,Sinner,Wheat,Other,FAQ,1700,2051,1900,28-Dec-16
707,Nashik,Sinner,Wheat,Other,FAQ,1726,2141,2000,26-Dec-16
708,Nashik,Sinner,Wheat,Other,FAQ,1680,2142,2000,25-Dec-16
709,Nashik,Sinner,Wheat,Other,FAQ,2030,2030,2030,23-Dec-16
710,Nashik,Sinner,Wheat,Other,FAQ,1699,2001,1900,22-Dec-16
711,Nashik,Sinner,Wheat,Other,FAQ,1700,2100,2000,21-Dec-16
712,Nashik,Sinner,Wheat,Other,FAQ,1750,2200,2000,19-Dec-16
713,Nashik,Sinner,Wheat,Other,FAQ,1742,2301,2050,18-Dec-16
714,Nashik,Sinner,Wheat,Other,FAQ,1800,2000,1950,16-Dec-16
715,Nashik,Sinner,Wheat,Other,FAQ,1726,2152,2000,15-Dec-16
716,Nashik,Sinner,Wheat,Other,FAQ,1790,2276,2050,14-Dec-16
717,Nashik,Sinner,Wheat,Other,FAQ,1850,2100,2050,12-Dec-16
718,Nashik,Sinner,Wheat,Other,FAQ,1771,2401,2050,11-Dec-16
719,Nashik,Sinner,Wheat,Other,FAQ,1751,1900,1880,9-Dec-16
720,Nashik,Sinner,Wheat,Other,FAQ,1721,1850,1800,8-Dec-16
721,Nashik,Sinner,Wheat,Other,FAQ,1851,2251,2050,7-Dec-16
722,Nashik,Sinner,Wheat,Other,FAQ,1801,2327,2100,4-Dec-16
723,Nashik,Sinner,Wheat,Other,FAQ,1801,2225,2050,2-Dec-16
724,Nashik,Sinner,Wheat,Other,FAQ,1700,2311,2050,1-Dec-16
725,Nashik,Sinner,Wheat,Other,FAQ,1751,2350,2150,30-Nov-16
726,Nashik,Sinner,Wheat,Other,FAQ,1876,2401,2100,28-Nov-16
727,Nashik,Sinner,Wheat,Other,FAQ,1800,2500,2200,25-Nov-16
728,Nashik,Sinner,Wheat,Other,FAQ,1400,2100,1900,24-Nov-16
729,Nashik,Sinner,Wheat,Other,FAQ,1800,2526,2200,23-Nov-16
730,Nashik,Sinner,Wheat,Other,FAQ,1750,2300,2100,21-Nov-16
731,Nashik,Sinner,Wheat,Other,FAQ,1801,2371,2100,20-Nov-16
732,Nashik,Sinner,Wheat,Other,FAQ,1911,2300,2100,10-Nov-16
733,Nashik,Sinner,Wheat,Other,FAQ,1600,2365,2100,9-Nov-16
734,Nashik,Sinner,Wheat,Other,FAQ,1861,2301,2000,7-Nov-16
735,Nashik,Sinner,Wheat,Other,FAQ,1956,2601,2200,6-Nov-16
736,Nashik,Sinner,Wheat,Other,FAQ,1826,2300,2001,4-Nov-16
737,Nashik,Sinner,Wheat,Other,FAQ,1817,2276,1950,3-Nov-16
738,Nashik,Sinner,Wheat,Other,FAQ,1766,2200,1850,26-Oct-16
739,Nashik,Sinner,Wheat,Other,FAQ,1766,1951,1900,21-Oct-16
740,Nashik,Sinner,Wheat,Other,FAQ,1751,2042,1900,20-Oct-16
741,Nashik,Sinner,Wheat,Other,FAQ,1770,2000,1900,19-Oct-16
742,Nashik,Sinner,Wheat,Other,FAQ,1700,2001,1850,17-Oct-16
743,Nashik,Sinner,Wheat,Other,FAQ,1758,2101,1850,14-Oct-16
744,Nashik,Sinner,Wheat,Other,FAQ,1761,1870,1800,13-Oct-16
745,Nashik,Sinner,Wheat,Other,FAQ,1760,1836,1800,12-Oct-16
746,Nashik,Sinner,Wheat,Other,FAQ,1740,1959,1800,10-Oct-16
747,Nashik,Sinner,Wheat,Other,FAQ,1700,1861,1800,7-Oct-16
748,Nashik,Sinner,Wheat,Other,FAQ,1681,1970,1800,6-Oct-16
749,Nashik,Sinner,Wheat,Other,FAQ,1731,1851,1800,5-Oct-16
750,Nashik,Sinner,Wheat,Other,FAQ,1731,2045,1850,3-Oct-16
751,Nashik,Sinner,Wheat,Other,FAQ,1703,1950,1850,30-Sep-16
752,Nashik,Sinner,Wheat,Other,FAQ,1741,1971,1800,29-Sep-16
753,Nashik,Sinner,Wheat,Other,FAQ,1741,1971,1800,28-Sep-16
754,Nashik,Sinner,Wheat,Other,FAQ,1700,2053,1900,26-Sep-16
755,Nashik,Sinner,Wheat,Other,FAQ,1813,1945,1900,23-Sep-16
756,Nashik,Sinner,Wheat,Other,FAQ,1790,2150,2000,22-Sep-16
757,Nashik,Sinner,Wheat,Other,FAQ,1800,2006,1901,20-Sep-16
758,Nashik,Sinner,Wheat,Other,FAQ,1826,1981,1900,9-Sep-16
759,Nashik,Sinner,Wheat,Other,FAQ,1701,1971,1800,8-Sep-16
760,Nashik,Sinner,Wheat,Other,FAQ,1800,2005,1950,7-Sep-16
761,Nashik,Sinner,Wheat,Other,FAQ,1801,2100,1950,2-Sep-16
762,Nashik,Sinner,Wheat,Other,FAQ,1815,2016,1900,31-Aug-16
763,Nashik,Sinner,Wheat,Other,FAQ,1741,1741,1741,18-Aug-16
764,Nashik,Sinner,Wheat,Other,FAQ,1759,1944,1850,17-Aug-16
765,Nashik,Sinner,Wheat,Other,FAQ,1700,2001,1750,16-Aug-16
766,Nashik,Sinner,Wheat,Other,FAQ,1740,1895,1800,12-Aug-16
767,Nashik,Sinner,Wheat,Other,FAQ,1748,1930,1800,11-Aug-16
768,Nashik,Sinner,Wheat,Other,FAQ,1739,1875,1800,10-Aug-16
769,Nashik,Sinner,Wheat,Other,FAQ,1701,1850,1780,9-Aug-16
770,Nashik,Sinner,Wheat,Other,FAQ,1728,1880,1800,8-Aug-16
771,Nashik,Sinner,Wheat,Other,FAQ,2059,2059,2059,5-Aug-16
772,Nashik,Sinner,Wheat,Other,FAQ,1740,1900,1800,4-Aug-16
773,Nashik,Sinner,Wheat,Other,FAQ,1735,1841,1800,3-Aug-16
774,Nashik,Sinner,Wheat,Other,FAQ,1744,1744,1744,2-Aug-16
775,Nashik,Sinner,Wheat,Other,FAQ,1721,1975,1850,1-Aug-16
776,Nashik,Sinner,Wheat,Other,FAQ,1800,1966,1900,29-Jul-16
777,Nashik,Sinner,Wheat,Other,FAQ,1500,2044,1800,27-Jul-16
778,Nashik,Sinner,Wheat,Other,FAQ,1772,2050,1900,25-Jul-16
779,Nashik,Sinner,Wheat,Other,FAQ,1835,1900,1860,8-Jul-16
780,Nashik,Sinner,Wheat,Other,FAQ,1799,2155,2000,7-Jul-16
781,Nashik,Sinner,Wheat,Other,FAQ,1825,2100,2000,3-Jul-16
782,Nashik,Sinner,Wheat,Other,FAQ,1801,1801,1801,1-Jul-16
783,Nashik,Sinner,Wheat,Other,FAQ,1836,2000,1940,30-Jun-16
784,Nashik,Sinner,Wheat,Other,FAQ,1831,2086,2000,29-Jun-16
785,Nashik,Sinner,Wheat,Other,FAQ,1911,2091,2000,27-Jun-16
786,Nashik,Sinner,Wheat,Other,FAQ,1836,2200,1950,26-Jun-16
787,Nashik,Sinner,Wheat,Other,FAQ,1816,1901,1850,22-Jun-16
788,Nashik,Sinner,Wheat,Other,FAQ,1831,1960,1900,20-Jun-16
789,Nashik,Sinner,Wheat,Other,FAQ,1800,2200,2000,19-Jun-16
790,Nashik,Sinner,Wheat,Other,FAQ,1780,1925,1820,16-Jun-16
791,Nashik,Sinner,Wheat,Other,FAQ,1741,2100,1900,15-Jun-16
792,Nashik,Sinner,Wheat,Other,FAQ,1700,1771,1750,13-Jun-16
793,Nashik,Sinner,Wheat,Other,FAQ,1756,2100,1850,12-Jun-16
794,Nashik,Sinner,Wheat,Other,FAQ,1730,1950,1830,10-Jun-16
795,Nashik,Sinner,Wheat,Other,FAQ,1701,1835,1770,9-Jun-16
796,Nashik,Sinner,Wheat,Other,FAQ,1765,2151,1950,8-Jun-16
797,Nashik,Sinner,Wheat,Other,FAQ,1712,1728,1720,6-Jun-16
798,Nashik,Sinner,Wheat,Other,FAQ,1691,2000,1775,5-Jun-16
799,Nashik,Sinner,Wheat,Other,FAQ,1701,2200,1800,2-Jun-16
800,Nashik,Sinner,Wheat,Other,FAQ,1678,1825,1725,1-Jun-16
801,Nashik,Sinner,Wheat,Other,FAQ,1700,2101,1800,30-May-16
802,Nashik,Sinner,Wheat,Other,FAQ,1666,2240,1900,29-May-16
803,Nashik,Sinner,Wheat,Other,FAQ,1679,1806,1725,26-May-16
804,Nashik,Sinner,Wheat,Other,FAQ,1771,1850,1800,25-May-16
805,Nashik,Sinner,Wheat,Other,FAQ,1677,2011,1800,23-May-16
806,Nashik,Sinner,Wheat,Other,FAQ,1500,2025,1750,22-May-16
807,Nashik,Sinner,Wheat,Other,FAQ,1642,1687,1660,20-May-16
808,Nashik,Sinner,Wheat,Other,FAQ,1666,2001,1725,19-May-16
809,Nashik,Sinner,Wheat,Other,FAQ,1668,2000,1720,18-May-16
810,Nashik,Sinner,Wheat,Other,FAQ,1660,1760,1725,16-May-16
811,Nashik,Sinner,Wheat,Other,FAQ,1655,2105,1800,15-May-16
812,Nashik,Sinner,Wheat,Other,FAQ,1642,2400,1800,12-May-16
813,Nashik,Sinner,Wheat,Other,FAQ,1530,1781,1675,11-May-16
814,Nashik,Sinner,Wheat,Other,FAQ,1580,1931,1775,8-May-16
815,Nashik,Sinner,Wheat,Other,FAQ,1641,1961,1775,6-May-16
816,Nashik,Sinner,Wheat,Other,FAQ,1623,1642,1635,5-May-16
817,Nashik,Sinner,Wheat,Other,FAQ,1637,1662,1650,4-May-16
818,Nashik,Sinner,Wheat,Other,FAQ,1600,2000,1750,2-May-16
819,Nashik,Sinner,Wheat,Other,FAQ,1631,1725,1650,29-Apr-16
820,Nashik,Sinner,Wheat,Other,FAQ,1633,1793,1700,28-Apr-16
821,Nashik,Sinner,Wheat,Other,FAQ,1641,1651,1645,27-Apr-16
822,Nashik,Sinner,Wheat,Other,FAQ,1651,1880,1800,25-Apr-16
823,Nashik,Sinner,Wheat,Other,FAQ,1640,2030,1800,24-Apr-16
824,Nashik,Sinner,Wheat,Other,FAQ,1633,2000,1750,20-Apr-16
825,Nashik,Sinner,Wheat,Other,FAQ,1620,2051,1651,18-Apr-16
826,Nashik,Sinner,Wheat,Other,FAQ,1620,2000,1800,17-Apr-16
827,Nashik,Sinner,Wheat,Other,FAQ,1600,1675,1650,13-Apr-16
828,Nashik,Sinner,Wheat,Other,FAQ,1610,1900,1650,11-Apr-16
829,Nashik,Sinner,Wheat,Other,FAQ,1550,1950,1650,10-Apr-16
830,Nashik,Sinner,Wheat,Other,FAQ,1601,2000,1650,7-Apr-16
831,Nashik,Sinner,Wheat,Other,FAQ,1606,1930,1675,6-Apr-16
832,Nashik,Sinner,Wheat,Other,FAQ,1600,2045,1800,3-Apr-16
833,Nashik,Sinner,Wheat,Other,FAQ,1617,1830,1675,23-Mar-16
834,Nashik,Sinner,Wheat,Other,FAQ,1618,1865,1700,21-Mar-16
835,Nashik,Sinner,Wheat,Other,FAQ,1591,1860,1700,18-Mar-16
836,Nashik,Sinner,Wheat,Other,FAQ,1608,2050,1700,17-Mar-16
837,Nashik,Sinner,Wheat,Other,FAQ,1615,1806,1700,16-Mar-16
838,Nashik,Sinner,Wheat,Other,FAQ,1620,1780,1650,14-Mar-16
839,Nashik,Sinner,Wheat,Other,FAQ,1620,1770,1675,13-Mar-16
840,Nashik,Sinner,Wheat,Other,FAQ,1654,1654,1654,11-Mar-16
841,Nashik,Sinner,Wheat,Other,FAQ,1691,1850,1700,10-Mar-16
842,Nashik,Sinner,Wheat,Other,FAQ,1576,1736,1620,9-Mar-16
843,Nashik,Sinner,Wheat,Other,FAQ,1411,1901,1616,6-Mar-16
844,Nashik,Sinner,Wheat,Other,FAQ,1695,2178,1800,4-Mar-16
845,Nashik,Sinner,Wheat,Other,FAQ,1606,2151,1700,3-Mar-16
846,Nashik,Sinner,Wheat,Other,FAQ,1621,1780,1700,2-Mar-16
847,Nashik,Sinner,Wheat,Other,FAQ,1626,1900,1750,29-Feb-16
848,Nashik,Sinner,Wheat,Other,FAQ,1599,2004,1750,28-Feb-16
849,Nashik,Sinner,Wheat,Other,FAQ,1612,1630,1624,26-Feb-16
850,Nashik,Sinner,Wheat,Other,FAQ,1601,1876,1700,25-Feb-16
851,Nashik,Sinner,Wheat,Other,FAQ,1621,2270,1800,24-Feb-16
852,Nashik,Sinner,Wheat,Other,FAQ,1600,1775,1700,21-Feb-16
853,Nashik,Sinner,Wheat,Other,FAQ,1630,1883,1725,18-Feb-16
854,Nashik,Sinner,Wheat,Other,FAQ,1600,1930,1700,17-Feb-16
855,Nashik,Sinner,Wheat,Other,FAQ,1631,2050,1775,15-Feb-16
856,Nashik,Sinner,Wheat,Other,FAQ,1645,2100,1775,14-Feb-16
857,Nashik,Sinner,Wheat,Other,FAQ,1931,1931,1931,12-Feb-16
858,Nashik,Sinner,Wheat,Other,FAQ,1648,2030,1750,11-Feb-16
859,Nashik,Sinner,Wheat,Other,FAQ,1636,2171,1750,8-Feb-16
860,Nashik,Sinner,Wheat,Other,FAQ,1625,2071,1725,7-Feb-16
861,Nashik,Sinner,Wheat,Other,FAQ,1600,2102,1700,5-Feb-16
862,Nashik,Sinner,Wheat,Other,FAQ,1650,1880,1750,3-Feb-16
863,Nashik,Sinner,Wheat,Other,FAQ,1600,1760,1680,1-Feb-16
864,Nashik,Sinner,Wheat,Other,FAQ,1660,2128,1775,31-Jan-16
865,Nashik,Sinner,Wheat,Other,FAQ,1658,2100,1800,29-Jan-16
866,Nashik,Sinner,Wheat,Other,FAQ,1647,1800,1725,28-Jan-16
867,Nashik,Sinner,Wheat,Other,FAQ,1660,2100,1800,27-Jan-16
868,Nashik,Sinner,Wheat,Other,FAQ,1635,2100,1775,25-Jan-16
869,Nashik,Sinner,Wheat,Other,FAQ,1639,2451,1800,24-Jan-16
870,Nashik,Sinner,Wheat,Other,FAQ,1636,1950,1750,22-Jan-16
871,Nashik,Sinner,Wheat,Other,FAQ,1616,2005,1725,21-Jan-16
872,Nashik,Sinner,Wheat,Other,FAQ,1624,2200,1750,20-Jan-16
873,Nashik,Sinner,Wheat,Other,FAQ,1631,2050,1775,18-Jan-16
874,Nashik,Sinner,Wheat,Other,FAQ,1631,2101,1750,17-Jan-16
875,Nashik,Sinner,Wheat,Other,FAQ,1600,1896,1700,14-Jan-16
876,Nashik,Sinner,Wheat,Other,FAQ,1621,1925,1775,13-Jan-16
877,Nashik,Sinner,Wheat,Other,FAQ,1629,1839,1700,11-Jan-16
878,Nashik,Sinner,Wheat,Other,FAQ,1617,2100,1775,10-Jan-16
879,Nashik,Sinner,Wheat,Other,FAQ,1641,1852,1750,8-Jan-16
880,Nashik,Sinner,Wheat,Other,FAQ,1626,2100,1775,7-Jan-16
881,Nashik,Sinner,Wheat,Other,FAQ,1627,2200,1700,5-Jan-16
882,Nashik,Sinner,Wheat,Other,FAQ,1450,2011,1750,4-Jan-16
883,Nashik,Sinner,Wheat,Other,FAQ,1600,2025,1650,3-Jan-16
884,Nashik,Sinner,Wheat,Other,FAQ,3001,4300,4000,1-Jan-16
885,Nashik,Sinner,Wheat,Other,FAQ,1616,1950,1750,31-Dec-15
886,Nashik,Sinner,Wheat,Other,FAQ,1620,1850,1700,30-Dec-15
887,Nashik,Sinner,Wheat,Other,FAQ,1600,1835,1700,28-Dec-15
888,Nashik,Sinner,Wheat,Other,FAQ,1615,2100,1750,27-Dec-15
889,Nashik,Sinner,Wheat,Other,FAQ,1615,2050,1725,23-Dec-15
890,Nashik,Sinner,Wheat,Other,FAQ,1616,2005,1725,21-Dec-15
891,Nashik,Sinner,Wheat,Other,FAQ,1624,2200,1750,20-Dec-15
892,Nashik,Sinner,Wheat,Other,FAQ,1617,1926,1700,18-Dec-15
893,Nashik,Sinner,Wheat,Other,FAQ,1623,1950,1700,16-Dec-15
894,Nashik,Sinner,Wheat,Other,FAQ,1616,2050,1725,14-Dec-15
895,Nashik,Sinner,Wheat,Other,FAQ,1619,1951,1725,13-Dec-15
896,Nashik,Sinner,Wheat,Other,FAQ,1628,2001,1700,11-Dec-15
897,Nashik,Sinner,Wheat,Other,FAQ,1619,1866,1675,10-Dec-15
898,Nashik,Sinner,Wheat,Other,FAQ,1600,1725,1650,9-Dec-15
899,Nashik,Sinner,Wheat,Other,FAQ,1626,2000,1750,7-Dec-15
900,Nashik,Sinner,Wheat,Other,FAQ,1525,1960,1700,6-Dec-15
901,Nashik,Sinner,Wheat,Other,FAQ,1630,1715,1650,4-Dec-15
902,Nashik,Sinner,Wheat,Other,FAQ,1615,1852,1675,3-Dec-15
903,Nashik,Sinner,Wheat,Other,FAQ,1600,1966,1700,2-Dec-15
904,Nashik,Sinner,Wheat,Other,FAQ,1616,1778,1650,30-Nov-15
905,Nashik,Sinner,Wheat,Other,FAQ,1600,1986,1700,29-Nov-15
906,Nashik,Sinner,Wheat,Other,FAQ,1560,1961,1650,27-Nov-15
907,Nashik,Sinner,Wheat,Other,FAQ,1600,1716,1650,26-Nov-15
908,Nashik,Sinner,Wheat,Other,FAQ,1618,1932,1675,25-Nov-15
909,Nashik,Sinner,Wheat,Other,FAQ,1601,1750,1670,23-Nov-15
910,Nashik,Sinner,Wheat,Other,FAQ,1616,1678,1650,20-Nov-15
911,Nashik,Sinner,Wheat,Other,FAQ,1626,1825,1660,19-Nov-15
912,Nashik,Sinner,Wheat,Other,FAQ,1623,1700,1660,18-Nov-15
913,Nashik,Sinner,Wheat,Other,FAQ,1628,1726,1650,16-Nov-15
914,Nashik,Sinner,Wheat,Other,FAQ,1617,1775,1650,15-Nov-15
915,Nashik,Sinner,Wheat,Other,FAQ,1616,1725,1640,6-Nov-15
916,Nashik,Sinner,Wheat,Other,FAQ,1600,1748,1650,5-Nov-15
917,Nashik,Sinner,Wheat,Other,FAQ,1620,1900,1675,4-Nov-15
918,Nashik,Sinner,Wheat,Other,FAQ,1619,1750,1650,2-Nov-15
919,Nashik,Sinner,Wheat,Other,FAQ,1500,1679,1600,1-Nov-15
920,Nashik,Sinner,Wheat,Other,FAQ,1600,1635,1625,30-Oct-15
921,Nashik,Sinner,Wheat,Other,FAQ,1632,1683,1650,29-Oct-15
922,Nashik,Sinner,Wheat,Other,FAQ,1630,1725,1650,28-Oct-15
923,Nashik,Sinner,Wheat,Other,FAQ,1629,1684,1645,26-Oct-15
924,Nashik,Sinner,Wheat,Other,FAQ,1626,1780,1650,25-Oct-15
925,Nashik,Sinner,Wheat,Other,FAQ,1631,1676,1645,23-Oct-15
926,Nashik,Sinner,Wheat,Other,FAQ,1601,1656,1645,21-Oct-15
927,Nashik,Sinner,Wheat,Other,FAQ,1400,1800,1650,18-Oct-15
928,Nashik,Sinner,Wheat,Other,FAQ,1626,1629,1628,16-Oct-15
929,Nashik,Sinner,Wheat,Other,FAQ,1625,1700,1635,15-Oct-15
930,Nashik,Sinner,Wheat,Other,FAQ,1627,1671,1635,14-Oct-15
931,Nashik,Sinner,Wheat,Other,FAQ,1628,1741,1650,12-Oct-15
932,Nashik,Sinner,Wheat,Other,FAQ,1541,1905,1630,11-Oct-15
933,Nashik,Sinner,Wheat,Other,FAQ,1637,1657,1645,9-Oct-15
934,Nashik,Sinner,Wheat,Other,FAQ,1497,1730,1575,8-Oct-15
935,Nashik,Sinner,Wheat,Other,FAQ,1625,1761,1640,7-Oct-15
936,Nashik,Sinner,Wheat,Other,FAQ,1481,1700,1600,6-Oct-15
937,Nashik,Sinner,Wheat,Other,FAQ,1575,1775,1600,5-Oct-15
938,Nashik,Sinner,Wheat,Other,FAQ,1550,1675,1600,4-Oct-15
939,Nashik,Sinner,Wheat,Other,FAQ,1590,1706,1650,1-Oct-15
940,Nashik,Sinner,Wheat,Other,FAQ,1580,1900,1650,30-Sep-15
941,Nashik,Sinner,Wheat,Other,FAQ,1581,1750,1625,28-Sep-15
942,Nashik,Sinner,Wheat,Other,FAQ,1572,1832,1650,23-Sep-15
943,Nashik,Sinner,Wheat,Other,FAQ,1567,1590,1580,21-Sep-15
944,Nashik,Sinner,Wheat,Other,FAQ,1561,1800,1675,20-Sep-15
945,Nashik,Sinner,Wheat,Other,FAQ,1400,1660,1590,16-Sep-15
946,Nashik,Sinner,Wheat,Other,FAQ,1485,1592,1550,14-Sep-15
947,Nashik,Sinner,Wheat,Other,FAQ,1551,1551,1551,11-Sep-15
948,Nashik,Sinner,Wheat,Other,FAQ,1550,1700,1600,10-Sep-15
949,Nashik,Sinner,Wheat,Other,FAQ,1551,1568,1564,9-Sep-15
950,Nashik,Sinner,Wheat,Other,FAQ,1570,1770,1600,7-Sep-15
951,Nashik,Sinner,Wheat,Other,FAQ,1565,1751,1575,4-Sep-15
952,Nashik,Sinner,Wheat,Other,FAQ,1575,1635,1600,3-Sep-15
953,Nashik,Sinner,Wheat,Other,FAQ,1573,1581,1577,2-Sep-15
954,Nashik,Sinner,Wheat,Other,FAQ,1584,1774,1700,31-Aug-15
955,Nashik,Sinner,Wheat,Other,FAQ,1500,1586,1550,30-Aug-15
956,Nashik,Sinner,Wheat,Other,FAQ,1561,1947,1750,27-Aug-15
957,Nashik,Sinner,Wheat,Other,FAQ,1568,1755,1650,26-Aug-15
958,Nashik,Sinner,Wheat,Other,FAQ,1475,1595,1500,24-Aug-15
959,Nashik,Sinner,Wheat,Other,FAQ,1480,1800,1600,23-Aug-15
960,Nashik,Sinner,Wheat,Other,FAQ,1560,1750,1650,21-Aug-15
961,Nashik,Sinner,Wheat,Other,FAQ,1500,1599,1550,20-Aug-15
962,Nashik,Sinner,Wheat,Other,FAQ,1500,1680,1550,17-Aug-15
963,Nashik,Sinner,Wheat,Other,FAQ,1450,1700,1600,16-Aug-15
964,Nashik,Sinner,Wheat,Other,FAQ,1475,1806,1550,13-Aug-15
965,Nashik,Sinner,Wheat,Other,FAQ,1558,1685,1650,12-Aug-15
966,Nashik,Sinner,Wheat,Other,FAQ,1568,1731,1585,10-Aug-15
967,Nashik,Sinner,Wheat,Other,FAQ,1565,1656,1580,9-Aug-15
968,Nashik,Sinner,Wheat,Other,FAQ,1550,1558,1555,7-Aug-15
969,Nashik,Sinner,Wheat,Other,FAQ,1550,1579,1560,6-Aug-15
970,Nashik,Sinner,Wheat,Other,FAQ,1544,1571,1556,5-Aug-15
971,Nashik,Sinner,Wheat,Other,FAQ,1450,1723,1550,3-Aug-15
972,Nashik,Sinner,Wheat,Other,FAQ,1549,1730,1575,2-Aug-15
973,Nashik,Sinner,Wheat,Other,FAQ,1450,1566,1525,30-Jul-15
974,Nashik,Sinner,Wheat,Other,FAQ,1491,1650,1590,29-Jul-15
975,Nashik,Sinner,Wheat,Other,FAQ,1590,1590,1590,24-Jul-15
976,Nashik,Sinner,Wheat,Other,FAQ,1590,1690,1650,23-Jul-15
977,Nashik,Sinner,Wheat,Other,FAQ,1582,1700,1650,22-Jul-15
978,Nashik,Sinner,Wheat,Other,FAQ,1585,1588,1587,20-Jul-15
979,Nashik,Sinner,Wheat,Other,FAQ,1547,1566,1550,17-Jul-15
980,Nashik,Sinner,Wheat,Other,FAQ,1543,1651,1575,16-Jul-15
981,Nashik,Sinner,Wheat,Other,FAQ,1539,1750,1550,15-Jul-15
982,Nashik,Sinner,Wheat,Other,FAQ,1535,1841,1540,13-Jul-15
983,Nashik,Sinner,Wheat,Other,FAQ,1531,1693,1600,12-Jul-15
984,Nashik,Sinner,Wheat,Other,FAQ,1533,1700,1600,10-Jul-15
985,Nashik,Sinner,Wheat,Other,FAQ,1521,1725,1600,9-Jul-15
986,Nashik,Sinner,Wheat,Other,FAQ,1500,1616,1550,8-Jul-15
987,Nashik,Sinner,Wheat,Other,FAQ,1466,1700,1550,6-Jul-15
988,Nashik,Sinner,Wheat,Other,FAQ,1495,1601,1515,5-Jul-15
989,Nashik,Sinner,Wheat,Other,FAQ,1490,1700,1550,3-Jul-15
990,Nashik,Sinner,Wheat,Other,FAQ,1488,1821,1600,2-Jul-15
991,Nashik,Sinner,Wheat,Other,FAQ,1483,1587,1550,1-Jul-15
992,Nashik,Sinner,Wheat,Other,FAQ,1480,1486,1480,29-Jun-15
993,Nashik,Sinner,Wheat,Other,FAQ,1481,1600,1495,28-Jun-15
994,Nashik,Sinner,Wheat,Other,FAQ,1431,1600,1500,14-May-15
995,Nashik,Sinner,Wheat,Other,FAQ,1400,1641,1500,11-May-15
996,Nashik,Sinner,Wheat,Other,FAQ,1419,1650,1490,10-May-15
997,Nashik,Sinner,Wheat,Other,FAQ,1421,1451,1430,8-May-15
998,Nashik,Sinner,Wheat,Other,FAQ,1415,1541,1450,7-May-15
999,Nashik,Sinner,Wheat,Other,FAQ,1414,1660,1550,5-May-15
1000,Nashik,Sinner,Wheat,Other,FAQ,1600,1825,1700,26-Apr-15
1001,Nashik,Sinner,Wheat,Other,FAQ,1401,1766,1650,10-Apr-15
1002,Nashik,Sinner,Wheat,Other,FAQ,1475,2000,1700,26-Mar-15
1003,Nashik,Sinner,Wheat,Other,FAQ,1401,1700,1500,20-Mar-15
1004,Nashik,Sinner,Wheat,Other,FAQ,1437,1831,1575,19-Mar-15
1005,Nashik,Sinner,Wheat,Other,FAQ,1420,1821,1550,18-Mar-15
1006,Nashik,Sinner,Wheat,Other,FAQ,1425,1850,1550,13-Mar-15
1007,Nashik,Sinner,Wheat,Other,FAQ,1401,1681,1600,9-Mar-15
1008,Nashik,Sinner,Wheat,Other,FAQ,1500,1600,1575,8-Mar-15
1009,Nashik,Sinner,Wheat,Other,FAQ,1565,1626,1600,5-Mar-15
1010,Nashik,Sinner,Wheat,Other,FAQ,1565,1620,1600,4-Mar-15
1011,Nashik,Sinner,Wheat,Other,FAQ,1567,1700,1625,2-Mar-15
1012,Nashik,Sinner,Wheat,Other,FAQ,1550,1575,1560,1-Mar-15
1013,Nashik,Sinner,Wheat,Other,FAQ,1566,1625,1580,27-Feb-15
1014,Nashik,Sinner,Wheat,Other,FAQ,1571,1625,1590,26-Feb-15
1015,Nashik,Sinner,Wheat,Other,FAQ,1450,1651,1600,25-Feb-15
1016,Nashik,Sinner,Wheat,Other,FAQ,1550,1803,1600,23-Feb-15
1017,Nashik,Sinner,Wheat,Other,FAQ,1550,1720,1600,22-Feb-15
1018,Nashik,Sinner,Wheat,Other,FAQ,1571,1825,1700,20-Feb-15
1019,Nashik,Sinner,Wheat,Other,FAQ,1541,1790,1600,16-Feb-15
1020,Nashik,Sinner,Wheat,Other,FAQ,1400,1785,1675,15-Feb-15
1021,Nashik,Sinner,Wheat,Other,FAQ,1411,1750,1600,13-Feb-15
1022,Nashik,Sinner,Wheat,Other,FAQ,1540,1751,1611,12-Feb-15
1023,Nashik,Sinner,Wheat,Other,FAQ,1545,1650,1600,11-Feb-15
1024,Nashik,Sinner,Wheat,Other,FAQ,1551,1751,1600,9-Feb-15
1025,Nashik,Sinner,Wheat,Other,FAQ,1581,1701,1625,6-Feb-15
1026,Nashik,Sinner,Wheat,Other,FAQ,1586,1780,1650,5-Feb-15
1027,Nashik,Sinner,Wheat,Other,FAQ,1585,2000,1700,4-Feb-15
1028,Nashik,Sinner,Wheat,Other,FAQ,1598,1890,1675,2-Feb-15
1029,Nashik,Sinner,Wheat,Other,FAQ,1600,1926,1700,1-Feb-15
1030,Nashik,Sinner,Wheat,Other,FAQ,1680,1770,1700,30-Jan-15
1031,Nashik,Sinner,Wheat,Other,FAQ,1661,1941,1700,29-Jan-15
1032,Nashik,Sinner,Wheat,Other,FAQ,1625,1751,1675,28-Jan-15
1033,Nashik,Sinner,Wheat,Other,FAQ,1660,1851,1700,25-Jan-15
1034,Nashik,Sinner,Wheat,Other,FAQ,1670,1721,1700,23-Jan-15
1035,Nashik,Sinner,Wheat,Other,FAQ,1637,1875,1700,22-Jan-15
1036,Nashik,Sinner,Wheat,Other,FAQ,1666,2000,1750,21-Jan-15
1037,Nashik,Sinner,Wheat,Other,FAQ,1661,2040,1800,19-Jan-15
1038,Nashik,Sinner,Wheat,Other,FAQ,1650,2061,1790,18-Jan-15
1039,Nashik,Sinner,Wheat,Other,FAQ,1651,1881,1725,16-Jan-15
1040,Nashik,Sinner,Wheat,Other,FAQ,1658,1975,1730,14-Jan-15
1041,Nashik,Sinner,Wheat,Other,FAQ,1630,1770,1680,12-Jan-15
1042,Nashik,Sinner,Wheat,Other,FAQ,1696,1831,1725,11-Jan-15
1043,Nashik,Sinner,Wheat,Other,FAQ,1668,1841,1725,9-Jan-15
1044,Nashik,Sinner,Wheat,Other,FAQ,1660,1875,1725,7-Jan-15
1045,Nashik,Sinner,Wheat,Other,FAQ,1666,1905,1725,5-Jan-15
1046,Nashik,Sinner,Wheat,Other,FAQ,1676,1875,1710,4-Jan-15
1047,Nashik,Sinner,Wheat,Other,FAQ,1700,1801,1750,2-Jan-15
1048,Nashik,Sinner,Wheat,Other,FAQ,1661,1851,1700,1-Jan-15
1049,Nashik,Sinner,Wheat,Other,FAQ,1660,1851,1720,31-Dec-14
1050,Nashik,Sinner,Wheat,Other,FAQ,1641,1851,1725,29-Dec-14
1051,Nashik,Sinner,Wheat,Other,FAQ,1601,1800,1680,28-Dec-14
1052,Nashik,Sinner,Wheat,Other,FAQ,1550,1741,1650,26-Dec-14
1053,Nashik,Sinner,Wheat,Other,FAQ,1650,2001,1700,24-Dec-14
1054,Nashik,Sinner,Wheat,Other,FAQ,1626,1800,1700,19-Dec-14
1055,Nashik,Sinner,Wheat,Other,FAQ,1620,1751,1650,18-Dec-14
1056,Nashik,Sinner,Wheat,Other,FAQ,1625,1745,1650,17-Dec-14
1057,Nashik,Sinner,Wheat,Other,FAQ,1600,1771,1650,15-Dec-14
1058,Nashik,Sinner,Wheat,Other,FAQ,1490,1800,1650,14-Dec-14
1059,Nashik,Sinner,Wheat,Other,FAQ,1606,1710,1650,12-Dec-14
1060,Nashik,Sinner,Wheat,Other,FAQ,1570,1700,1600,11-Dec-14
1061,Nashik,Sinner,Wheat,Other,FAQ,1590,2000,1650,10-Dec-14
1062,Nashik,Sinner,Wheat,Other,FAQ,1603,1751,1650,8-Dec-14
1063,Nashik,Sinner,Wheat,Other,FAQ,1611,1785,1650,7-Dec-14
1064,Nashik,Sinner,Wheat,Other,FAQ,1606,1665,1650,5-Dec-14
1065,Nashik,Sinner,Wheat,Other,FAQ,1600,1739,1650,4-Dec-14
1066,Nashik,Sinner,Wheat,Other,FAQ,1591,1841,1600,3-Dec-14
1067,Nashik,Sinner,Wheat,Other,FAQ,1593,1761,1600,1-Dec-14
1068,Nashik,Sinner,Wheat,Other,FAQ,1500,1881,1600,30-Nov-14
1069,Nashik,Sinner,Wheat,Other,FAQ,1597,1701,1625,28-Nov-14
1070,Nashik,Sinner,Wheat,Other,FAQ,1600,1716,1650,26-Nov-14
1071,Nashik,Sinner,Wheat,Other,FAQ,1598,1976,1700,24-Nov-14
1072,Nashik,Sinner,Wheat,Other,FAQ,1551,2011,1675,23-Nov-14
1073,Nashik,Sinner,Wheat,Other,FAQ,1585,1670,1615,21-Nov-14
1074,Nashik,Sinner,Wheat,Other,FAQ,1570,1900,1650,20-Nov-14
1075,Nashik,Sinner,Wheat,Other,FAQ,1610,1720,1650,19-Nov-14
1076,Nashik,Sinner,Wheat,Other,FAQ,1600,1770,1650,17-Nov-14
1077,Nashik,Sinner,Wheat,Other,FAQ,1500,1961,1550,16-Nov-14
1078,Nashik,Sinner,Wheat,Other,FAQ,1600,1700,1650,14-Nov-14
1079,Nashik,Sinner,Wheat,Other,FAQ,1601,1750,1650,13-Nov-14
1080,Nashik,Sinner,Wheat,Other,FAQ,1600,1820,1700,12-Nov-14
1081,Nashik,Sinner,Wheat,Other,FAQ,1590,1800,1670,10-Nov-14
1082,Nashik,Sinner,Wheat,Other,FAQ,1600,2000,1675,9-Nov-14
1083,Nashik,Sinner,Wheat,Other,FAQ,1611,1760,1700,7-Nov-14
1084,Nashik,Sinner,Wheat,Other,FAQ,1591,1706,1600,6-Nov-14
1085,Nashik,Sinner,Wheat,Other,FAQ,1592,1795,1605,5-Nov-14
1086,Nashik,Sinner,Wheat,Other,FAQ,1550,2000,1650,3-Nov-14
1087,Nashik,Sinner,Wheat,Other,FAQ,1550,1860,1700,2-Nov-14
1088,Nashik,Sinner,Wheat,Other,FAQ,1590,1700,1600,31-Oct-14
1089,Nashik,Sinner,Wheat,Other,FAQ,1588,1875,1650,30-Oct-14
1090,Nashik,Sinner,Wheat,Other,FAQ,1580,1797,1600,29-Oct-14
1091,Nashik,Sinner,Wheat,Other,FAQ,1580,1797,1600,27-Oct-14
1092,Nashik,Sinner,Wheat,Other,FAQ,1571,1751,1650,20-Oct-14
1093,Nashik,Sinner,Wheat,Other,FAQ,1500,1696,1600,17-Oct-14
1094,Nashik,Sinner,Wheat,Other,FAQ,1565,1695,1600,16-Oct-14
1095,Nashik,Sinner,Wheat,Other,FAQ,1506,1700,1600,13-Oct-14
1096,Nashik,Sinner,Wheat,Other,FAQ,1501,1740,1575,12-Oct-14
1097,Nashik,Sinner,Wheat,Other,FAQ,1515,1710,1570,10-Oct-14
1098,Nashik,Sinner,Wheat,Other,FAQ,1500,1655,1600,9-Oct-14
1099,Nashik,Sinner,Wheat,Other,FAQ,1497,1730,1575,8-Oct-14
1100,Nashik,Sinner,Wheat,Other,FAQ,1481,1700,1600,6-Oct-14
1101,Nashik,Sinner,Wheat,Other,FAQ,1530,1825,1650,1-Oct-14
1102,Nashik,Sinner,Wheat,Other,FAQ,1500,1608,1550,29-Sep-14
1103,Nashik,Sinner,Wheat,Other,FAQ,1400,1672,1500,28-Sep-14
1104,Nashik,Sinner,Wheat,Other,FAQ,1530,1640,1600,26-Sep-14
1105,Nashik,Sinner,Wheat,Other,FAQ,1587,1625,1600,24-Sep-14
1106,Nashik,Sinner,Wheat,Other,FAQ,1586,1652,1600,22-Sep-14
1107,Nashik,Sinner,Wheat,Other,FAQ,1585,1725,1600,21-Sep-14
1108,Nashik,Sinner,Wheat,Other,FAQ,1560,1675,1626,19-Sep-14
1109,Nashik,Sinner,Wheat,Other,FAQ,1571,1670,1600,18-Sep-14
1110,Nashik,Sinner,Wheat,Other,FAQ,1585,1736,1600,17-Sep-14
1111,Nashik,Sinner,Wheat,Other,FAQ,1451,1625,1575,15-Sep-14
1112,Nashik,Sinner,Wheat,Other,FAQ,1580,1850,1600,14-Sep-14
1113,Nashik,Sinner,Wheat,Other,FAQ,1578,1600,1585,12-Sep-14
1114,Nashik,Sinner,Wheat,Other,FAQ,1576,1686,1600,11-Sep-14
1115,Nashik,Sinner,Wheat,Other,FAQ,1573,1740,1625,10-Sep-14
1116,Nashik,Sinner,Wheat,Other,FAQ,1547,1811,1650,7-Sep-14
1117,Nashik,Sinner,Wheat,Other,FAQ,1880,1880,1880,5-Sep-14
1118,Nashik,Sinner,Wheat,Other,FAQ,1540,1696,1600,3-Sep-14
1119,Nashik,Sinner,Wheat,Other,FAQ,1500,1900,1750,1-Sep-14
1120,Nashik,Sinner,Wheat,Other,FAQ,1550,1850,1700,31-Aug-14
1121,Nashik,Sinner,Wheat,Other,FAQ,1600,1800,1700,28-Aug-14
1122,Nashik,Sinner,Wheat,Other,FAQ,1591,1900,1700,27-Aug-14
1123,Nashik,Sinner,Wheat,Other,FAQ,1600,1800,1750,24-Aug-14
1124,Nashik,Sinner,Wheat,Other,FAQ,1651,1752,1700,22-Aug-14
1125,Nashik,Sinner,Wheat,Other,FAQ,1566,1801,1675,21-Aug-14
1126,Nashik,Sinner,Wheat,Other,FAQ,1580,1970,1750,20-Aug-14
1127,Nashik,Sinner,Wheat,Other,FAQ,1425,2040,1800,17-Aug-14
1128,Nashik,Sinner,Wheat,Other,FAQ,1725,1725,1725,14-Aug-14
1129,Nashik,Sinner,Wheat,Other,FAQ,1616,1751,1675,13-Aug-14
1130,Nashik,Sinner,Wheat,Other,FAQ,1624,1850,1700,11-Aug-14
1131,Nashik,Sinner,Wheat,Other,FAQ,1600,1901,1700,8-Aug-14
1132,Nashik,Sinner,Wheat,Other,FAQ,1600,1626,1610,6-Aug-14
1133,Nashik,Sinner,Wheat,Other,FAQ,1650,1881,1750,4-Aug-14
1134,Nashik,Sinner,Wheat,Other,FAQ,1600,1885,1750,3-Aug-14
1135,Nashik,Sinner,Wheat,Other,FAQ,1688,1751,1700,31-Jul-14
1136,Nashik,Sinner,Wheat,Other,FAQ,1642,1920,1650,28-Jul-14
1137,Nashik,Sinner,Wheat,Other,FAQ,1427,1925,1650,27-Jul-14
1138,Nashik,Sinner,Wheat,Other,FAQ,1647,1900,1750,24-Jul-14
1139,Nashik,Sinner,Wheat,Other,FAQ,1862,1891,1875,18-Jul-14
1140,Nashik,Sinner,Wheat,Other,FAQ,1650,1790,1725,17-Jul-14
1141,Nashik,Sinner,Wheat,Other,FAQ,1611,1826,1720,16-Jul-14
1142,Nashik,Sinner,Wheat,Other,FAQ,1500,1600,1550,14-Jul-14
1143,Nashik,Sinner,Wheat,Other,FAQ,1451,2000,1600,13-Jul-14
1144,Nashik,Sinner,Wheat,Other,FAQ,1751,1820,1795,11-Jul-14
1145,Nashik,Sinner,Wheat,Other,FAQ,1650,1676,1660,10-Jul-14
1146,Nashik,Sinner,Wheat,Other,FAQ,1520,1553,1525,7-Jul-14
1147,Nashik,Sinner,Wheat,Other,FAQ,1540,1961,1700,6-Jul-14
1148,Nashik,Sinner,Wheat,Other,FAQ,1431,1465,1431,4-Jul-14
1149,Nashik,Sinner,Wheat,Other,FAQ,1500,1742,1600,3-Jul-14
1150,Nashik,Sinner,Wheat,Other,FAQ,1418,1871,1650,4-Aug-13
1151,Nashik,Sinner,Wheat,Other,FAQ,1511,1600,1550,31-Jul-13
1152,Nashik,Sinner,Wheat,Other,FAQ,1502,1736,1600,29-Jul-13
1153,Nashik,Sinner,Wheat,Other,FAQ,1485,1900,1700,28-Jul-13
1154,Nashik,Sinner,Wheat,Other,FAQ,1600,1640,1620,26-Jul-13
1155,Nashik,Sinner,Wheat,Other,FAQ,1502,1585,1550,25-Jul-13
1156,Nashik,Sinner,Wheat,Other,FAQ,1530,1761,1600,24-Jul-13
1157,Nashik,Sinner,Wheat,Other,FAQ,1875,1875,1875,22-Jul-13
1158,Nashik,Sinner,Wheat,Other,FAQ,1500,1901,1700,21-Jul-13
1159,Nashik,Sinner,Wheat,Other,FAQ,1495,1751,1600,18-Jul-13
1160,Nashik,Sinner,Wheat,Other,FAQ,1500,1601,1550,15-Jul-13
1161,Nashik,Sinner,Wheat,Other,FAQ,1386,1871,1650,14-Jul-13
1162,Nashik,Sinner,Wheat,Other,FAQ,1400,1700,1650,12-Jul-13
1163,Nashik,Sinner,Wheat,Other,FAQ,1600,1725,1680,11-Jul-13
1164,Nashik,Sinner,Wheat,Other,FAQ,1640,1800,1750,10-Jul-13
1165,Nashik,Sinner,Wheat,Other,FAQ,1688,1711,1700,8-Jul-13
1166,Nashik,Sinner,Wheat,Other,FAQ,1600,1821,1750,7-Jul-13
1167,Nashik,Sinner,Wheat,Other,FAQ,1487,1487,1487,5-Jul-13
1168,Nashik,Sinner,Wheat,Other,FAQ,1500,1675,1600,4-Jul-13
1169,Nashik,Sinner,Wheat,Other,FAQ,1550,1681,1650,3-Jul-13
1170,Nashik,Sinner,Wheat,Other,FAQ,1692,1900,1750,1-Jul-13
1171,Nashik,Sinner,Wheat,Other,FAQ,1400,1921,1750,30-Jun-13
1172,Nashik,Sinner,Wheat,Other,FAQ,1600,1776,1700,27-Jun-13
1173,Nashik,Sinner,Wheat,Other,FAQ,1486,1800,1650,26-Jun-13
1174,Nashik,Sinner,Wheat,Other,FAQ,1540,1975,1750,24-Jun-13
1175,Nashik,Sinner,Wheat,Other,FAQ,1540,1941,1650,23-Jun-13
1176,Nashik,Sinner,Wheat,Other,FAQ,1600,1964,1800,21-Jun-13
1177,Nashik,Sinner,Wheat,Other,FAQ,1550,2000,1800,20-Jun-13
1178,Nashik,Sinner,Wheat,Other,FAQ,1665,2001,1850,19-Jun-13
1179,Nashik,Sinner,Wheat,Other,FAQ,1601,1817,1750,17-Jun-13
1180,Nashik,Sinner,Wheat,Other,FAQ,1400,2000,1750,16-Jun-13
1181,Nashik,Sinner,Wheat,Other,FAQ,1500,1782,1650,14-Jun-13
1182,Nashik,Sinner,Wheat,Other,FAQ,1611,1700,1660,12-Jun-13
1183,Nashik,Sinner,Wheat,Other,FAQ,1401,1950,1650,10-Jun-13
1184,Nashik,Sinner,Wheat,Other,FAQ,1371,2100,1800,9-Jun-13
1185,Nashik,Sinner,Wheat,Other,FAQ,1671,1916,1750,7-Jun-13
1186,Nashik,Sinner,Wheat,Other,FAQ,1601,1896,1750,6-Jun-13
1187,Nashik,Sinner,Wheat,Other,FAQ,1500,2000,1800,5-Jun-13
1188,Nashik,Sinner,Wheat,Other,FAQ,1600,1900,1750,3-Jun-13
1189,Nashik,Sinner,Wheat,Other,FAQ,1300,2000,1700,2-Jun-13
1190,Nashik,Sinner,Wheat,Other,FAQ,1732,1732,1732,31-May-13
1191,Nashik,Sinner,Wheat,Other,FAQ,1522,1522,1522,30-May-13
1192,Nashik,Sinner,Wheat,Other,FAQ,1540,2150,1850,29-May-13
1193,Nashik,Sinner,Wheat,Other,FAQ,1651,1795,1700,27-May-13
1194,Nashik,Sinner,Wheat,Other,FAQ,1500,2012,1800,26-May-13
1195,Nashik,Sinner,Wheat,Other,FAQ,1530,1699,1600,24-May-13
1196,Nashik,Sinner,Wheat,Other,FAQ,1650,1800,1700,23-May-13
1197,Nashik,Sinner,Wheat,Other,FAQ,1450,1741,1600,22-May-13
1198,Nashik,Sinner,Wheat,Other,FAQ,1485,1631,1500,20-May-13
1199,Nashik,Sinner,Wheat,Other,FAQ,1500,1951,1650,19-May-13
1200,Nashik,Sinner,Wheat,Other,FAQ,1470,1821,1700,17-May-13
1201,Nashik,Sinner,Wheat,Other,FAQ,1351,1900,1650,16-May-13
1202,Nashik,Sinner,Wheat,Other,FAQ,1401,1900,1650,15-May-13
1203,Nashik,Sinner,Wheat,Other,FAQ,1200,2000,1650,12-May-13
1204,Nashik,Sinner,Wheat,Other,FAQ,1738,1950,1850,10-May-13
1205,Nashik,Sinner,Wheat,Other,FAQ,1400,1750,1500,9-May-13
1206,Nashik,Sinner,Wheat,Other,FAQ,1665,2000,1750,8-May-13
1207,Nashik,Sinner,Wheat,Other,FAQ,1441,1860,1650,29-Apr-13
1208,Nashik,Sinner,Wheat,Other,FAQ,1400,1951,1650,22-Apr-13
1209,Nashik,Sinner,Wheat,Other,FAQ,1200,2016,1500,21-Apr-13
1210,Nashik,Sinner,Wheat,Other,FAQ,1425,2051,1800,8-Apr-13
1211,Nashik,Sinner,Wheat,Other,FAQ,1400,2025,1850,7-Apr-13
1212,Nashik,Sinner,Wheat,Other,FAQ,1360,1858,1700,5-Apr-13
1213,Nashik,Sinner,Wheat,Other,FAQ,1301,1880,1700,4-Apr-13
1214,Nashik,Sinner,Wheat,Other,FAQ,1410,1900,1650,3-Apr-13
1215,Nashik,Sinner,Wheat,Other,FAQ,1500,2001,1900,25-Mar-13
1216,Nashik,Sinner,Wheat,Other,FAQ,1350,2000,1650,24-Mar-13
1217,Nashik,Sinner,Wheat,Other,FAQ,1450,2025,1650,20-Mar-13
1218,Nashik,Sinner,Wheat,Other,FAQ,1425,1953,1650,18-Mar-13
1219,Nashik,Sinner,Wheat,Other,FAQ,1400,2100,1650,17-Mar-13
1220,Nashik,Sinner,Wheat,Other,FAQ,1412,1900,1650,15-Mar-13
1221,Nashik,Sinner,Wheat,Other,FAQ,1350,1800,1650,11-Mar-13
1222,Nashik,Sinner,Wheat,Other,FAQ,1400,1850,1650,28-Feb-13
1223,Nashik,Sinner,Wheat,Other,FAQ,1425,1835,1600,27-Feb-13
1224,Nashik,Sinner,Wheat,Other,FAQ,1350,1901,1650,24-Feb-13
1225,Nashik,Sinner,Wheat,Other,FAQ,1674,1840,1700,22-Feb-13
1226,Nashik,Sinner,Wheat,Other,FAQ,1432,1871,1600,21-Feb-13
1227,Nashik,Sinner,Wheat,Other,FAQ,1450,1880,1600,17-Feb-13
1228,Nashik,Sinner,Wheat,Other,FAQ,1466,1730,1600,15-Feb-13
1229,Nashik,Sinner,Wheat,Other,FAQ,1470,1785,1600,14-Feb-13
1230,Nashik,Sinner,Wheat,Other,FAQ,1350,1625,1525,13-Feb-13
1231,Nashik,Sinner,Wheat,Other,FAQ,1486,1726,1600,11-Feb-13
1232,Nashik,Sinner,Wheat,Other,FAQ,1450,1950,1600,10-Feb-13
1233,Nashik,Sinner,Wheat,Other,FAQ,1444,1651,1550,8-Feb-13
1234,Nashik,Sinner,Wheat,Other,FAQ,1300,1910,1600,7-Feb-13
1235,Nashik,Sinner,Wheat,Other,FAQ,1300,1750,1600,6-Feb-13
1236,Nashik,Sinner,Wheat,Other,FAQ,1450,2100,1700,4-Feb-13
1237,Nashik,Sinner,Wheat,Other,FAQ,1465,2100,1600,3-Feb-13
1238,Nashik,Sinner,Wheat,Other,FAQ,1520,1700,1600,1-Feb-13
1239,Nashik,Sinner,Wheat,Other,FAQ,1481,1725,1600,31-Jan-13
1240,Nashik,Sinner,Wheat,Other,FAQ,1475,1865,1600,30-Jan-13
1241,Nashik,Sinner,Wheat,Other,FAQ,1500,1950,1600,28-Jan-13
1242,Nashik,Sinner,Wheat,Other,FAQ,1436,1906,1600,27-Jan-13
1243,Nashik,Sinner,Wheat,Other,FAQ,1525,1949,1700,24-Jan-13
1244,Nashik,Sinner,Wheat,Other,FAQ,1451,1875,1650,23-Jan-13
1245,Nashik,Sinner,Wheat,Other,FAQ,1400,1951,1600,20-Jan-13
1246,Nashik,Sinner,Wheat,Other,FAQ,1450,1950,1600,18-Jan-13
1247,Nashik,Sinner,Wheat,Other,FAQ,1564,1775,1600,17-Jan-13
1248,Nashik,Sinner,Wheat,Other,FAQ,1450,2000,1600,16-Jan-13
1249,Nashik,Sinner,Wheat,Other,FAQ,1521,2000,1700,14-Jan-13
1250,Nashik,Sinner,Wheat,Other,FAQ,1435,2051,1600,13-Jan-13
1251,Nashik,Sinner,Wheat,Other,FAQ,1641,1836,1700,11-Jan-13
1252,Nashik,Sinner,Wheat,Other,FAQ,1514,2001,1600,10-Jan-13
1253,Nashik,Sinner,Wheat,Other,FAQ,1405,1951,1600,9-Jan-13
1254,Nashik,Sinner,Wheat,Other,FAQ,1490,2000,1600,31-Dec-12
1255,Nashik,Sinner,Wheat,Other,FAQ,1375,2075,1600,30-Dec-12
1256,Nashik,Sinner,Wheat,Other,FAQ,1471,1675,1550,28-Dec-12
1257,Nashik,Sinner,Wheat,Other,FAQ,1510,1724,1590,27-Dec-12
1258,Nashik,Sinner,Wheat,Other,FAQ,1500,1801,1600,26-Dec-12
1259,Nashik,Sinner,Wheat,Other,FAQ,1181,1830,1550,24-Dec-12
1260,Nashik,Sinner,Wheat,Other,FAQ,1470,2000,1850,23-Dec-12
1261,Nashik,Sinner,Wheat,Other,FAQ,1450,1900,1600,20-Dec-12
1262,Nashik,Sinner,Wheat,Other,FAQ,1450,1675,1600,19-Dec-12
1263,Nashik,Sinner,Wheat,Other,FAQ,1450,1900,1600,17-Dec-12
1264,Nashik,Sinner,Wheat,Other,FAQ,1325,2000,1600,9-Dec-12
1265,Nashik,Sinner,Wheat,Other,FAQ,1400,1600,1500,7-Dec-12
1266,Nashik,Sinner,Wheat,Other,FAQ,1300,1990,1600,6-Dec-12
1267,Nashik,Sinner,Wheat,Other,FAQ,1350,1902,1500,5-Dec-12
1268,Nashik,Sinner,Wheat,Other,FAQ,1250,1880,1600,30-Nov-12
1269,Nashik,Sinner,Wheat,Other,FAQ,1535,2074,1600,29-Nov-12
1270,Nashik,Sinner,Wheat,Other,FAQ,1500,1800,1500,28-Nov-12
1271,Nashik,Sinner,Wheat,Other,FAQ,1470,2011,1700,26-Nov-12
1272,Nashik,Sinner,Wheat,Other,FAQ,1200,2075,1700,25-Nov-12
1273,Nashik,Sinner,Wheat,Other,FAQ,1800,2000,1850,23-Nov-12
1274,Nashik,Sinner,Wheat,Other,FAQ,1550,2055,1800,22-Nov-12
1275,Nashik,Sinner,Wheat,Other,FAQ,1555,1900,1600,21-Nov-12
1276,Nashik,Sinner,Wheat,Other,FAQ,1495,1770,1650,19-Nov-12
1277,Nashik,Sinner,Wheat,Other,FAQ,1400,1925,1600,4-Nov-12
1278,Nashik,Sinner,Wheat,Other,FAQ,1355,1925,1600,2-Nov-12
1279,Nashik,Sinner,Wheat,Other,FAQ,1375,1899,1600,1-Nov-12
1280,Nashik,Sinner,Wheat,Other,FAQ,1500,1805,1700,31-Oct-12
1281,Nashik,Sinner,Wheat,Other,FAQ,1411,1840,1650,29-Oct-12
1282,Nashik,Sinner,Wheat,Other,FAQ,1300,1951,1700,28-Oct-12
1283,Nashik,Sinner,Wheat,Other,FAQ,1360,1800,1600,26-Oct-12
1284,Nashik,Sinner,Wheat,Other,FAQ,1630,1776,1650,25-Oct-12
1285,Nashik,Sinner,Wheat,Other,FAQ,1470,1651,1550,22-Oct-12
1286,Nashik,Sinner,Wheat,Other,FAQ,1100,1850,1500,21-Oct-12
1287,Nashik,Sinner,Wheat,Other,FAQ,1500,1500,1500,19-Oct-12
1288,Nashik,Sinner,Wheat,Other,FAQ,1200,1740,1450,18-Oct-12
1289,Nashik,Sinner,Wheat,Other,FAQ,1550,1622,1550,17-Oct-12
1290,Nashik,Sinner,Wheat,Other,FAQ,1369,1801,1600,15-Oct-12
1291,Nashik,Sinner,Wheat,Other,FAQ,1416,1900,1600,14-Oct-12
1292,Nashik,Sinner,Wheat,Other,FAQ,1620,1801,1650,12-Oct-12
1293,Nashik,Sinner,Wheat,Other,FAQ,1375,1631,1500,11-Oct-12
1294,Nashik,Sinner,Wheat,Other,FAQ,1101,1850,1600,10-Oct-12
1295,Nashik,Sinner,Wheat,Other,FAQ,1150,1841,1500,8-Oct-12
1296,Nashik,Sinner,Wheat,Other,FAQ,1275,1716,1450,7-Oct-12
1297,Nashik,Sinner,Wheat,Other,FAQ,1500,1666,1600,4-Oct-12
1298,Nashik,Sinner,Wheat,Other,FAQ,1390,1524,1500,3-Oct-12
1299,Nashik,Sinner,Wheat,Other,FAQ,1324,1390,1350,1-Oct-12
1300,Nashik,Sinner,Wheat,Other,FAQ,1200,1812,1600,30-Sep-12
1301,Nashik,Sinner,Wheat,Other,FAQ,1381,1381,1381,28-Sep-12
1302,Nashik,Sinner,Wheat,Other,FAQ,1542,1685,1600,27-Sep-12
1303,Nashik,Sinner,Wheat,Other,FAQ,1450,1726,1600,26-Sep-12
1304,Nashik,Sinner,Wheat,Other,FAQ,1466,1521,1500,24-Sep-12
1305,Nashik,Sinner,Wheat,Other,FAQ,1674,1801,1700,20-Sep-12
1306,Nashik,Sinner,Wheat,Other,FAQ,1400,1916,1500,17-Sep-12
1307,Nashik,Sinner,Wheat,Other,FAQ,1225,1800,1650,16-Sep-12
1308,Nashik,Sinner,Wheat,Other,FAQ,1725,1816,1750,13-Sep-12
1309,Nashik,Sinner,Wheat,Other,FAQ,1466,1711,1550,10-Sep-12
1310,Nashik,Sinner,Wheat,Other,FAQ,1425,1961,1700,9-Sep-12
1311,Nashik,Sinner,Wheat,Other,FAQ,1601,1650,1601,6-Sep-12
1312,Nashik,Sinner,Wheat,Other,FAQ,1456,1825,1700,5-Sep-12
1313,Nashik,Sinner,Wheat,Other,FAQ,1301,1911,1800,3-Sep-12
1314,Nashik,Sinner,Wheat,Other,FAQ,1550,1967,1850,2-Sep-12
1315,Nashik,Sinner,Wheat,Other,FAQ,1475,1925,1700,26-Aug-12
1316,Nashik,Sinner,Wheat,Other,FAQ,1400,1805,1550,19-Aug-12
1317,Nashik,Sinner,Wheat,Other,FAQ,1615,1615,1615,16-Aug-12
1318,Nashik,Sinner,Wheat,Other,FAQ,1399,1775,1650,12-Aug-12
1319,Nashik,Sinner,Wheat,Other,FAQ,1421,1701,1550,8-Aug-12
1320,Nashik,Sinner,Wheat,Other,FAQ,1401,1401,1401,6-Aug-12
1321,Nashik,Sinner,Wheat,Other,FAQ,1300,1900,1650,5-Aug-12
1322,Nashik,Sinner,Wheat,Other,FAQ,1505,1715,1575,1-Aug-12
1323,Nashik,Sinner,Wheat,Other,FAQ,1571,1720,1600,30-Jul-12
1324,Nashik,Sinner,Wheat,Other,FAQ,1300,1800,1500,29-Jul-12
1325,Nashik,Sinner,Wheat,Other,FAQ,1450,1750,1500,25-Jul-12
1326,Nashik,Sinner,Wheat,Other,FAQ,1400,1801,1600,22-Jul-12
1327,Nashik,Sinner,Wheat,Other,FAQ,1275,1670,1400,19-Jul-12
1328,Nashik,Sinner,Wheat,Other,FAQ,1401,1401,1401,16-Jul-12
1329,Nashik,Sinner,Wheat,Other,FAQ,1250,1601,1400,15-Jul-12
1330,Nashik,Sinner,Wheat,Other,FAQ,1300,1651,1500,12-Jul-12
1331,Nashik,Sinner,Wheat,Other,FAQ,1174,1174,1174,11-Jul-12
1332,Nashik,Sinner,Wheat,Other,FAQ,1401,1401,1401,9-Jul-12
1333,Nashik,Sinner,Wheat,Other,FAQ,1201,1585,1400,8-Jul-12
1334,Nashik,Sinner,Wheat,Other,FAQ,1461,1500,1475,5-Jul-12
1335,Nashik,Sinner,Wheat,Other,FAQ,1225,1622,1400,4-Jul-12
1336,Nashik,Sinner,Wheat,Other,FAQ,1200,1551,1400,18-Jun-12
1337,Nashik,Sinner,Wheat,Other,FAQ,1186,1500,1300,11-Jun-12
1338,Nashik,Sinner,Wheat,Other,FAQ,1175,1551,1350,10-Jun-12
1339,Nashik,Sinner,Wheat,Other,FAQ,1272,1426,1350,6-Jun-12
1340,Nashik,Sinner,Wheat,Other,FAQ,1110,1575,1400,4-Jun-12
1341,Nashik,Sinner,Wheat,Other,FAQ,1170,1600,1350,3-Jun-12
1342,Nashik,Sinner,Wheat,Other,FAQ,1236,1506,1350,1-Jun-12
1343,Nashik,Sinner,Wheat,Other,FAQ,1170,1470,1300,31-May-12
1344,Nashik,Sinner,Wheat,Other,FAQ,1225,1475,1400,28-May-12
1345,Nashik,Sinner,Wheat,Other,FAQ,1200,1600,1400,27-May-12
1346,Nashik,Sinner,Wheat,Other,FAQ,1189,1575,1400,24-May-12
1347,Nashik,Sinner,Wheat,Other,FAQ,1194,1700,1500,20-May-12
1348,Nashik,Sinner,Wheat,Other,FAQ,1216,1475,1275,18-May-12
1349,Nashik,Sinner,Wheat,Other,FAQ,1251,1600,1300,17-May-12
1350,Nashik,Sinner,Wheat,Other,FAQ,1130,1600,1450,16-May-12
1351,Nashik,Sinner,Wheat,Other,FAQ,1180,1600,1300,14-May-12
1352,Nashik,Sinner,Wheat,Other,FAQ,1200,1525,1300,13-May-12
1353,Nashik,Sinner,Wheat,Other,FAQ,1125,1467,1300,10-May-12
1354,Nashik,Sinner,Wheat,Other,FAQ,1165,1400,1250,9-May-12
1355,Nashik,Sinner,Wheat,Other,FAQ,1150,1361,1250,7-May-12
1356,Nashik,Sinner,Wheat,Other,FAQ,1160,1485,1250,6-May-12
1357,Nashik,Sinner,Wheat,Other,FAQ,1150,1551,1300,4-May-12
1358,Nashik,Sinner,Wheat,Other,FAQ,1111,1516,1250,2-May-12
1359,Nashik,Sinner,Wheat,Other,FAQ,1140,1451,1300,30-Apr-12
1360,Nashik,Sinner,Wheat,Other,FAQ,1100,1601,1400,29-Apr-12
1361,Nashik,Sinner,Wheat,Other,FAQ,1300,1300,1300,27-Apr-12
1362,Nashik,Sinner,Wheat,Other,FAQ,1155,1581,1350,25-Apr-12
1363,Nashik,Sinner,Wheat,Other,FAQ,1165,1500,1350,20-Apr-12
1364,Nashik,Sinner,Wheat,Other,FAQ,1210,1591,1400,19-Apr-12
1365,Nashik,Sinner,Wheat,Other,FAQ,1190,1441,1300,18-Apr-12
1366,Nashik,Sinner,Wheat,Other,FAQ,1200,1541,1300,16-Apr-12
1367,Nashik,Sinner,Wheat,Other,FAQ,1150,1656,1350,15-Apr-12
1368,Nashik,Sinner,Wheat,Other,FAQ,1215,1565,1400,13-Apr-12
1369,Nashik,Sinner,Wheat,Other,FAQ,1181,1641,1350,11-Apr-12
1370,Nashik,Sinner,Wheat,Other,FAQ,1100,1661,1300,25-Mar-12
1371,Nashik,Sinner,Wheat,Other,FAQ,1174,1403,1250,22-Mar-12
1372,Nashik,Sinner,Wheat,Other,FAQ,1150,1476,1300,21-Mar-12
1373,Nashik,Sinner,Wheat,Other,FAQ,1300,1451,1301,16-Mar-12
1374,Nashik,Sinner,Wheat,Other,FAQ,1150,1400,1200,15-Mar-12
1375,Nashik,Sinner,Wheat,Other,FAQ,1168,1470,1200,14-Mar-12
1376,Nashik,Sinner,Wheat,Other,FAQ,1150,1463,1200,5-Mar-12
1377,Nashik,Sinner,Wheat,Other,FAQ,1100,1440,1300,4-Mar-12
1378,Nashik,Sinner,Wheat,Other,FAQ,1290,1290,1290,2-Mar-12
1379,Nashik,Sinner,Wheat,Other,FAQ,1154,1451,1325,1-Mar-12
1380,Nashik,Sinner,Wheat,Other,FAQ,1150,1451,1200,23-Feb-12
1381,Nashik,Sinner,Wheat,Other,FAQ,1335,1428,1350,17-Feb-12
1382,Nashik,Sinner,Wheat,Other,FAQ,1120,1421,1200,16-Feb-12
1383,Nashik,Sinner,Wheat,Other,FAQ,1100,1365,1200,15-Feb-12
1384,Nashik,Sinner,Wheat,Other,FAQ,1150,1476,1200,13-Feb-12
1385,Nashik,Sinner,Wheat,Other,FAQ,1155,1370,1250,9-Feb-12
1386,Nashik,Sinner,Wheat,Other,FAQ,1150,1150,1150,8-Feb-12
1387,Nashik,Sinner,Wheat,Other,FAQ,1150,1430,1200,6-Feb-12
1388,Nashik,Sinner,Wheat,Other,FAQ,1125,1451,1250,5-Feb-12
1389,Nashik,Sinner,Wheat,Other,FAQ,1300,1500,1350,30-Jan-12
1390,Nashik,Sinner,Wheat,Other,FAQ,1125,1441,1250,29-Jan-12
1391,Nashik,Sinner,Wheat,Other,FAQ,1136,1430,1250,27-Jan-12
1392,Nashik,Sinner,Wheat,Other,FAQ,1175,1370,1250,23-Jan-12
1393,Nashik,Sinner,Wheat,Other,FAQ,1135,1461,1250,22-Jan-12
1394,Nashik,Sinner,Wheat,Other,FAQ,1130,1466,1250,19-Jan-12
1395,Nashik,Sinner,Wheat,Other,FAQ,1200,1475,1250,18-Jan-12
1396,Nashik,Sinner,Wheat,Other,FAQ,1135,1425,1250,16-Jan-12
1397,Nashik,Sinner,Wheat,Other,FAQ,1100,1418,1250,15-Jan-12
1398,Nashik,Sinner,Wheat,Other,FAQ,1152,1445,1275,13-Jan-12
1399,Nashik,Sinner,Wheat,Other,FAQ,1112,1500,1250,11-Jan-12
1400,Nashik,Sinner,Wheat,Other,FAQ,1160,1310,1200,6-Jan-12
1401,Nashik,Sinner,Wheat,Other,FAQ,1145,1531,1250,5-Jan-12
1402,Nashik,Sinner,Wheat,Other,FAQ,1100,1371,1200,2-Jan-12
1403,Nashik,Sinner,Wheat,Other,FAQ,1095,1441,1250,1-Jan-12
1404,Nashik,Sinner,Wheat,Other,FAQ,1165,1405,1250,30-Dec-11
1405,Nashik,Sinner,Wheat,Other,FAQ,1101,1441,1200,29-Dec-11
1406,Nashik,Sinner,Wheat,Other,FAQ,1110,1451,1250,28-Dec-11
1407,Nashik,Sinner,Wheat,Other,FAQ,1100,1501,1200,26-Dec-11
1408,Nashik,Sinner,Wheat,Other,FAQ,1311,1311,1311,23-Dec-11
1409,Nashik,Sinner,Wheat,Other,FAQ,1125,1351,1200,16-Dec-11
1410,Nashik,Sinner,Wheat,Other,FAQ,1090,1425,1250,15-Dec-11
1411,Nashik,Sinner,Wheat,Other,FAQ,1100,1475,1250,14-Dec-11
1412,Nashik,Sinner,Wheat,Other,FAQ,1210,1210,1210,9-Dec-11
1413,Nashik,Sinner,Wheat,Other,FAQ,1125,1457,1250,7-Dec-11
1414,Nashik,Sinner,Wheat,Other,FAQ,1146,1351,1200,5-Dec-11
1415,Nashik,Sinner,Wheat,Other,FAQ,1100,1380,1200,28-Nov-11
1416,Nashik,Sinner,Wheat,Other,FAQ,1150,1351,1250,24-Nov-11
1417,Nashik,Sinner,Wheat,Other,FAQ,1140,1455,1250,23-Nov-11
1418,Nashik,Sinner,Wheat,Other,FAQ,1100,1461,1200,20-Nov-11
1419,Nashik,Sinner,Wheat,Other,FAQ,1136,1301,1200,16-Nov-11
1420,Nashik,Sinner,Wheat,Other,FAQ,1086,1425,1200,10-Nov-11
1421,Nashik,Sinner,Wheat,Other,FAQ,1100,1290,1200,7-Nov-11
1422,Nashik,Sinner,Wheat,Other,FAQ,1080,1351,1100,2-Nov-11
1423,Nashik,Sinner,Wheat,Other,FAQ,1090,1291,1200,22-Sep-11
1424,Nashik,Sinner,Wheat,Other,FAQ,1100,1300,1150,18-Sep-11
1425,Nashik,Sinner,Wheat,Other,FAQ,1115,1200,1175,7-Sep-11
1426,Nashik,Sinner,Wheat,Other,FAQ,1100,1275,1200,5-Sep-11
1427,Nashik,Sinner,Wheat,Other,FAQ,1115,1235,1200,29-Aug-11
1428,Nashik,Sinner,Wheat,Other,FAQ,1150,1205,1175,25-Aug-11
1429,Nashik,Sinner,Wheat,Other,FAQ,1189,1271,1200,17-Aug-11
1430,Nashik,Sinner,Wheat,Other,FAQ,1145,1305,1200,14-Aug-11
1431,Nashik,Sinner,Wheat,Other,FAQ,1174,1261,1225,11-Aug-11
1432,Nashik,Sinner,Wheat,Other,FAQ,1191,1233,1200,10-Aug-11
1433,Nashik,Sinner,Wheat,Other,FAQ,1155,1400,1250,8-Aug-11
1434,Nashik,Sinner,Wheat,Other,FAQ,1177,1262,1250,1-Aug-11
1435,Nashik,Sinner,Wheat,Other,FAQ,1175,1400,1250,31-Jul-11
1436,Nashik,Sinner,Wheat,Other,FAQ,1160,1296,1225,28-Jul-11
1437,Nashik,Sinner,Wheat,Other,FAQ,1175,1370,1275,27-Jul-11
1438,Nashik,Sinner,Wheat,Other,FAQ,1162,1310,1200,20-Jul-11
1439,Nashik,Sinner,Wheat,Other,FAQ,1100,1375,1225,17-Jul-11
1440,Nashik,Sinner,Wheat,Other,FAQ,1151,1356,1250,14-Jul-11
1441,Nashik,Sinner,Wheat,Other,FAQ,1100,1351,1200,6-Jul-11
1442,Nashik,Sinner,Wheat,Other,FAQ,1125,1260,1200,4-Jul-11
1443,Nashik,Sinner,Wheat,Other,FAQ,1115,1400,1200,3-Jul-11
1444,Nashik,Sinner,Wheat,Other,FAQ,1085,1275,1100,30-Jun-11
1445,Nashik,Sinner,Wheat,Other,FAQ,1125,1375,1200,29-Jun-11
1446,Nashik,Sinner,Wheat,Other,FAQ,1150,1351,1200,27-Jun-11
1447,Nashik,Sinner,Wheat,Other,FAQ,1110,1346,1250,23-Jun-11
1448,Nashik,Sinner,Wheat,Other,FAQ,1140,1351,1250,22-Jun-11
1449,Nashik,Sinner,Wheat,Other,FAQ,1120,1351,1150,20-Jun-11
1450,Nashik,Sinner,Wheat,Other,FAQ,1100,1451,1250,19-Jun-11
1451,Nashik,Sinner,Wheat,Other,FAQ,1120,1451,1200,16-Jun-11
1452,Nashik,Sinner,Wheat,Other,FAQ,1115,1381,1200,13-Jun-11
1453,Nashik,Sinner,Wheat,Other,FAQ,1095,1305,1200,8-Jun-11
1454,Nashik,Sinner,Wheat,Other,FAQ,1100,1375,1200,30-May-11
1455,Nashik,Sinner,Wheat,Other,FAQ,1100,1355,1170,29-May-11
1456,Nashik,Sinner,Wheat,Other,FAQ,1105,1541,1250,25-May-11
1457,Nashik,Sinner,Wheat,Other,FAQ,1111,1500,1300,23-May-11
1458,Nashik,Sinner,Wheat,Other,FAQ,1105,1500,1150,22-May-11
1459,Nashik,Sinner,Wheat,Other,FAQ,1150,1625,1350,19-May-11
1460,Nashik,Sinner,Wheat,Other,FAQ,1111,1451,1275,18-May-11
1461,Nashik,Sinner,Wheat,Other,FAQ,1111,1501,1250,16-May-11
1462,Nashik,Sinner,Wheat,Other,FAQ,1100,1612,1250,15-May-11
1463,Nashik,Sinner,Wheat,Other,FAQ,1100,1451,1200,12-May-11
1464,Nashik,Sinner,Wheat,Other,FAQ,1150,1350,1200,11-May-11
1465,Nashik,Sinner,Wheat,Other,FAQ,1100,1485,1200,8-May-11
1466,Nashik,Sinner,Wheat,Other,FAQ,1090,1525,1250,28-Apr-11
1467,Nashik,Sinner,Wheat,Other,FAQ,1150,1366,1200,25-Apr-11
1468,Nashik,Sinner,Wheat,Other,FAQ,1100,1525,1250,24-Apr-11
1469,Nashik,Sinner,Wheat,Other,FAQ,1135,1500,1200,13-Apr-11
1470,Nashik,Sinner,Wheat,Other,FAQ,1125,1425,1250,17-Mar-11
1471,Nashik,Sinner,Wheat,Other,FAQ,1106,1425,1300,16-Mar-11
1472,Nashik,Sinner,Wheat,Other,FAQ,1151,1516,1350,23-Feb-11
1473,Nashik,Sinner,Wheat,Other,FAQ,1100,1411,1275,21-Feb-11
1474,Nashik,Sinner,Wheat,Other,FAQ,1126,1452,1300,20-Feb-11
1475,Nashik,Sinner,Wheat,Other,FAQ,1150,1500,1275,10-Feb-11
1476,Nashik,Sinner,Wheat,Other,FAQ,1151,1499,1300,9-Feb-11
1477,Nashik,Sinner,Wheat,Other,FAQ,1100,1450,1300,7-Feb-11
1478,Nashik,Sinner,Wheat,Other,FAQ,1175,1887,1350,3-Feb-11
1479,Nashik,Sinner,Wheat,Other,FAQ,1200,1500,1350,31-Jan-11
1480,Nashik,Sinner,Wheat,Other,FAQ,1200,1575,1350,30-Jan-11
1481,Nashik,Sinner,Wheat,Other,FAQ,1300,1551,1400,27-Jan-11
1482,Nashik,Sinner,Wheat,Other,FAQ,1275,1601,1400,17-Jan-11
1483,Nashik,Sinner,Wheat,Other,FAQ,1285,1451,1300,6-Jan-11
1484,Nashik,Sinner,Wheat,Other,FAQ,1231,1440,1300,3-Jan-11
1485,Nashik,Sinner,Wheat,Other,FAQ,1200,1475,1300,2-Jan-11
1486,Nashik,Sinner,Wheat,Other,FAQ,1270,1452,1300,30-Dec-10
1487,Nashik,Sinner,Wheat,Other,FAQ,1250,1450,1300,29-Dec-10
1488,Nashik,Sinner,Wheat,Other,FAQ,1196,1526,1350,26-Dec-10
1489,Nashik,Sinner,Wheat,Other,FAQ,1200,1425,1300,22-Dec-10
1490,Nashik,Sinner,Wheat,Other,FAQ,1200,1400,1300,20-Dec-10
1491,Nashik,Sinner,Wheat,Other,FAQ,1200,1450,1300,19-Dec-10
1492,Nashik,Sinner,Wheat,Other,FAQ,1100,1400,1300,13-Dec-10
1493,Nashik,Sinner,Wheat,Other,FAQ,1111,1474,1320,12-Dec-10
1494,Nashik,Sinner,Wheat,Other,FAQ,1200,1467,1250,2-Dec-10
1495,Nashik,Sinner,Wheat,Other,FAQ,1200,1400,1250,1-Dec-10
1496,Nashik,Sinner,Wheat,Other,FAQ,1150,1465,1300,28-Nov-10
1497,Nashik,Sinner,Wheat,Other,FAQ,1200,1450,1300,22-Nov-10
1498,Nashik,Sinner,Wheat,Other,FAQ,1200,1475,1300,15-Nov-10
1499,Nashik,Sinner,Wheat,Other,FAQ,1200,1521,1300,21-Oct-10
1500,Nashik,Sinner,Wheat,Other,FAQ,1150,1400,1300,4-Oct-10
1501,Nashik,Sinner,Wheat,Other,FAQ,1100,1426,1320,30-Sep-10
1502,Nashik,Sinner,Wheat,Other,FAQ,1230,1351,1300,29-Sep-10
1503,Nashik,Sinner,Wheat,Other,FAQ,1150,1521,1300,27-Sep-10
1504,Nashik,Sinner,Wheat,Other,FAQ,1191,1496,1320,23-Sep-10
1505,Nashik,Sinner,Wheat,Other,FAQ,1225,1397,1300,20-Sep-10
1506,Nashik,Sinner,Wheat,Other,FAQ,1200,1525,1275,19-Sep-10
1507,Nashik,Sinner,Wheat,Other,FAQ,1201,1524,1300,16-Sep-10
1508,Nashik,Sinner,Wheat,Other,FAQ,1221,1500,1300,15-Sep-10
1509,Nashik,Sinner,Wheat,Other,FAQ,1229,1525,1300,13-Sep-10
1510,Nashik,Sinner,Wheat,Other,FAQ,1259,1517,1300,9-Sep-10
1511,Nashik,Sinner,Wheat,Other,FAQ,1100,1461,1300,6-Sep-10
1512,Nashik,Sinner,Wheat,Other,FAQ,1200,1381,1250,5-Sep-10
1513,Nashik,Sinner,Wheat,Other,FAQ,1209,1431,1280,2-Sep-10
1514,Nashik,Sinner,Wheat,Other,FAQ,1090,1470,1270,1-Sep-10
1515,Nashik,Sinner,Wheat,Other,FAQ,1231,1461,1275,30-Aug-10
1516,Nashik,Sinner,Wheat,Other,FAQ,1150,1494,1250,29-Aug-10
1517,Nashik,Sinner,Wheat,Other,FAQ,1226,1451,1275,25-Aug-10
1518,Nashik,Sinner,Wheat,Other,FAQ,1150,1385,1300,23-Aug-10
1519,Nashik,Sinner,Wheat,Other,FAQ,1150,1491,1300,18-Aug-10
1520,Nashik,Sinner,Wheat,Other,FAQ,1250,1515,1300,16-Aug-10
1521,Nashik,Sinner,Wheat,Other,FAQ,1200,1500,1300,12-Aug-10
1522,Nashik,Sinner,Wheat,Other,FAQ,1200,1492,1300,11-Aug-10
1523,Nashik,Sinner,Wheat,Other,FAQ,1150,1475,1300,8-Aug-10
1524,Nashik,Sinner,Wheat,Other,FAQ,1241,1493,1300,5-Aug-10
1525,Nashik,Sinner,Wheat,Other,FAQ,1250,1425,1300,4-Aug-10
1526,Nashik,Sinner,Wheat,Other,FAQ,1271,1379,1300,29-Jul-10
1527,Nashik,Sinner,Wheat,Other,FAQ,1285,1432,1350,28-Jul-10
1528,Nashik,Sinner,Wheat,Other,FAQ,1250,1396,1300,26-Jul-10
1529,Nashik,Sinner,Wheat,Other,FAQ,1250,1380,1300,25-Jul-10
1530,Nashik,Sinner,Wheat,Other,FAQ,1215,1451,1350,22-Jul-10
1531,Nashik,Sinner,Wheat,Other,FAQ,1100,1350,1250,19-Jul-10
1532,Nashik,Sinner,Wheat,Other,FAQ,1200,1405,1250,18-Jul-10
1533,Nashik,Sinner,Wheat,Other,FAQ,1100,1411,1250,12-Jul-10
1534,Nashik,Sinner,Wheat,Other,FAQ,1100,1386,1250,8-Jul-10
1535,Nashik,Sinner,Wheat,Other,FAQ,1200,1410,1250,7-Jul-10
1536,Nashik,Sinner,Wheat,Other,FAQ,1230,1285,1250,5-Jul-10
1537,Nashik,Sinner,Wheat,Other,FAQ,1218,1457,1350,4-Jul-10
1538,Nashik,Sinner,Wheat,Other,FAQ,1201,1511,1250,1-Jul-10
1539,Nashik,Sinner,Wheat,Other,FAQ,1200,1420,1300,16-Jun-10
1540,Nashik,Sinner,Wheat,Other,FAQ,1175,1622,1300,14-Jun-10
1541,Nashik,Sinner,Wheat,Other,FAQ,1100,1600,1275,13-Jun-10
1542,Nashik,Sinner,Wheat,Other,FAQ,1225,1517,1325,10-Jun-10
1543,Nashik,Sinner,Wheat,Other,FAQ,1150,1370,1250,9-Jun-10
1544,Nashik,Sinner,Wheat,Other,FAQ,1100,1502,1350,7-Jun-10
1545,Nashik,Sinner,Wheat,Other,FAQ,1150,1500,1350,6-Jun-10
1546,Nashik,Sinner,Wheat,Other,FAQ,1175,1551,1275,3-Jun-10
1547,Nashik,Sinner,Wheat,Other,FAQ,1200,1540,1275,2-Jun-10
1548,Nashik,Sinner,Wheat,Other,FAQ,1150,1400,1250,31-May-10
1549,Nashik,Sinner,Wheat,Other,FAQ,1240,1570,1275,30-May-10
1550,Nashik,Sinner,Wheat,Other,FAQ,1171,1570,1250,27-May-10
1551,Nashik,Sinner,Wheat,Other,FAQ,1200,1413,1250,26-May-10
1552,Nashik,Sinner,Wheat,Other,FAQ,1140,1525,1250,24-May-10
1553,Nashik,Sinner,Wheat,Other,FAQ,1190,1475,1250,23-May-10
1554,Nashik,Sinner,Wheat,Other,FAQ,1120,1501,1250,19-May-10
1555,Nashik,Sinner,Wheat,Other,FAQ,1125,1525,1250,17-May-10
1556,Nashik,Sinner,Wheat,Other,FAQ,1125,1525,1250,12-May-10
1557,Nashik,Sinner,Wheat,Other,FAQ,1120,1461,1250,10-May-10
1558,Nashik,Sinner,Wheat,Other,FAQ,1150,1475,1250,6-May-10
1559,Nashik,Sinner,Wheat,Other,FAQ,1100,1530,1350,28-Apr-10
1560,Nashik,Sinner,Wheat,Other,FAQ,1100,1600,1400,21-Apr-10
1561,Nashik,Sinner,Wheat,Other,FAQ,1150,1651,1400,19-Apr-10
1562,Nashik,Sinner,Wheat,Other,FAQ,1150,1700,1400,18-Apr-10
1563,Nashik,Sinner,Wheat,Other,FAQ,1100,1500,1300,15-Apr-10
1564,Nashik,Sinner,Wheat,Other,FAQ,1110,1615,1250,7-Apr-10
1565,Nashik,Sinner,Wheat,Other,FAQ,1119,1434,1250,25-Mar-10
1566,Nashik,Sinner,Wheat,Other,FAQ,1125,1600,1250,18-Mar-10
1567,Nashik,Sinner,Wheat,Other,FAQ,1175,1423,1275,17-Mar-10
1568,Nashik,Sinner,Wheat,Other,FAQ,1100,1431,1250,14-Mar-10
1569,Nashik,Sinner,Wheat,Other,FAQ,1100,1462,1250,11-Mar-10
1570,Nashik,Sinner,Wheat,Other,FAQ,1150,1343,1250,10-Mar-10
1571,Nashik,Sinner,Wheat,Other,FAQ,1122,1501,1350,25-Feb-10
1572,Nashik,Sinner,Wheat,Other,FAQ,1100,1455,1350,24-Feb-10
1573,Nashik,Sinner,Wheat,Other,FAQ,1100,1515,1375,21-Feb-10
1574,Nashik,Sinner,Wheat,Other,FAQ,1271,1531,1400,18-Feb-10
1575,Nashik,Sinner,Wheat,Other,FAQ,1225,1570,1400,17-Feb-10
1576,Nashik,Sinner,Wheat,Other,FAQ,1275,1500,1400,15-Feb-10
1577,Nashik,Sinner,Wheat,Other,FAQ,1250,1522,1350,14-Feb-10
1578,Nashik,Sinner,Wheat,Other,FAQ,1250,1500,1350,11-Feb-10
1579,Nashik,Sinner,Wheat,Other,FAQ,1150,1500,1350,10-Feb-10
1580,Nashik,Sinner,Wheat,Other,FAQ,1100,1500,1400,8-Feb-10
1581,Nashik,Sinner,Wheat,Other,FAQ,1250,1500,1400,7-Feb-10
1582,Nashik,Sinner,Wheat,Other,FAQ,1100,1600,1400,4-Feb-10
1583,Nashik,Sinner,Wheat,Other,FAQ,1150,1525,1400,3-Feb-10
1584,Nashik,Sinner,Wheat,Other,FAQ,1100,1571,1300,1-Feb-10
1585,Nashik,Sinner,Wheat,Other,FAQ,1100,1500,1400,31-Jan-10
1586,Nashik,Sinner,Wheat,Other,FAQ,1151,1570,1400,28-Jan-10
1587,Nashik,Sinner,Wheat,Other,FAQ,1190,1575,1400,27-Jan-10
1588,Nashik,Sinner,Wheat,Other,FAQ,1200,1600,1450,25-Jan-10
1589,Nashik,Sinner,Wheat,Other,FAQ,1300,1600,1475,24-Jan-10
1590,Nashik,Sinner,Wheat,Other,FAQ,1311,1710,1500,21-Jan-10
1591,Nashik,Sinner,Wheat,Other,FAQ,1200,1701,1500,20-Jan-10
1592,Nashik,Sinner,Wheat,Other,FAQ,1250,1751,1500,18-Jan-10
1593,Nashik,Sinner,Wheat,Other,FAQ,1200,1724,1575,17-Jan-10
1594,Nashik,Sinner,Wheat,Other,FAQ,1275,1665,1550,14-Jan-10
1595,Nashik,Sinner,Wheat,Other,FAQ,1275,1630,1500,13-Jan-10
1596,Nashik,Sinner,Wheat,Other,FAQ,1350,1636,1500,11-Jan-10
1597,Nashik,Sinner,Wheat,Other,FAQ,1376,1701,1500,10-Jan-10
1598,Nashik,Sinner,Wheat,Other,FAQ,1325,1612,1500,7-Jan-10
1599,Nashik,Sinner,Wheat,Other,FAQ,1300,1625,1500,6-Jan-10
1600,Nashik,Sinner,Wheat,Other,FAQ,1395,1784,1500,4-Jan-10
1601,Nashik,Sinner,Wheat,Other,FAQ,1325,1675,1500,3-Jan-10
